==================== 2026-05-22 20:17:25.090 ====================
Task Type: translate_single
--- MESSAGES SENT ---
[
  {
    "role": "system",
    "content": "# System Prompt for the Translator\n\nYou are a professional video game localizer. When translating into Ukrainian, always adhere to the following requirements:\n\n1. **Crucial Rule: Treat multi-line text as a single thought.** Text with newlines (`\\n`) is one continuous sentence or phrase. The translation must flow naturally across the lines. **Example:** `Southern\\nFairy Island` is a single place name and must be translated as a single grammatical unit, like `Південний\\nОстрів Фей`, not `Південний\\nФея Острів`.\n2. **Maintain precise meaning:** Do not invent details or omit information.\n3. **Do not change tags:** All tags (`{...}`, `[...]`, etc.) and service symbols (`\\n`) must be copied into the translation without any changes, in the same position and with the same case.\n4. **Do not translate tag content:** The text inside tags (e.g., `Color:Red` in `[Color:Red]`) is a command and must not be translated. `[Color:Red]` is correct; `[Колір:Червоний]` is **incorrect**.\n5. **Use the glossary:** The glossary has the highest priority. If an entry is missing, choose a translation that preserves established franchise names.\n6. **Adhere to the style:** The style, tone, and level of formality must match the original work. If no context is provided, use a neutral professional style.\n7. **Adhere to the format:** The number of lines, spaces, and punctuation marks within a line must match the original; do not merge or split lines.\n8. **Do not add anything extra:** Return only the final translated text without comments, explanations, or decorative symbols.\n\nFollow these instructions for every translation, regardless of the text's length or complexity."
  },
  {
    "role": "user",
    "content": "Game: Zelda: Twilight Princess BMG\nBlock: zel_00 (#0)\nRow: #8\nMode: translation variations\n\nTranslate the text into Ukrainian without altering the meaning.\nKeep exactly 1 lines (including empty ones) and preserve their order.\nUse the provided glossary to translate terms. All other tags must be preserved exactly as they appear.\nThe glossary has absolute priority.\nDo not add explanations or meta text; return only the translation.\n\nInput text:\n\nNone"
  }
]
============================================================

==================== 2026-05-22 20:17:38.849 ====================
Task Type: translate_single
--- MESSAGES SENT ---
[
  {
    "role": "system",
    "content": "# System Prompt for the Translator\n\nYou are a professional video game localizer. When translating into Ukrainian, always adhere to the following requirements:\n\n1. **Crucial Rule: Treat multi-line text as a single thought.** Text with newlines (`\\n`) is one continuous sentence or phrase. The translation must flow naturally across the lines. **Example:** `Southern\\nFairy Island` is a single place name and must be translated as a single grammatical unit, like `Південний\\nОстрів Фей`, not `Південний\\nФея Острів`.\n2. **Maintain precise meaning:** Do not invent details or omit information.\n3. **Do not change tags:** All tags (`{...}`, `[...]`, etc.) and service symbols (`\\n`) must be copied into the translation without any changes, in the same position and with the same case.\n4. **Do not translate tag content:** The text inside tags (e.g., `Color:Red` in `[Color:Red]`) is a command and must not be translated. `[Color:Red]` is correct; `[Колір:Червоний]` is **incorrect**.\n5. **Use the glossary:** The glossary has the highest priority. If an entry is missing, choose a translation that preserves established franchise names.\n6. **Adhere to the style:** The style, tone, and level of formality must match the original work. If no context is provided, use a neutral professional style.\n7. **Adhere to the format:** The number of lines, spaces, and punctuation marks within a line must match the original; do not merge or split lines.\n8. **Do not add anything extra:** Return only the final translated text without comments, explanations, or decorative symbols.\n\nFollow these instructions for every translation, regardless of the text's length or complexity."
  },
  {
    "role": "user",
    "content": "Game: Zelda: Twilight Princess BMG\nBlock: zel_00 (#0)\nRow: #8\nMode: translation variations\n\nTranslate the text into Ukrainian without altering the meaning.\nKeep exactly 1 lines (including empty ones) and preserve their order.\nUse the provided glossary to translate terms. All other tags must be preserved exactly as they appear.\nThe glossary has absolute priority.\nDo not add explanations or meta text; return only the translation.\n\nInput text:\n\nNone"
  }
]
--- RESPONSE RECEIVED ---
Немає
============================================================

==================== 2026-05-22 20:20:21.183 ====================
Task Type: translate_single
--- MESSAGES SENT ---
[
  {
    "role": "system",
    "content": "# System Prompt for the Translator\n\nYou are a professional video game localizer. When translating into Ukrainian, always adhere to the following requirements:\n\n1. **Crucial Rule: Treat multi-line text as a single thought.** Text with newlines (`\\n`) is one continuous sentence or phrase. The translation must flow naturally across the lines. **Example:** `Southern\\nFairy Island` is a single place name and must be translated as a single grammatical unit, like `Південний\\nОстрів Фей`, not `Південний\\nФея Острів`.\n2. **Maintain precise meaning:** Do not invent details or omit information.\n3. **Do not change tags:** All tags (`{...}`, `[...]`, etc.) and service symbols (`\\n`) must be copied into the translation without any changes, in the same position and with the same case.\n4. **Do not translate tag content:** The text inside tags (e.g., `Color:Red` in `[Color:Red]`) is a command and must not be translated. `[Color:Red]` is correct; `[Колір:Червоний]` is **incorrect**.\n5. **Use the glossary:** The glossary has the highest priority. If an entry is missing, choose a translation that preserves established franchise names.\n6. **Adhere to the style:** The style, tone, and level of formality must match the original work. If no context is provided, use a neutral professional style.\n7. **Adhere to the format:** The number of lines, spaces, and punctuation marks within a line must match the original; do not merge or split lines.\n8. **Do not add anything extra:** Return only the final translated text without comments, explanations, or decorative symbols.\n\nFollow these instructions for every translation, regardless of the text's length or complexity."
  },
  {
    "role": "user",
    "content": "Game: Zelda: Twilight Princess BMG\nBlock: zel_00 (#0)\nRow: #8\nMode: translation variations\n\nTranslate the text into Ukrainian without altering the meaning.\nKeep exactly 5 lines (including empty ones) and preserve their order.\nUse the provided glossary to translate terms. All other tags must be preserved exactly as they appear.\nThe glossary has absolute priority.\nDo not add explanations or meta text; return only the translation.\n\nInput text:\n\nThere is insufficient space on the\nMemory Card in Slot A. The Legend of\nZelda: Twilight Princess requires 1\nfile and 4 blocks to create a new save\nfile.{escape:0:0036001e}"
  }
]
============================================================

==================== 2026-05-22 20:20:38.509 ====================
Task Type: translate_single
--- MESSAGES SENT ---
[
  {
    "role": "system",
    "content": "# System Prompt for the Translator\n\nYou are a professional video game localizer. When translating into Ukrainian, always adhere to the following requirements:\n\n1. **Crucial Rule: Treat multi-line text as a single thought.** Text with newlines (`\\n`) is one continuous sentence or phrase. The translation must flow naturally across the lines. **Example:** `Southern\\nFairy Island` is a single place name and must be translated as a single grammatical unit, like `Південний\\nОстрів Фей`, not `Південний\\nФея Острів`.\n2. **Maintain precise meaning:** Do not invent details or omit information.\n3. **Do not change tags:** All tags (`{...}`, `[...]`, etc.) and service symbols (`\\n`) must be copied into the translation without any changes, in the same position and with the same case.\n4. **Do not translate tag content:** The text inside tags (e.g., `Color:Red` in `[Color:Red]`) is a command and must not be translated. `[Color:Red]` is correct; `[Колір:Червоний]` is **incorrect**.\n5. **Use the glossary:** The glossary has the highest priority. If an entry is missing, choose a translation that preserves established franchise names.\n6. **Adhere to the style:** The style, tone, and level of formality must match the original work. If no context is provided, use a neutral professional style.\n7. **Adhere to the format:** The number of lines, spaces, and punctuation marks within a line must match the original; do not merge or split lines.\n8. **Do not add anything extra:** Return only the final translated text without comments, explanations, or decorative symbols.\n\nFollow these instructions for every translation, regardless of the text's length or complexity."
  },
  {
    "role": "user",
    "content": "Game: Zelda: Twilight Princess BMG\nBlock: zel_00 (#0)\nRow: #8\nMode: translation variations\n\nTranslate the text into Ukrainian without altering the meaning.\nKeep exactly 5 lines (including empty ones) and preserve their order.\nUse the provided glossary to translate terms. All other tags must be preserved exactly as they appear.\nThe glossary has absolute priority.\nDo not add explanations or meta text; return only the translation.\n\nInput text:\n\nThere is insufficient space on the\nMemory Card in Slot A. The Legend of\nZelda: Twilight Princess requires 1\nfile and 4 blocks to create a new save\nfile.{escape:0:0036001e}"
  }
]
--- RESPONSE RECEIVED ---
На картці пам'яті в слоті A
недостатньо місця. The Legend of
Zelda: Twilight Princess потребує 1
файл і 4 блоки для створення нового
файлу збереження.{escape:0:0036001e}
============================================================

==================== 2026-05-22 20:25:44.284 ====================
Task Type: build_glossary
--- MESSAGES SENT ---
[
  {
    "role": "system",
    "content": "You are a linguistic assistant creating a glossary for a video game translation from English to Ukrainian. Analyze the provided text chunk and identify key terms: proper names, locations, items, recurring phrases, and unique concepts. Return them as a JSON array of objects. Each object must include the keys 'term' (original English term), 'translation' (Ukrainian translation), and 'notes' (a short Ukrainian description of what the term means or how it is used). Do not add any extra text outside of the JSON array."
  },
  {
    "role": "user",
    "content": "Here is the text chunk to analyze:\n\n---\n\nChecking Memory Card in Slot A...\nNo Memory Card found in Slot A.\nPlease insert a Memory Card into\nSlot A.\n\nThe Memory Card in Slot A is damaged\nand cannot be used. \nThe wrong device is inserted in\nSlot A. Please insert a Memory Card. \nUnable to use the Memory Card in\nSlot A. \nThe Memory Card in Slot A is\ncorrupted. Would you like to format\nthe Memory Card in Slot A? \nYes\nNo\nThere is insufficient space on the\nMemory Card in Slot A. The Legend of\nZelda: Twilight Princess requires 1\nfile and 4 blocks to create a new save\nfile. \nEither insert a Memory Card with \nfree space into Slot A or manage\nthe Memory Card contents on the \nMemory Card Screen. \nMemory Card formatting may have\nfailed. \nFormatting complete. \nFormatting...\n Please do not touch the Memory Card\nin Slot A or the POWER Button. \nFormatting will erase any data\ncurrently stored on the Memory Card\nin Slot A. Format anyway? \nYes\nNo\nThe Memory Card in Slot A cannot be\nused. \nWould you like to manage the\ncontents of your Memory Card on the\nMemory Card Screen? \nContinue without saving?\nYes\nNo\nWould you like to create a save file\nfor this game on the Memory Card\ninserted in Slot A? \nYes\nNo\nThere is no save file for this game\nstored on the Memory Card in Slot A. \nThere may have been an error\ncreating a save file. \nCreating a save file.\n Please do not touch the Memory Card\nin Slot A or the POWER Button. \nSave file created. \nUnable to save. Cannot find a Memory\nCard in Slot A. Please check if a\nMemory Card is inserted. \nUnable to save. The Memory Card in\nSlot A cannot be used. Insert another\nMemory Card into Slot A. \nUnable to save. There is something\nbesides a Memory Card inserted in\nSlot A. Please insert a Memory Card. \nUnable to save. The Memory Card in\nSlot A is not compatible with this\ngame. Please insert a compatible\nMemory Card into Slot A. \nUnable to save. Unable to find a\nMemory Card in Slot A. Please check\nto see that a Memory Card is\ninserted in Slot A. \nUnable to save. The data on the\nMemory Card in Slot A is corrupted\nand will have to be erased.\nDo you want to erase the corrupted\ndata? \nYes\nNo\nUnable to save. Unable to find a\nMemory Card in Slot A. Please check\nthat there is a Memory Card inserted. \nUnable to save. Either there isn't\nenough open space on the Memory\nCard in Slot A or you have exceeded\nthe file limit. You need one file and \n4 blocks to save this game. \nEither insert a Memory Card with \nenough space or organize the data on\nthe Memory Card screen. \nAn error may have occurred while\nformatting. \nFormatting complete. \nFormatting.\n\n Do not touch the Memory Card or\nthe POWER button. \nIf you format, all the data on the\nMemory Card will be erased.\nIs this OK? \nYes\nNo\nUnable to save. You cannot use the\nMemory Card in Slot A to save this\ngame. Please insert a compatible\nMemory Card into Slot A. \nYour progress will not be saved.\nIs this OK? \nYes\nNo\nOpen the Memory Card screen of the\nconsole menu? (You may also open\nthe Memory Card screen by powering\ndown, then powering back on while\nholding down the A Button.) \nThere is no The Legend of Zelda:\nTwilight Princess save file on the\nMemory Card in Slot A. This game\nrequires 1 file and 4 blocks to save.\nWould you like to create a save\nfile on the Memory Card in Slot A? \nYes\nNo\nUnable to save. The Memory Card in\nSlot A does not have a file in which\nto save this game. \nCreating a file.\n\n Do not touch the Memory Card in\nSlot A or the POWER Button. \nAn error might have occurred when\nthe file was being created. \nThe file has been created. \nSaving...\nUnable to save. The Memory Card in\nSlot A is different from the one that\nwas inserted before. \nSave complete. Would you like to\ncontinue the game? \nYes\nNo\nAn error might have occurred while\nsaving. \nQuest Log 1\nQuest Log 2\nQuest Log 3\nChoose a Quest Log\nCopy to where?\nOverwrite with this Quest Log?\nCopying...\nCopy complete. \nAn error might have occurred while\ncopying... \nErase this Quest Log?\nErasing...\nErased. \nAn error might have occurred while\nerasing... \nNew Quest Log\n \n \n \nThis Quest Log is\ncorrupted. \nThis Quest Log is corrupted. \nDo you want to erase its data? \n Do not touch the Memory Card in\nSlot A or the POWER Button.\nBack\nConfirm\nCopy\nErase\nStart\nItem Quest Logs\nSet to    \nSave to Quest Log\nOptions\nInfo\nBack\nOptions\nSave\nITEMS\nMAP\nChange settings with\n     on the  .\nPRESS START\n\n You got a  green Rupee !  \n You got a  blue Rupee (5) !  \n You got a  yellow Rupee (10) !  \n You got a  red Rupee (20) !  \n You got a  purple Rupee (50) !  \n You got an  orange Rupee (100) !  \n You got a  silver Rupee (200) !  \n You borrowed the  bomb bag ! \n There are some bombs inside.\n\n\nCombine bombs with the  Hero's\nBow  to use  bomb arrows .\n You got a  bomb bag & bombs ! \n You can carry around one of the\nvarious bomb types with this.\n  You got  bombs (5) ! \n Lift one with   or   and press\n  to set it down. Press   while\nrunning to throw one.\n  You got  bombs (10) ! \n Lift one with   or   and press\n  to set it down. Press   while\nrunning to throw one.\n  You got  bombs (20) ! \n Lift one with   or   and press\n  to set it down. Press   while\nrunning to throw one.\n  You got  bombs (30) ! \n Lift one with   or   and press\n  to set it down. Press   while\nrunning to throw one.\n You got  arrows (10) ! \n Use arrows to shoot far-off\nfoes!\n You got  arrows (20) ! \n Use \n\n---\n\nExtract glossary entries following the instructions. For each item include 'term', 'translation', and 'notes' (1-2 short Ukrainian sentences)."
  }
]
============================================================

==================== 2026-05-22 20:26:09.827 ====================
Task Type: build_glossary
--- MESSAGES SENT ---
[
  {
    "role": "system",
    "content": "You are a linguistic assistant creating a glossary for a video game translation from English to Ukrainian. Analyze the provided text chunk and identify key terms: proper names, locations, items, recurring phrases, and unique concepts. Return them as a JSON array of objects. Each object must include the keys 'term' (original English term), 'translation' (Ukrainian translation), and 'notes' (a short Ukrainian description of what the term means or how it is used). Do not add any extra text outside of the JSON array."
  },
  {
    "role": "user",
    "content": "Here is the text chunk to analyze:\n\n---\n\nChecking Memory Card in Slot A...\nNo Memory Card found in Slot A.\nPlease insert a Memory Card into\nSlot A.\n\nThe Memory Card in Slot A is damaged\nand cannot be used. \nThe wrong device is inserted in\nSlot A. Please insert a Memory Card. \nUnable to use the Memory Card in\nSlot A. \nThe Memory Card in Slot A is\ncorrupted. Would you like to format\nthe Memory Card in Slot A? \nYes\nNo\nThere is insufficient space on the\nMemory Card in Slot A. The Legend of\nZelda: Twilight Princess requires 1\nfile and 4 blocks to create a new save\nfile. \nEither insert a Memory Card with \nfree space into Slot A or manage\nthe Memory Card contents on the \nMemory Card Screen. \nMemory Card formatting may have\nfailed. \nFormatting complete. \nFormatting...\n Please do not touch the Memory Card\nin Slot A or the POWER Button. \nFormatting will erase any data\ncurrently stored on the Memory Card\nin Slot A. Format anyway? \nYes\nNo\nThe Memory Card in Slot A cannot be\nused. \nWould you like to manage the\ncontents of your Memory Card on the\nMemory Card Screen? \nContinue without saving?\nYes\nNo\nWould you like to create a save file\nfor this game on the Memory Card\ninserted in Slot A? \nYes\nNo\nThere is no save file for this game\nstored on the Memory Card in Slot A. \nThere may have been an error\ncreating a save file. \nCreating a save file.\n Please do not touch the Memory Card\nin Slot A or the POWER Button. \nSave file created. \nUnable to save. Cannot find a Memory\nCard in Slot A. Please check if a\nMemory Card is inserted. \nUnable to save. The Memory Card in\nSlot A cannot be used. Insert another\nMemory Card into Slot A. \nUnable to save. There is something\nbesides a Memory Card inserted in\nSlot A. Please insert a Memory Card. \nUnable to save. The Memory Card in\nSlot A is not compatible with this\ngame. Please insert a compatible\nMemory Card into Slot A. \nUnable to save. Unable to find a\nMemory Card in Slot A. Please check\nto see that a Memory Card is\ninserted in Slot A. \nUnable to save. The data on the\nMemory Card in Slot A is corrupted\nand will have to be erased.\nDo you want to erase the corrupted\ndata? \nYes\nNo\nUnable to save. Unable to find a\nMemory Card in Slot A. Please check\nthat there is a Memory Card inserted. \nUnable to save. Either there isn't\nenough open space on the Memory\nCard in Slot A or you have exceeded\nthe file limit. You need one file and \n4 blocks to save this game. \nEither insert a Memory Card with \nenough space or organize the data on\nthe Memory Card screen. \nAn error may have occurred while\nformatting. \nFormatting complete. \nFormatting.\n\n Do not touch the Memory Card or\nthe POWER button. \nIf you format, all the data on the\nMemory Card will be erased.\nIs this OK? \nYes\nNo\nUnable to save. You cannot use the\nMemory Card in Slot A to save this\ngame. Please insert a compatible\nMemory Card into Slot A. \nYour progress will not be saved.\nIs this OK? \nYes\nNo\nOpen the Memory Card screen of the\nconsole menu? (You may also open\nthe Memory Card screen by powering\ndown, then powering back on while\nholding down the A Button.) \nThere is no The Legend of Zelda:\nTwilight Princess save file on the\nMemory Card in Slot A. This game\nrequires 1 file and 4 blocks to save.\nWould you like to create a save\nfile on the Memory Card in Slot A? \nYes\nNo\nUnable to save. The Memory Card in\nSlot A does not have a file in which\nto save this game. \nCreating a file.\n\n Do not touch the Memory Card in\nSlot A or the POWER Button. \nAn error might have occurred when\nthe file was being created. \nThe file has been created. \nSaving...\nUnable to save. The Memory Card in\nSlot A is different from the one that\nwas inserted before. \nSave complete. Would you like to\ncontinue the game? \nYes\nNo\nAn error might have occurred while\nsaving. \nQuest Log 1\nQuest Log 2\nQuest Log 3\nChoose a Quest Log\nCopy to where?\nOverwrite with this Quest Log?\nCopying...\nCopy complete. \nAn error might have occurred while\ncopying... \nErase this Quest Log?\nErasing...\nErased. \nAn error might have occurred while\nerasing... \nNew Quest Log\n \n \n \nThis Quest Log is\ncorrupted. \nThis Quest Log is corrupted. \nDo you want to erase its data? \n Do not touch the Memory Card in\nSlot A or the POWER Button.\nBack\nConfirm\nCopy\nErase\nStart\nItem Quest Logs\nSet to    \nSave to Quest Log\nOptions\nInfo\nBack\nOptions\nSave\nITEMS\nMAP\nChange settings with\n     on the  .\nPRESS START\n\n You got a  green Rupee !  \n You got a  blue Rupee (5) !  \n You got a  yellow Rupee (10) !  \n You got a  red Rupee (20) !  \n You got a  purple Rupee (50) !  \n You got an  orange Rupee (100) !  \n You got a  silver Rupee (200) !  \n You borrowed the  bomb bag ! \n There are some bombs inside.\n\n\nCombine bombs with the  Hero's\nBow  to use  bomb arrows .\n You got a  bomb bag & bombs ! \n You can carry around one of the\nvarious bomb types with this.\n  You got  bombs (5) ! \n Lift one with   or   and press\n  to set it down. Press   while\nrunning to throw one.\n  You got  bombs (10) ! \n Lift one with   or   and press\n  to set it down. Press   while\nrunning to throw one.\n  You got  bombs (20) ! \n Lift one with   or   and press\n  to set it down. Press   while\nrunning to throw one.\n  You got  bombs (30) ! \n Lift one with   or   and press\n  to set it down. Press   while\nrunning to throw one.\n You got  arrows (10) ! \n Use arrows to shoot far-off\nfoes!\n You got  arrows (20) ! \n Use \n\n---\n\nExtract glossary entries following the instructions. For each item include 'term', 'translation', and 'notes' (1-2 short Ukrainian sentences)."
  }
]
--- RESPONSE RECEIVED ---
```json
[
  {
    "term": "Memory Card",
    "translation": "Карта пам'яті",
    "notes": "Пристрій для збереження ігрових даних у консолі GameCube."
  },
  {
    "term": "Slot A",
    "translation": "Слот A",
    "notes": "Роз'єм для підключення карти пам'яті в консолі."
  },
  {
    "term": "POWER Button",
    "translation": "Кнопка POWER",
    "notes": "Кнопка живлення консолі GameCube."
  },
  {
    "term": "The Legend of Zelda: Twilight Princess",
    "translation": "The Legend of Zelda: Twilight Princess",
    "notes": "Назва гри, залишається без перекладу."
  },
  {
    "term": "save file",
    "translation": "файл збереження",
    "notes": "Файл, що містить збережений прогрес гри."
  },
  {
    "term": "blocks",
    "translation": "блоки",
    "notes": "Одиниці вимірювання пам'яті на карті пам'яті."
  },
  {
    "term": "Memory Card Screen",
    "translation": "Екран карти пам'яті",
    "notes": "Системне меню для керування файлами на карті пам'яті."
  },
  {
    "term": "Quest Log",
    "translation": "Журнал завдань",
    "notes": "Файл збереження з прогресом проходження гри."
  },
  {
    "term": "green Rupee",
    "translation": "зелена рупія",
    "notes": "Ігрова валюта вартістю 1 одиницю."
  },
  {
    "term": "blue Rupee",
    "translation": "синя рупія",
    "notes": "Ігрова валюта вартістю 5 одиниць."
  },
  {
    "term": "yellow Rupee",
    "translation": "жовта рупія",
    "notes": "Ігрова валюта вартістю 10 одиниць."
  },
  {
    "term": "red Rupee",
    "translation": "червона рупія",
    "notes": "Ігрова валюта вартістю 20 одиниць."
  },
  {
    "term": "purple Rupee",
    "translation": "фіолетова рупія",
    "notes": "Ігрова валюта вартістю 50 одиниць."
  },
  {
    "term": "orange Rupee",
    "translation": "помаранчева рупія",
    "notes": "Ігрова валюта вартістю 100 одиниць."
  },
  {
    "term": "silver Rupee",
    "translation": "срібна рупія",
    "notes": "Ігрова валюта вартістю 200 одиниць."
  },
  {
    "term": "bomb bag",
    "translation": "сумка для бомб",
    "notes": "Предмет для зберігання та перенесення бомб."
  },
  {
    "term": "bombs",
    "translation": "бомби",
    "notes": "Вибухові предмети для знищення перешкод та ворогів."
  },
  {
    "term": "Hero's Bow",
    "translation": "Лук героя",
    "notes": "Зброя для стрільби стрілами на відстані."
  },
  {
    "term": "bomb arrows",
    "translation": "вибухові стріли",
    "notes": "Стріли з прикріпленими бомбами для комбінованої атаки."
  },
  {
    "term": "arrows",
    "translation": "стріли",
    "notes": "Боєприпаси для лука."
  }
]
```
============================================================

==================== 2026-05-22 20:26:09.829 ====================
Task Type: build_glossary
--- MESSAGES SENT ---
[
  {
    "role": "system",
    "content": "You are a linguistic assistant creating a glossary for a video game translation from English to Ukrainian. Analyze the provided text chunk and identify key terms: proper names, locations, items, recurring phrases, and unique concepts. Return them as a JSON array of objects. Each object must include the keys 'term' (original English term), 'translation' (Ukrainian translation), and 'notes' (a short Ukrainian description of what the term means or how it is used). Do not add any extra text outside of the JSON array."
  },
  {
    "role": "user",
    "content": "Here is the text chunk to analyze:\n\n---\n\narrows to shoot far-off\nfoes!\n You got  arrows (30) ! \n Use arrows to shoot far-off\nfoes!\n\n You got  seeds (50) ! \n Use them with your slingshot!\n\n\n\n  You got  water bombs (5) ! \n You can use these bombs in\nwater, but not while swimming. \n\nLift one with   or   and press\n  to set it down. Press   while\nrunning to throw one.\n  You got  water bombs (10) ! \n You can use these bombs in\nwater, but not while swimming.\n\nLift one with   or   and press\n  to set it down. Press   while\nrunning to throw one.\n  You got  water bombs (15) ! \n You can use these bombs in\nwater, but not while swimming.\n\nLift one with   or   and press\n  to set it down. Press   while\nrunning to throw one.\n  You got  water bombs (3) ! \n You can use these bombs in\nwater, but not while swimming.\n\nLift one with   or   and press\n  to set it down. Press   while\nrunning to throw one.\n  You got  bomblings (5) !   Set to\nand use with   or  . They'll go\nforward and explode if they hit\nsomething or after awhile.\n  You got  bomblings (10) !   Set to\nand use with   or  . They'll go\nforward and explode if they hit\nsomething or after awhile.\n  You got  bomblings (3) !   Set to\nand use with   or  . They'll go\nforward and explode if they hit\nsomething or after awhile.\n\n  You caught a  fairy  in a bottle! \n It will come to your aid with\n hearts  if your health runs out.\n\nSet it to and use it with   or  \nand it will restore  8 hearts .\n\n You got a  small key ! \n This will open a locked door,\nbut only in this area.\n You got a  Piece of Heart ! \n Collect  5 pieces  to form a new\nHeart Container and increase\nyour life energy!\n You got a  Heart Container ! \n Your life energy has increased\nby  one  and been  fully\nreplenished !\n  You got the  dungeon map ! \n Press   to view the map.\n Green rooms  are ones you've\nvisited.\nThe  yellow arrow  shows your\ncurrent location. Tilt     to\nchange floors.\n You got the  compass ! \n This handy tool will show you\nwhere to find objects hidden\nin this dungeon.\nCheck the  map screen  to look\nfor them!\n  You met  Ooccoo ! \n If you call her in a dungeon,\nshe will let you out and allow\nyou to  return  when you want.\nSet her to and use her with\n  or  .\n You got the  big key ! \n Use it to gain access to the\nlair of this dungeon's boss!\n\n You got the  Ordon sword ! \n This is a sword crafted by Rusl,\nthe best swordsman in Ordon,\nas a tribute to the royal family.\n You got the  Master Sword ! \nOnly the true hero can wield\nthis legendary weapon!\n  You got the  Ordon shield ! \n Press   to defend yourself,\nbut beware: if it's touched by\nfire, it will burn.\n  You got the  wooden shield ! \n Press   to defend yourself,\nbut beware: if it's touched\nby fire, it will burn!\n  You got the  Hylian shield ! \n Press   to defend yourself.\nIt's metal and will never burn.\n\n\n\n You got the  magic armor ! \n You bought it! You are smart!\nYou bought it at Malo Mart!\n\nWear it and your  Rupees  will\nbecome magical. The armor will\nprotect you, so if you get hit,\nyou lose  Rupees , not health.\nIf you run out of  Rupees , the\narmor will go dormant and your\nmovement will become impaired.\n You got  Zora armor ! \n This special garment was\nhanded down through the Zora\nroyal family.\nIf you have it equipped, you can\nmove freely through the water...\nbut you will be more vulnerable\nto fire and ice attacks.\n\n  You reunited with  Ooccoo ! \n This kind character will let you\nout of the dungeon and return\nyou to where you were.\nSet her to and call her with\n  or  .\n\n You got the  big wallet ! \n You can now hold up to\n 600 Rupees !\n You got the  giant wallet ! \n It's a symbol of a distinguished\ncitizen in the insect kingdom.\n It can hold up to  1,000 Rupees !\n You got a  Piece of Heart ! \n Collect  3 more  for another full\nHeart Container.\n You got a  Piece of Heart ! \n Collect  2 more  for another full\nHeart Container.\n You got a  Piece of Heart ! \n Collect  1 more  for another full\nHeart Container.\n You got a  Piece of Heart ! \n You collected  5 pieces  and\nformed a new Heart Container!\nIt also  f\n\n---\n\nExtract glossary entries following the instructions. For each item include 'term', 'translation', and 'notes' (1-2 short Ukrainian sentences)."
  }
]
============================================================

==================== 2026-05-22 20:26:35.057 ====================
Task Type: build_glossary
--- MESSAGES SENT ---
[
  {
    "role": "system",
    "content": "You are a linguistic assistant creating a glossary for a video game translation from English to Ukrainian. Analyze the provided text chunk and identify key terms: proper names, locations, items, recurring phrases, and unique concepts. Return them as a JSON array of objects. Each object must include the keys 'term' (original English term), 'translation' (Ukrainian translation), and 'notes' (a short Ukrainian description of what the term means or how it is used). Do not add any extra text outside of the JSON array."
  },
  {
    "role": "user",
    "content": "Here is the text chunk to analyze:\n\n---\n\narrows to shoot far-off\nfoes!\n You got  arrows (30) ! \n Use arrows to shoot far-off\nfoes!\n\n You got  seeds (50) ! \n Use them with your slingshot!\n\n\n\n  You got  water bombs (5) ! \n You can use these bombs in\nwater, but not while swimming. \n\nLift one with   or   and press\n  to set it down. Press   while\nrunning to throw one.\n  You got  water bombs (10) ! \n You can use these bombs in\nwater, but not while swimming.\n\nLift one with   or   and press\n  to set it down. Press   while\nrunning to throw one.\n  You got  water bombs (15) ! \n You can use these bombs in\nwater, but not while swimming.\n\nLift one with   or   and press\n  to set it down. Press   while\nrunning to throw one.\n  You got  water bombs (3) ! \n You can use these bombs in\nwater, but not while swimming.\n\nLift one with   or   and press\n  to set it down. Press   while\nrunning to throw one.\n  You got  bomblings (5) !   Set to\nand use with   or  . They'll go\nforward and explode if they hit\nsomething or after awhile.\n  You got  bomblings (10) !   Set to\nand use with   or  . They'll go\nforward and explode if they hit\nsomething or after awhile.\n  You got  bomblings (3) !   Set to\nand use with   or  . They'll go\nforward and explode if they hit\nsomething or after awhile.\n\n  You caught a  fairy  in a bottle! \n It will come to your aid with\n hearts  if your health runs out.\n\nSet it to and use it with   or  \nand it will restore  8 hearts .\n\n You got a  small key ! \n This will open a locked door,\nbut only in this area.\n You got a  Piece of Heart ! \n Collect  5 pieces  to form a new\nHeart Container and increase\nyour life energy!\n You got a  Heart Container ! \n Your life energy has increased\nby  one  and been  fully\nreplenished !\n  You got the  dungeon map ! \n Press   to view the map.\n Green rooms  are ones you've\nvisited.\nThe  yellow arrow  shows your\ncurrent location. Tilt     to\nchange floors.\n You got the  compass ! \n This handy tool will show you\nwhere to find objects hidden\nin this dungeon.\nCheck the  map screen  to look\nfor them!\n  You met  Ooccoo ! \n If you call her in a dungeon,\nshe will let you out and allow\nyou to  return  when you want.\nSet her to and use her with\n  or  .\n You got the  big key ! \n Use it to gain access to the\nlair of this dungeon's boss!\n\n You got the  Ordon sword ! \n This is a sword crafted by Rusl,\nthe best swordsman in Ordon,\nas a tribute to the royal family.\n You got the  Master Sword ! \nOnly the true hero can wield\nthis legendary weapon!\n  You got the  Ordon shield ! \n Press   to defend yourself,\nbut beware: if it's touched by\nfire, it will burn.\n  You got the  wooden shield ! \n Press   to defend yourself,\nbut beware: if it's touched\nby fire, it will burn!\n  You got the  Hylian shield ! \n Press   to defend yourself.\nIt's metal and will never burn.\n\n\n\n You got the  magic armor ! \n You bought it! You are smart!\nYou bought it at Malo Mart!\n\nWear it and your  Rupees  will\nbecome magical. The armor will\nprotect you, so if you get hit,\nyou lose  Rupees , not health.\nIf you run out of  Rupees , the\narmor will go dormant and your\nmovement will become impaired.\n You got  Zora armor ! \n This special garment was\nhanded down through the Zora\nroyal family.\nIf you have it equipped, you can\nmove freely through the water...\nbut you will be more vulnerable\nto fire and ice attacks.\n\n  You reunited with  Ooccoo ! \n This kind character will let you\nout of the dungeon and return\nyou to where you were.\nSet her to and call her with\n  or  .\n\n You got the  big wallet ! \n You can now hold up to\n 600 Rupees !\n You got the  giant wallet ! \n It's a symbol of a distinguished\ncitizen in the insect kingdom.\n It can hold up to  1,000 Rupees !\n You got a  Piece of Heart ! \n Collect  3 more  for another full\nHeart Container.\n You got a  Piece of Heart ! \n Collect  2 more  for another full\nHeart Container.\n You got a  Piece of Heart ! \n Collect  1 more  for another full\nHeart Container.\n You got a  Piece of Heart ! \n You collected  5 pieces  and\nformed a new Heart Container!\nIt also  f\n\n---\n\nExtract glossary entries following the instructions. For each item include 'term', 'translation', and 'notes' (1-2 short Ukrainian sentences)."
  }
]
--- RESPONSE RECEIVED ---
```json
[
  {
    "term": "arrows",
    "translation": "стріли",
    "notes": "Боєприпаси для лука, використовуються для атаки ворогів на відстані."
  },
  {
    "term": "foes",
    "translation": "вороги",
    "notes": "Противники, з якими гравець бореться в грі."
  },
  {
    "term": "seeds",
    "translation": "насіння",
    "notes": "Боєприпаси для рогатки, використовуються як снаряди."
  },
  {
    "term": "slingshot",
    "translation": "рогатка",
    "notes": "Зброя дальнього бою, яка стріляє насінням."
  },
  {
    "term": "water bombs",
    "translation": "водяні бомби",
    "notes": "Вибухівка, яку можна використовувати у воді, але не під час плавання."
  },
  {
    "term": "bomblings",
    "translation": "бомблінги",
    "notes": "Маленькі бомби, які рухаються вперед і вибухають при зіткненні або через деякий час."
  },
  {
    "term": "fairy",
    "translation": "фея",
    "notes": "Магічна істота в пляшці, яка відновлює здоров'я гравця при смерті або використанні."
  },
  {
    "term": "hearts",
    "translation": "серця",
    "notes": "Одиниці здоров'я гравця в грі."
  },
  {
    "term": "small key",
    "translation": "малий ключ",
    "notes": "Ключ, який відкриває замкнені двері тільки в поточній локації."
  },
  {
    "term": "Piece of Heart",
    "translation": "Частина Серця",
    "notes": "Колекційний предмет; 5 частин формують новий Контейнер Серця."
  },
  {
    "term": "Heart Container",
    "translation": "Контейнер Серця",
    "notes": "Збільшує максимальну кількість здоров'я гравця на одне серце."
  },
  {
    "term": "dungeon map",
    "translation": "карта підземелля",
    "notes": "Показує планування підземелля, відвідані кімнати та поточне місцезнаходження."
  },
  {
    "term": "compass",
    "translation": "компас",
    "notes": "Інструмент, який показує розташування прихованих об'єктів у підземеллі."
  },
  {
    "term": "Ooccoo",
    "translation": "Уку",
    "notes": "Персонаж, який дозволяє гравцю покинути підземелля і повернутися пізніше."
  },
  {
    "term": "big key",
    "translation": "великий ключ",
    "notes": "Ключ, який відкриває доступ до лігва боса підземелля."
  },
  {
    "term": "Ordon sword",
    "translation": "меч Ордона",
    "notes": "Меч, виготовлений Раслом як данина королівській родині."
  },
  {
    "term": "Master Sword",
    "translation": "Майстер-меч",
    "notes": "Легендарна зброя, яку може використовувати лише справжній герой."
  },
  {
    "term": "Ordon shield",
    "translation": "щит Ордона",
    "notes": "Дерев'яний щит для захисту, який може згоріти від вогню."
  },
  {
    "term": "wooden shield",
    "translation": "дерев'яний щит",
    "notes": "Базовий щит для захисту, вразливий до вогню."
  },
  {
    "term": "Hylian shield",
    "translation": "хайліанський щит",
    "notes": "Металевий щит, який ніколи не згорить."
  },
  {
    "term": "magic armor",
    "translation": "магічна броня",
    "notes": "Броня, яка витрачає рупії замість здоров'я при отриманні пошкоджень."
  },
  {
    "term": "Rupees",
    "translation": "рупії",
    "notes": "Валюта в грі, використовується для покупок."
  },
  {
    "term": "Zora armor",
    "translation": "броня Зора",
    "notes": "Спеціальний обладунок королівської родини Зора, дозволяє вільно рухатися під водою."
  },
  {
    "term": "big wallet",
    "translation": "великий гаманець",
    "notes": "Дозволяє зберігати до 600 рупій."
  },
  {
    "term": "giant wallet",
    "translation": "гігантський гаманець",
    "notes": "Символ шанованого громадянина королівства комах, вміщує до 1000 рупій."
  },
  {
    "term": "dungeon",
    "translation": "підземелля",
    "notes": "Складна локація з головоломками, ворогами та босом."
  },
  {
    "term": "boss",
    "translation": "бос",
    "notes": "Головний ворог підземелля або локації."
  },
  {
    "term": "Rusl",
    "translation": "Расл",
    "notes": "Найкращий мечник Ордона, який виготовив меч Ордона."
  },
  {
    "term": "Ordon",
    "translation": "Ордон",
    "notes": "Назва села або регіону в грі."
  },
  {
    "term": "Malo Mart",
    "translation": "Мало Март",
    "notes": "Магазин у грі, де можна купити предмети."
  }
]
```
============================================================

==================== 2026-05-22 20:26:35.058 ====================
Task Type: build_glossary
--- MESSAGES SENT ---
[
  {
    "role": "system",
    "content": "You are a linguistic assistant creating a glossary for a video game translation from English to Ukrainian. Analyze the provided text chunk and identify key terms: proper names, locations, items, recurring phrases, and unique concepts. Return them as a JSON array of objects. Each object must include the keys 'term' (original English term), 'translation' (Ukrainian translation), and 'notes' (a short Ukrainian description of what the term means or how it is used). Do not add any extra text outside of the JSON array."
  },
  {
    "role": "user",
    "content": "Here is the text chunk to analyze:\n\n---\n\nilled your life energy !\n\n\n You got the  coral earring ! \n It's made of precious coral from\nZora's Domain. It's in the shape\nof a fishhook. It's lovely!\nIt's been added as a hook for\nyour fishing rod! With this,\nyou can now catch  reekfish !\n  You got the  Hawkeye ! \n This handy scope excels at\nzooming in on distant objects.\nSet it to and use it with   or  .\nCombine it with the  Hero's Bow \non the   Items screen to zoom\nin on distant objects and shoot\nthem with your arrows.\n  You got the  wooden sword ! \n Rusl returned it after honing it\nfor you. It's easy to use: just\npress  !\n  You got the  Gale Boomerang ! \n This mysterious boomerang\nhouses the Fairy of Winds. It\nsucks things up with gale force.\nOn the   Items screen, set it to\n  or  . While holding the\nbutton, use   to lock on to\nplaces where you see  .\nLock on to as many as  5  targets\nat once!\n  You got the  Spinner ! \n This ancient machine allows you\nto float in the air.\n\n Set it to   or   and get on top\nof it to move over sand and on\nwall  rails .\n\nPress   while riding to attack \nenemies with spin power.\n  You got the  Ball and Chain ! \n This giant iron ball has\nincredible power!\n\nSet it to   or   and swing to\ncause serious damage.\n  You got the  Hero's Bow ! \n This treasure of the Gorons is\nsaid to have once belonged to\na Hero from the past.\nSet it to   or  , press and\nhold the button, aim with  ,\nand release to shoot the arrow.\nYou can carry up to  30 arrows .\n  You got the  Clawshot ! \n This is a claw at the end of a\nlong chain. Hold it with   or  ,\naim with  , and release to fire. \nLatch on to places where you\nsee   to jump great distances.\nUse   while hanging from the\nceiling to move up and down.\n  You got the  Iron Boots ! \n Wear these and you'll become\nso heavy, not even a Goron will\nbe able to move you!\n  You got the  Dominion Rod ! \n This amazing rod can infuse\nancient statues with life.\n  \nHold it with   or  , aim with\n , and use it to give light and\nlife to statues. \n\nA statue brought to life will\nmove like its master.\n  You got another  Clawshot ! \n Combined with the one that you\nalready have, they're called the\n Double Clawshots !\nHold them with   or  , aim\nwith  , and release the button\nto fire. Use it while hanging on\nto another spot to fire again!\n  You got the  lantern ! \n This is a must for lighting dark\nplaces. Set it to   or   on the\n  Items screen to use it.\nUse it once to light it and press\n  while standing still to put it\nout. Use it while lit to set\nthings on fire.\nYou won't be able to use it\nwithout oil, so make sure to\nrefill it.\n Light filled the  Master Sword ! \n Its blade glows with a golden\nlight in the Twilight Realm. With\nit, you can cut through dark fog!\n  You got a  fishing rod ! \n A simple fishing rod with a\nbobber. Set it to   or   on the\n  Items screen to use it.\nFace the water and use it to\ncast. Press and hold    to pull\nthe line in when you get a bite.\n\nYou can catch fish without bait,\nbut you'll catch a larger variety\nof fish with bait.\n  You got the  slingshot ! \n Children LOVE this item.\nYou can hold up to  50  pellets.\n\nSet it to   or   on the  \nItems screen to use it. Aim with\n  and press the button to fire.\nTarget with   for accuracy.\n\n\n\n You got  giant bomb bags ! \n You can hold twice as many\nbombs as before!\n\nThe exact number they can hold\ndepends on the kind of bomb.\n  You got a  bag with bombs ! \n Lift one with   or   and press\n  to set it down. Press   while\nrunning to throw one.\n  You got a  bag with bombs ! \n Lift one with   or   and press\n  to set it down. Press   while\nrunning to throw one.\nOnce empty, you can carry one\nof the various bomb types in\nit! The number of bombs it will\nhold depends on the bomb type.\n\n\n\n You got the  big quiver ! \n It can hold up to  60 arrows !\n You got the  giant quiver ! \n It can hold up to  100 arrows !\n\n\n\n\n\n\n\n\n\n  You got an  empty bottle ! \n Use it by setting it to   or  .\n\n\nYou can use this to hold water\nor anything else you need.\n  You got some  red potion ! \n Drink it with   or   to\nreplenish  8 hearts .\n\n  You got some  blue potion ! \n Set it to and use it with   or  \nto replenish  all of your hearts .\n  You got  milk !   \n One bottle holds  two  helpings!\nDrink it with   or   to\nreplenish  three hearts . \n  You got {e\n\n---\n\nExtract glossary entries following the instructions. For each item include 'term', 'translation', and 'notes' (1-2 short Ukrainian sentences)."
  }
]
============================================================

==================== 2026-05-22 20:27:06.121 ====================
Task Type: build_glossary
--- MESSAGES SENT ---
[
  {
    "role": "system",
    "content": "You are a linguistic assistant creating a glossary for a video game translation from English to Ukrainian. Analyze the provided text chunk and identify key terms: proper names, locations, items, recurring phrases, and unique concepts. Return them as a JSON array of objects. Each object must include the keys 'term' (original English term), 'translation' (Ukrainian translation), and 'notes' (a short Ukrainian description of what the term means or how it is used). Do not add any extra text outside of the JSON array."
  },
  {
    "role": "user",
    "content": "Here is the text chunk to analyze:\n\n---\n\nilled your life energy !\n\n\n You got the  coral earring ! \n It's made of precious coral from\nZora's Domain. It's in the shape\nof a fishhook. It's lovely!\nIt's been added as a hook for\nyour fishing rod! With this,\nyou can now catch  reekfish !\n  You got the  Hawkeye ! \n This handy scope excels at\nzooming in on distant objects.\nSet it to and use it with   or  .\nCombine it with the  Hero's Bow \non the   Items screen to zoom\nin on distant objects and shoot\nthem with your arrows.\n  You got the  wooden sword ! \n Rusl returned it after honing it\nfor you. It's easy to use: just\npress  !\n  You got the  Gale Boomerang ! \n This mysterious boomerang\nhouses the Fairy of Winds. It\nsucks things up with gale force.\nOn the   Items screen, set it to\n  or  . While holding the\nbutton, use   to lock on to\nplaces where you see  .\nLock on to as many as  5  targets\nat once!\n  You got the  Spinner ! \n This ancient machine allows you\nto float in the air.\n\n Set it to   or   and get on top\nof it to move over sand and on\nwall  rails .\n\nPress   while riding to attack \nenemies with spin power.\n  You got the  Ball and Chain ! \n This giant iron ball has\nincredible power!\n\nSet it to   or   and swing to\ncause serious damage.\n  You got the  Hero's Bow ! \n This treasure of the Gorons is\nsaid to have once belonged to\na Hero from the past.\nSet it to   or  , press and\nhold the button, aim with  ,\nand release to shoot the arrow.\nYou can carry up to  30 arrows .\n  You got the  Clawshot ! \n This is a claw at the end of a\nlong chain. Hold it with   or  ,\naim with  , and release to fire. \nLatch on to places where you\nsee   to jump great distances.\nUse   while hanging from the\nceiling to move up and down.\n  You got the  Iron Boots ! \n Wear these and you'll become\nso heavy, not even a Goron will\nbe able to move you!\n  You got the  Dominion Rod ! \n This amazing rod can infuse\nancient statues with life.\n  \nHold it with   or  , aim with\n , and use it to give light and\nlife to statues. \n\nA statue brought to life will\nmove like its master.\n  You got another  Clawshot ! \n Combined with the one that you\nalready have, they're called the\n Double Clawshots !\nHold them with   or  , aim\nwith  , and release the button\nto fire. Use it while hanging on\nto another spot to fire again!\n  You got the  lantern ! \n This is a must for lighting dark\nplaces. Set it to   or   on the\n  Items screen to use it.\nUse it once to light it and press\n  while standing still to put it\nout. Use it while lit to set\nthings on fire.\nYou won't be able to use it\nwithout oil, so make sure to\nrefill it.\n Light filled the  Master Sword ! \n Its blade glows with a golden\nlight in the Twilight Realm. With\nit, you can cut through dark fog!\n  You got a  fishing rod ! \n A simple fishing rod with a\nbobber. Set it to   or   on the\n  Items screen to use it.\nFace the water and use it to\ncast. Press and hold    to pull\nthe line in when you get a bite.\n\nYou can catch fish without bait,\nbut you'll catch a larger variety\nof fish with bait.\n  You got the  slingshot ! \n Children LOVE this item.\nYou can hold up to  50  pellets.\n\nSet it to   or   on the  \nItems screen to use it. Aim with\n  and press the button to fire.\nTarget with   for accuracy.\n\n\n\n You got  giant bomb bags ! \n You can hold twice as many\nbombs as before!\n\nThe exact number they can hold\ndepends on the kind of bomb.\n  You got a  bag with bombs ! \n Lift one with   or   and press\n  to set it down. Press   while\nrunning to throw one.\n  You got a  bag with bombs ! \n Lift one with   or   and press\n  to set it down. Press   while\nrunning to throw one.\nOnce empty, you can carry one\nof the various bomb types in\nit! The number of bombs it will\nhold depends on the bomb type.\n\n\n\n You got the  big quiver ! \n It can hold up to  60 arrows !\n You got the  giant quiver ! \n It can hold up to  100 arrows !\n\n\n\n\n\n\n\n\n\n  You got an  empty bottle ! \n Use it by setting it to   or  .\n\n\nYou can use this to hold water\nor anything else you need.\n  You got some  red potion ! \n Drink it with   or   to\nreplenish  8 hearts .\n\n  You got some  blue potion ! \n Set it to and use it with   or  \nto replenish  all of your hearts .\n  You got  milk !   \n One bottle holds  two  helpings!\nDrink it with   or   to\nreplenish  three hearts . \n  You got {e\n\n---\n\nExtract glossary entries following the instructions. For each item include 'term', 'translation', and 'notes' (1-2 short Ukrainian sentences)."
  }
]
--- RESPONSE RECEIVED ---
```json
[
  {
    "term": "coral earring",
    "translation": "коралова сережка",
    "notes": "Прикраса з дорогоцінного коралу з Володіння Зора у формі гачка для риболовлі. Дозволяє ловити рікфіш."
  },
  {
    "term": "Zora's Domain",
    "translation": "Володіння Зора",
    "notes": "Локація, звідки походить дорогоцінний корал. Місце проживання народу Зора."
  },
  {
    "term": "reekfish",
    "translation": "рікфіш",
    "notes": "Вид риби, яку можна зловити за допомогою коралової сережки як гачка."
  },
  {
    "term": "Hawkeye",
    "translation": "Соколине Око",
    "notes": "Оптичний приціл для збільшення віддалених об'єктів. Поєднується з Луком Героя для точної стрільби."
  },
  {
    "term": "Hero's Bow",
    "translation": "Лук Героя",
    "notes": "Скарб горонів, що колись належав Герою минулого. Може вміщувати до 30 стріл."
  },
  {
    "term": "wooden sword",
    "translation": "дерев'яний меч",
    "notes": "Меч, відточений Руслом. Простий у використанні для базових атак."
  },
  {
    "term": "Gale Boomerang",
    "translation": "Буревійний Бумеранг",
    "notes": "Таємничий бумеранг з Феєю Вітрів всередині. Засмоктує предмети силою вітру та може захоплювати до 5 цілей."
  },
  {
    "term": "Fairy of Winds",
    "translation": "Фея Вітрів",
    "notes": "Магічна істота, що живе всередині Буревійного Бумеранга та надає йому силу вітру."
  },
  {
    "term": "Spinner",
    "translation": "Спінер",
    "notes": "Стародавній механізм для левітації. Дозволяє рухатися по піску та рейках на стінах."
  },
  {
    "term": "Ball and Chain",
    "translation": "Куля на Ланцюгу",
    "notes": "Гігантська залізна куля з неймовірною силою для завдання серйозної шкоди."
  },
  {
    "term": "Gorons",
    "translation": "горони",
    "notes": "Раса гірських істот, колишні власники Лука Героя. Відомі своєю силою."
  },
  {
    "term": "Clawshot",
    "translation": "Кігтемет",
    "notes": "Гак на довгому ланцюгу для чіплення за спеціальні мішені та подолання великих відстаней."
  },
  {
    "term": "Double Clawshots",
    "translation": "Подвійний Кігтемет",
    "notes": "Два Кігтемети разом, що дозволяють стріляти повторно під час висіння."
  },
  {
    "term": "Iron Boots",
    "translation": "Залізні Чоботи",
    "notes": "Чоботи, що роблять носія настільки важким, що навіть горон не зможе зрушити."
  },
  {
    "term": "Dominion Rod",
    "translation": "Жезл Володаря",
    "notes": "Дивовижний жезл, що оживляє стародавні статуї. Статуї рухаються як їхній господар."
  },
  {
    "term": "lantern",
    "translation": "ліхтар",
    "notes": "Необхідний для освітлення темних місць. Потребує олії для роботи та може підпалювати предмети."
  },
  {
    "term": "Master Sword",
    "translation": "Майстер-Меч",
    "notes": "Легендарний меч, що світиться золотим світлом у Сутінковому Царстві. Може розсікати темний туман."
  },
  {
    "term": "Twilight Realm",
    "translation": "Сутінкове Царство",
    "notes": "Альтернативний вимір темряви, де Майстер-Меч світиться золотим світлом."
  },
  {
    "term": "fishing rod",
    "translation": "вудка",
    "notes": "Проста вудка з поплавцем для ловлі риби. Можна ловити без наживки, але з наживкою різноманітність більша."
  },
  {
    "term": "slingshot",
    "translation": "рогатка",
    "notes": "Улюблений предмет дітей. Може вміщувати до 50 куль для стрільби."
  },
  {
    "term": "giant bomb bags",
    "translation": "гігантські торби для бомб",
    "notes": "Дозволяють носити вдвічі більше бомб. Місткість залежить від типу бомб."
  },
  {
    "term": "big quiver",
    "translation": "великий сагайдак",
    "notes": "Може вміщувати до 60 стріл."
  },
  {
    "term": "giant quiver",
    "translation": "гігантський сагайдак",
    "notes": "Може вміщувати до 100 стріл."
  },
  {
    "term": "empty bottle",
    "translation": "порожня пляшка",
    "notes": "Універсальна ємність для зберігання води та інших рідин чи предметів."
  },
  {
    "term": "red potion",
    "translation": "червоне зілля",
    "notes": "Відновлює 8 сердець здоров'я при випиванні."
  },
  {
    "term": "blue potion",
    "translation": "синє зілля",
    "notes": "Відновлює всі серця здоров'я при випиванні."
  },
  {
    "term": "milk",
    "translation": "молоко",
    "notes": "Одна пляшка містить дві порції. Кожна порція відновлює три серця."
  },
  {
    "term": "hearts",
    "translation": "серця",
    "notes": "Одиниці здоров'я персонажа в грі."
  }
]
```
============================================================

==================== 2026-05-22 20:27:06.123 ====================
Task Type: build_glossary
--- MESSAGES SENT ---
[
  {
    "role": "system",
    "content": "You are a linguistic assistant creating a glossary for a video game translation from English to Ukrainian. Analyze the provided text chunk and identify key terms: proper names, locations, items, recurring phrases, and unique concepts. Return them as a JSON array of objects. Each object must include the keys 'term' (original English term), 'translation' (Ukrainian translation), and 'notes' (a short Ukrainian description of what the term means or how it is used). Do not add any extra text outside of the JSON array."
  },
  {
    "role": "user",
    "content": "Here is the text chunk to analyze:\n\n---\n\nscape:255:000001}milk in a bottle ! \n ...But this bottle's half-empty!\nSet it to and use it with   or\n  to replenish  3 hearts !\nStore things in an empty bottle\nby pressing   or   to swing it.\n  You got  lantern oil  in your\nbottle!   This is essential for \nlighting your lantern.\n\nTo fill your lantern with fuel,\nset the lantern and the oil\nto   and  , then use the oil.\n  You put  water  in your bottle! \n Use it with   or   to sprinkle it\non various things.\n  You got  lantern oil  in your\nbottle!   This is essential for\nlighting your lantern.\n\nTo fill your lantern with fuel,\nset the lantern and the oil\nto   and  , then use the oil.\n  You put  red potion  in the bottle! \n Set it to and use it with   or  \nto  replenish 8 hearts !\n  You put  nasty soup  in the\nbottle!  This is Coro's \"special\"\nrecipe.\n\n Set it to and use it with   or  .\nThe only way to find out what\nit tastes like is to drink it.\n  You put  hot springwater  in a\nbottle!  It's full of nutrients, but\ndrink it while it's warm.\n\n Set it to and drink it with   or\n  to  replenish all your hearts !\nIf it cools, it will be plain  water .\n  You caught a  fairy  in a bottle! \n It will come to your aid with\n hearts  if your health runs out.\n\nSet it to and use it with   or  \nand it will restore  8 hearts .\n  You got  hot springwater ! \nIt's full of nutrients, but\ndrink it while it's hot.\n\n Set it to and use it with   or  \nto  replenish all of your hearts .\nIf it gets cold, it'll just be\nordinary  water .\n  You got  oil  in your lantern! \n With this filled, you'll be safe\nall night.\n  You got  oil  in your lantern! \n With this filled, you'll be safe\nall night.\n  You got  bombs ! \n Lift one with   or   and press\n  to set it down. Press   while\nrunning to throw one.\n  You got  water bombs ! \n Use these bombs underwater,\nbut not while swimming!\n\nLift one with   or   and press\n  to set it down. Press   while\nrunning to throw one.\n  You got  bomblings ! \n Use one with   or   and it will \nmove around and explode when\nit hits something or after awhile.\n  You got the  Great Fairy's Tears ! \n This sacred water contains the\nGreat Fairy's prayers.\n\n Set it to   or   and drink it to \nreplenish  life energy ...and, for\na while, boost  attack strength !\n  You caught a  worm  in a bottle! \n Fish love these! Set the fishing\nrod and worm to   and   and\nuse the worm to bait the rod.\n  You got the  Great Fairy's Tears ! \n This  bottle  holds   sacred water\nthat contains the Great Fairy's\nprayers.\n Set it to   or   and drink it to \nreplenish  life energy ...and, for a\nwhile, boost  attack strength !\n  You caught  bee larva  in your\nbottle!  Fish love them, and\nthey're also edible and full of\nnutrients.\n To bait a rod, set your rod and\nthe larva to   and   and use\nthe larva.\n\nUse them when the rod is not\nequipped to eat them and\nreplenish  1/4 heart  per larva.\n  You put  rare Chu Jelly  in your\nbottle! \n\n\n Set it to   or   and drink it to\n replenish all life energy ...and,\nfor a while, boost  attack\nstrength !\n  You put  red Chu Jelly  in your\nbottle!   Set it to   or   and\ndrink it to  replenish 8 hearts .\n  You put  blue Chu Jelly  in your\nbottle!   Set it to   or   and\ndrink it to  replenish all hearts !\n\n  You put  yellow Chu Jelly  in your\nbottle!   Set it and the lantern to\n  and  , then use it to refill\nyour lantern.\n  You put  purple Chu Jelly  in your\nbottle!   You can set it to   or  \nand drink it, but who knows\nwhat will happen...\n  You put  simple soup  in your\nbottle!  It smells like fish broth.\n Set it to and drink it with  \nor   to  replenish 2 hearts !\n  You put  good soup  in your\nbottle!  It smells like pumpkins.\n Set it to and drink it with   or\n  to  replenish 4 hearts .\n  You put  superb soup  in your\nbottle!  It smells quite cheesy!\n Set it to and drink it with\n  or   to {escape:2\n\n---\n\nExtract glossary entries following the instructions. For each item include 'term', 'translation', and 'notes' (1-2 short Ukrainian sentences)."
  }
]
============================================================

==================== 2026-05-22 20:27:38.505 ====================
Task Type: build_glossary
--- MESSAGES SENT ---
[
  {
    "role": "system",
    "content": "You are a linguistic assistant creating a glossary for a video game translation from English to Ukrainian. Analyze the provided text chunk and identify key terms: proper names, locations, items, recurring phrases, and unique concepts. Return them as a JSON array of objects. Each object must include the keys 'term' (original English term), 'translation' (Ukrainian translation), and 'notes' (a short Ukrainian description of what the term means or how it is used). Do not add any extra text outside of the JSON array."
  },
  {
    "role": "user",
    "content": "Here is the text chunk to analyze:\n\n---\n\nscape:255:000001}milk in a bottle ! \n ...But this bottle's half-empty!\nSet it to and use it with   or\n  to replenish  3 hearts !\nStore things in an empty bottle\nby pressing   or   to swing it.\n  You got  lantern oil  in your\nbottle!   This is essential for \nlighting your lantern.\n\nTo fill your lantern with fuel,\nset the lantern and the oil\nto   and  , then use the oil.\n  You put  water  in your bottle! \n Use it with   or   to sprinkle it\non various things.\n  You got  lantern oil  in your\nbottle!   This is essential for\nlighting your lantern.\n\nTo fill your lantern with fuel,\nset the lantern and the oil\nto   and  , then use the oil.\n  You put  red potion  in the bottle! \n Set it to and use it with   or  \nto  replenish 8 hearts !\n  You put  nasty soup  in the\nbottle!  This is Coro's \"special\"\nrecipe.\n\n Set it to and use it with   or  .\nThe only way to find out what\nit tastes like is to drink it.\n  You put  hot springwater  in a\nbottle!  It's full of nutrients, but\ndrink it while it's warm.\n\n Set it to and drink it with   or\n  to  replenish all your hearts !\nIf it cools, it will be plain  water .\n  You caught a  fairy  in a bottle! \n It will come to your aid with\n hearts  if your health runs out.\n\nSet it to and use it with   or  \nand it will restore  8 hearts .\n  You got  hot springwater ! \nIt's full of nutrients, but\ndrink it while it's hot.\n\n Set it to and use it with   or  \nto  replenish all of your hearts .\nIf it gets cold, it'll just be\nordinary  water .\n  You got  oil  in your lantern! \n With this filled, you'll be safe\nall night.\n  You got  oil  in your lantern! \n With this filled, you'll be safe\nall night.\n  You got  bombs ! \n Lift one with   or   and press\n  to set it down. Press   while\nrunning to throw one.\n  You got  water bombs ! \n Use these bombs underwater,\nbut not while swimming!\n\nLift one with   or   and press\n  to set it down. Press   while\nrunning to throw one.\n  You got  bomblings ! \n Use one with   or   and it will \nmove around and explode when\nit hits something or after awhile.\n  You got the  Great Fairy's Tears ! \n This sacred water contains the\nGreat Fairy's prayers.\n\n Set it to   or   and drink it to \nreplenish  life energy ...and, for\na while, boost  attack strength !\n  You caught a  worm  in a bottle! \n Fish love these! Set the fishing\nrod and worm to   and   and\nuse the worm to bait the rod.\n  You got the  Great Fairy's Tears ! \n This  bottle  holds   sacred water\nthat contains the Great Fairy's\nprayers.\n Set it to   or   and drink it to \nreplenish  life energy ...and, for a\nwhile, boost  attack strength !\n  You caught  bee larva  in your\nbottle!  Fish love them, and\nthey're also edible and full of\nnutrients.\n To bait a rod, set your rod and\nthe larva to   and   and use\nthe larva.\n\nUse them when the rod is not\nequipped to eat them and\nreplenish  1/4 heart  per larva.\n  You put  rare Chu Jelly  in your\nbottle! \n\n\n Set it to   or   and drink it to\n replenish all life energy ...and,\nfor a while, boost  attack\nstrength !\n  You put  red Chu Jelly  in your\nbottle!   Set it to   or   and\ndrink it to  replenish 8 hearts .\n  You put  blue Chu Jelly  in your\nbottle!   Set it to   or   and\ndrink it to  replenish all hearts !\n\n  You put  yellow Chu Jelly  in your\nbottle!   Set it and the lantern to\n  and  , then use it to refill\nyour lantern.\n  You put  purple Chu Jelly  in your\nbottle!   You can set it to   or  \nand drink it, but who knows\nwhat will happen...\n  You put  simple soup  in your\nbottle!  It smells like fish broth.\n Set it to and drink it with  \nor   to  replenish 2 hearts !\n  You put  good soup  in your\nbottle!  It smells like pumpkins.\n Set it to and drink it with   or\n  to  replenish 4 hearts .\n  You put  superb soup  in your\nbottle!  It smells quite cheesy!\n Set it to and drink it with\n  or   to {escape:2\n\n---\n\nExtract glossary entries following the instructions. For each item include 'term', 'translation', and 'notes' (1-2 short Ukrainian sentences)."
  }
]
--- RESPONSE RECEIVED ---
```json
[
  {
    "term": "milk",
    "translation": "молоко",
    "notes": "Предмет у пляшці, який відновлює 3 серця здоров'я."
  },
  {
    "term": "bottle",
    "translation": "пляшка",
    "notes": "Контейнер для зберігання різних предметів та рідин."
  },
  {
    "term": "hearts",
    "translation": "серця",
    "notes": "Одиниці здоров'я персонажа у грі."
  },
  {
    "term": "lantern oil",
    "translation": "олія для ліхтаря",
    "notes": "Паливо, необхідне для роботи ліхтаря."
  },
  {
    "term": "lantern",
    "translation": "ліхтар",
    "notes": "Предмет для освітлення темних місць."
  },
  {
    "term": "water",
    "translation": "вода",
    "notes": "Рідина, яку можна розбризкувати на різні об'єкти."
  },
  {
    "term": "red potion",
    "translation": "червоне зілля",
    "notes": "Зілля, що відновлює 8 сердець здоров'я."
  },
  {
    "term": "nasty soup",
    "translation": "огидний суп",
    "notes": "Спеціальний рецепт Коро з невідомим ефектом."
  },
  {
    "term": "Coro",
    "translation": "Коро",
    "notes": "Персонаж, який готує особливий суп."
  },
  {
    "term": "hot springwater",
    "translation": "гаряча джерельна вода",
    "notes": "Поживна вода, що відновлює всі серця, поки тепла."
  },
  {
    "term": "fairy",
    "translation": "фея",
    "notes": "Магічна істота, яка автоматично відновлює здоров'я або може відновити 8 сердець."
  },
  {
    "term": "bombs",
    "translation": "бомби",
    "notes": "Вибухові предмети, які можна підняти, покласти або кинути."
  },
  {
    "term": "water bombs",
    "translation": "водяні бомби",
    "notes": "Бомби для використання під водою, але не під час плавання."
  },
  {
    "term": "bomblings",
    "translation": "бомблінги",
    "notes": "Живі бомби, що рухаються і вибухають при зіткненні."
  },
  {
    "term": "Great Fairy's Tears",
    "translation": "Сльози Великої Феї",
    "notes": "Священна вода, що відновлює здоров'я і тимчасово підвищує силу атаки."
  },
  {
    "term": "Great Fairy",
    "translation": "Велика Фея",
    "notes": "Могутня магічна істота, чиї молитви містяться у священній воді."
  },
  {
    "term": "life energy",
    "translation": "життєва енергія",
    "notes": "Здоров'я персонажа."
  },
  {
    "term": "attack strength",
    "translation": "сила атаки",
    "notes": "Показник шкоди, яку завдає персонаж."
  },
  {
    "term": "worm",
    "translation": "черв'як",
    "notes": "Наживка для риболовлі, яку люблять риби."
  },
  {
    "term": "fishing rod",
    "translation": "вудка",
    "notes": "Інструмент для риболовлі."
  },
  {
    "term": "bee larva",
    "translation": "бджолина личинка",
    "notes": "Їстівна наживка для риболовлі, відновлює 1/4 серця."
  },
  {
    "term": "Chu Jelly",
    "translation": "желе Чу",
    "notes": "Желеподібна речовина різних кольорів з різними ефектами."
  },
  {
    "term": "rare Chu Jelly",
    "translation": "рідкісне желе Чу",
    "notes": "Відновлює всю енергію і тимчасово підвищує силу атаки."
  },
  {
    "term": "red Chu Jelly",
    "translation": "червоне желе Чу",
    "notes": "Відновлює 8 сердець здоров'я."
  },
  {
    "term": "blue Chu Jelly",
    "translation": "синє желе Чу",
    "notes": "Відновлює всі серця здоров'я."
  },
  {
    "term": "yellow Chu Jelly",
    "translation": "жовте желе Чу",
    "notes": "Використовується для заправки ліхтаря."
  },
  {
    "term": "purple Chu Jelly",
    "translation": "фіолетове желе Чу",
    "notes": "Має невідомий ефект при вживанні."
  },
  {
    "term": "simple soup",
    "translation": "простий суп",
    "notes": "Суп з запахом рибного бульйону, відновлює 2 серця."
  },
  {
    "term": "good soup",
    "translation": "хороший суп",
    "notes": "Суп з запахом гарбузів, відновлює 4 серця."
  },
  {
    "term": "superb soup",
    "translation": "чудовий суп",
    "notes": "Суп з сирним запахом, відновлює здоров'я."
  }
]
```
============================================================

==================== 2026-05-22 20:27:38.507 ====================
Task Type: build_glossary
--- MESSAGES SENT ---
[
  {
    "role": "system",
    "content": "You are a linguistic assistant creating a glossary for a video game translation from English to Ukrainian. Analyze the provided text chunk and identify key terms: proper names, locations, items, recurring phrases, and unique concepts. Return them as a JSON array of objects. Each object must include the keys 'term' (original English term), 'translation' (Ukrainian translation), and 'notes' (a short Ukrainian description of what the term means or how it is used). Do not add any extra text outside of the JSON array."
  },
  {
    "role": "user",
    "content": "Here is the text chunk to analyze:\n\n---\n\n55:000001}replenish 8 hearts .\n  You got  Renado's letter ! \n It carefully details how to treat\nIlia to get her memory back.\n\nSet it to   or   to show it.\n  You got the  invoice ! \n This invoice is for the town\ndoctor's running tab, which is\nan astronomical sum.\nSet it to   or   to show it.\n  You got the  wooden statue ! \n This oddly shaped statue is\nsaid to have once belonged to\nIlia.\nIt might be a clue that will help\nIlia get her memory back! Set it\nto   or  .\n  You got  Ilia's charm ! \n Ilia left this charm with the\nwoman who saved her.\n \nThis is the key to getting\nIlia's memory back! Set it to\n  or   and get it to her!\n  You got the  horse call ! \n Ilia made this just for\n .\n\nSet it to   or   and use it\nwhile outside to play\n 's favorite song\nand call her to you.\n\n\n\n\n\n\n\n\n\n\n\n  You got  Auru's memo ! \n Auru wrote this to Fyer of\nLake Hylia.\n\nSet it to   or   to show it.\n  You got   Ashei's sketch ! \n This hastily drawn picture\nshows the creature Ashei saw\nholding a  red fish .\nShow it to people using   or  \nand you might get some\ninformation.\n\n\n\n\n\n\n\n\n\n\n You got  yellow Chu Jelly  in your\nlantern!   Now your lantern's full!\n  You got a  bottle of oil ! \n This is essential for lighting\nyour lantern.\n\nSet your oil and lantern to  \nand  , then use the oil to fill\nthe lantern.\n  You got  bee larva  in a bottle! \n Fish love these and they're also\nedible and full of nutrients.\n\nSet your rod and the larva to  \nand   and use the larva to bait\nyour rod.\n\nIf you use them without the rod \nequipped, you will eat them and\nreplenish  1/4 heart  per larva!\n  You put  black Chu Jelly  in the\nbottle!   This color looks really\nbad for you. You can set it to\n  or   and drink it, but...\n You got a  Tear of Light ! \n This sacred tear cuts the\ntwilight. Collect them in the\nVessel of Light.\n  You got the  Vessel of Light ! \n It's crucial to collecting the\nTears of Light.\n\nIf you fill it with  Tears of Light ,\nyou will be able to cut through\nthe twilight and return normal\nlight to this place.\nTo see these evils that hold the\n Tears of Light , use your   \nsenses .\n  You got the  Vessel of Light ! \n It's crucial to collecting the\nTears of Light.\n\nIf you fill it with  Tears of Light ,\nyou will be able to cut through\nthe twilight and return normal\nlight to this place.\nTo see these evils that hold the\n Tears of Light , use your   \nsenses .\n  You got the  Vessel of Light ! \n It's crucial to collecting the\nTears of Light.\n\nIf you fill it with  Tears of Light ,\nyou will be able to cut through\nthe twilight and return normal\nlight to this place.\nTo see these evils that hold the\n Tears of Light , use your   \nsenses .\nThe  Vessel of Light  is full of\ntears, and light has returned to\nthis area!\n\n\n\n\n\n\n\n\n\n\n\n\n\n\n\n\n\n\n\n\n\n\n\n\n\n\n\n You caught a      beetle ! \n Bug fans love that golden color!\nCheck out caught bugs on the\n Collection screen .\n You caught a      beetle !\n Bug fans love that golden color!\nCheck out caught bugs on the\n Collection screen .\n You caught a      butterfly !\n Bug fans love that golden color!\nCheck out caught bugs on the\n Collection screen .\n You caught a      butterfly !\n Bug fans love that golden color!\nCheck out caught bugs on the\n Collection screen .\n You caught a      stag beetle !\n Bug fans love that golden color!\nCheck out caught bugs on the\n Collection screen .\n You caught a    stag beetle !\n Bug fans love that golden color!\nCheck out caught bugs on the\n Collection screen .\n You caught a      grasshopper !\n Bug fans love that golden color!\nCheck out caught bugs on the\n Collection screen .\n You caught a      grasshopper !\n Bug fans love that golden color!\nCheck out caught bugs on the\n Collection screen .\n You caught a      phasmid !\n Bug fans love that golden color!\nCheck out caught bugs on the\n Collection screen .\n You caught a    phasmid !\n Bug fans love that golden color!\nCheck out caught bugs on the\n Collection screen .\n You caught a      pill bug !\n Bug fans love that golden color!\nCheck out caught bugs on the\n Collection screen .\n You caught a {escape:\n\n---\n\nExtract glossary entries following the instructions. For each item include 'term', 'translation', and 'notes' (1-2 short Ukrainian sentences)."
  }
]
============================================================

==================== 2026-05-22 20:28:05.986 ====================
Task Type: build_glossary
--- MESSAGES SENT ---
[
  {
    "role": "system",
    "content": "You are a linguistic assistant creating a glossary for a video game translation from English to Ukrainian. Analyze the provided text chunk and identify key terms: proper names, locations, items, recurring phrases, and unique concepts. Return them as a JSON array of objects. Each object must include the keys 'term' (original English term), 'translation' (Ukrainian translation), and 'notes' (a short Ukrainian description of what the term means or how it is used). Do not add any extra text outside of the JSON array."
  },
  {
    "role": "user",
    "content": "Here is the text chunk to analyze:\n\n---\n\n55:000001}replenish 8 hearts .\n  You got  Renado's letter ! \n It carefully details how to treat\nIlia to get her memory back.\n\nSet it to   or   to show it.\n  You got the  invoice ! \n This invoice is for the town\ndoctor's running tab, which is\nan astronomical sum.\nSet it to   or   to show it.\n  You got the  wooden statue ! \n This oddly shaped statue is\nsaid to have once belonged to\nIlia.\nIt might be a clue that will help\nIlia get her memory back! Set it\nto   or  .\n  You got  Ilia's charm ! \n Ilia left this charm with the\nwoman who saved her.\n \nThis is the key to getting\nIlia's memory back! Set it to\n  or   and get it to her!\n  You got the  horse call ! \n Ilia made this just for\n .\n\nSet it to   or   and use it\nwhile outside to play\n 's favorite song\nand call her to you.\n\n\n\n\n\n\n\n\n\n\n\n  You got  Auru's memo ! \n Auru wrote this to Fyer of\nLake Hylia.\n\nSet it to   or   to show it.\n  You got   Ashei's sketch ! \n This hastily drawn picture\nshows the creature Ashei saw\nholding a  red fish .\nShow it to people using   or  \nand you might get some\ninformation.\n\n\n\n\n\n\n\n\n\n\n You got  yellow Chu Jelly  in your\nlantern!   Now your lantern's full!\n  You got a  bottle of oil ! \n This is essential for lighting\nyour lantern.\n\nSet your oil and lantern to  \nand  , then use the oil to fill\nthe lantern.\n  You got  bee larva  in a bottle! \n Fish love these and they're also\nedible and full of nutrients.\n\nSet your rod and the larva to  \nand   and use the larva to bait\nyour rod.\n\nIf you use them without the rod \nequipped, you will eat them and\nreplenish  1/4 heart  per larva!\n  You put  black Chu Jelly  in the\nbottle!   This color looks really\nbad for you. You can set it to\n  or   and drink it, but...\n You got a  Tear of Light ! \n This sacred tear cuts the\ntwilight. Collect them in the\nVessel of Light.\n  You got the  Vessel of Light ! \n It's crucial to collecting the\nTears of Light.\n\nIf you fill it with  Tears of Light ,\nyou will be able to cut through\nthe twilight and return normal\nlight to this place.\nTo see these evils that hold the\n Tears of Light , use your   \nsenses .\n  You got the  Vessel of Light ! \n It's crucial to collecting the\nTears of Light.\n\nIf you fill it with  Tears of Light ,\nyou will be able to cut through\nthe twilight and return normal\nlight to this place.\nTo see these evils that hold the\n Tears of Light , use your   \nsenses .\n  You got the  Vessel of Light ! \n It's crucial to collecting the\nTears of Light.\n\nIf you fill it with  Tears of Light ,\nyou will be able to cut through\nthe twilight and return normal\nlight to this place.\nTo see these evils that hold the\n Tears of Light , use your   \nsenses .\nThe  Vessel of Light  is full of\ntears, and light has returned to\nthis area!\n\n\n\n\n\n\n\n\n\n\n\n\n\n\n\n\n\n\n\n\n\n\n\n\n\n\n\n You caught a      beetle ! \n Bug fans love that golden color!\nCheck out caught bugs on the\n Collection screen .\n You caught a      beetle !\n Bug fans love that golden color!\nCheck out caught bugs on the\n Collection screen .\n You caught a      butterfly !\n Bug fans love that golden color!\nCheck out caught bugs on the\n Collection screen .\n You caught a      butterfly !\n Bug fans love that golden color!\nCheck out caught bugs on the\n Collection screen .\n You caught a      stag beetle !\n Bug fans love that golden color!\nCheck out caught bugs on the\n Collection screen .\n You caught a    stag beetle !\n Bug fans love that golden color!\nCheck out caught bugs on the\n Collection screen .\n You caught a      grasshopper !\n Bug fans love that golden color!\nCheck out caught bugs on the\n Collection screen .\n You caught a      grasshopper !\n Bug fans love that golden color!\nCheck out caught bugs on the\n Collection screen .\n You caught a      phasmid !\n Bug fans love that golden color!\nCheck out caught bugs on the\n Collection screen .\n You caught a    phasmid !\n Bug fans love that golden color!\nCheck out caught bugs on the\n Collection screen .\n You caught a      pill bug !\n Bug fans love that golden color!\nCheck out caught bugs on the\n Collection screen .\n You caught a {escape:\n\n---\n\nExtract glossary entries following the instructions. For each item include 'term', 'translation', and 'notes' (1-2 short Ukrainian sentences)."
  }
]
--- RESPONSE RECEIVED ---
```json
[
  {
    "term": "Renado's letter",
    "translation": "лист Ренадо",
    "notes": "Лист від персонажа на ім'я Ренадо з детальними інструкціями щодо лікування Ілії для відновлення її пам'яті."
  },
  {
    "term": "Ilia",
    "translation": "Ілія",
    "notes": "Ім'я жіночого персонажа, яка втратила пам'ять і потребує лікування."
  },
  {
    "term": "invoice",
    "translation": "рахунок",
    "notes": "Рахунок за послуги міського лікаря на астрономічну суму."
  },
  {
    "term": "wooden statue",
    "translation": "дерев'яна статуетка",
    "notes": "Статуетка незвичайної форми, що колись належала Ілії і може допомогти відновити її пам'ять."
  },
  {
    "term": "Ilia's charm",
    "translation": "оберіг Ілії",
    "notes": "Оберіг, який Ілія залишила жінці, що врятувала її. Ключ до відновлення пам'яті Ілії."
  },
  {
    "term": "horse call",
    "translation": "поклик коня",
    "notes": "Предмет, створений Ілією, який дозволяє покликати коня, граючи його улюблену мелодію."
  },
  {
    "term": "Auru's memo",
    "translation": "записка Ауру",
    "notes": "Записка від Ауру, адресована Файєру з озера Хайлія."
  },
  {
    "term": "Auru",
    "translation": "Ауру",
    "notes": "Ім'я персонажа, який написав записку."
  },
  {
    "term": "Fyer",
    "translation": "Файєр",
    "notes": "Персонаж, який знаходиться біля озера Хайлія."
  },
  {
    "term": "Lake Hylia",
    "translation": "озеро Хайлія",
    "notes": "Назва локації у грі."
  },
  {
    "term": "Ashei's sketch",
    "translation": "ескіз Ашей",
    "notes": "Швидко намальований малюнок істоти, яку Ашей бачила з червоною рибою."
  },
  {
    "term": "Ashei",
    "translation": "Ашей",
    "notes": "Ім'я персонажа, який намалював ескіз."
  },
  {
    "term": "red fish",
    "translation": "червона риба",
    "notes": "Риба, яку тримала істота на ескізі Ашей."
  },
  {
    "term": "Chu Jelly",
    "translation": "желе Чу",
    "notes": "Желеподібна субстанція різних кольорів з різними властивостями."
  },
  {
    "term": "yellow Chu Jelly",
    "translation": "жовте желе Чу",
    "notes": "Жовте желе, яке використовується для наповнення ліхтаря."
  },
  {
    "term": "black Chu Jelly",
    "translation": "чорне желе Чу",
    "notes": "Чорне желе, яке виглядає дуже шкідливим для здоров'я."
  },
  {
    "term": "lantern",
    "translation": "ліхтар",
    "notes": "Предмет освітлення, який потребує олії для роботи."
  },
  {
    "term": "bottle of oil",
    "translation": "пляшка олії",
    "notes": "Олія, необхідна для заправки ліхтаря."
  },
  {
    "term": "bee larva",
    "translation": "личинки бджіл",
    "notes": "Їстівні личинки, які використовуються як наживка для риболовлі або їжа для відновлення здоров'я."
  },
  {
    "term": "Tear of Light",
    "translation": "Сльоза Світла",
    "notes": "Священна сльоза, яка розсіює сутінки. Збирається у Посудину Світла."
  },
  {
    "term": "Vessel of Light",
    "translation": "Посудина Світла",
    "notes": "Посудина для збирання Сльоз Світла, необхідна для розсіювання сутінків і повернення світла."
  },
  {
    "term": "twilight",
    "translation": "сутінки",
    "notes": "Темрява або тіньовий стан, який покриває певні локації у грі."
  },
  {
    "term": "senses",
    "translation": "чуття",
    "notes": "Особлива здатність бачити прихованих ворогів, які тримають Сльози Світла."
  },
  {
    "term": "hearts",
    "translation": "серця",
    "notes": "Одиниці здоров'я персонажа у грі."
  },
  {
    "term": "beetle",
    "translation": "жук",
    "notes": "Комаха, яку можна зловити; цінується любителями комах за золотистий колір."
  },
  {
    "term": "butterfly",
    "translation": "метелик",
    "notes": "Комаха, яку можна зловити; цінується любителями комах за золотистий колір."
  },
  {
    "term": "stag beetle",
    "translation": "жук-олень",
    "notes": "Комаха, яку можна зловити; цінується любителями комах за золотистий колір."
  },
  {
    "term": "grasshopper",
    "translation": "коник",
    "notes": "Комаха, яку можна зловити; цінується любителями комах за золотистий колір."
  },
  {
    "term": "phasmid",
    "translation": "паличник",
    "notes": "Комаха, яку можна зловити; цінується любителями комах за золотистий колір."
  },
  {
    "term": "pill bug",
    "translation": "мокриця",
    "notes": "Комаха, яку можна зловити; цінується любителями комах за золотистий колір."
  },
  {
    "term": "Collection screen",
    "translation": "екран колекції",
    "notes": "Меню, де можна переглянути зловлених комах."
  }
]
```
============================================================

==================== 2026-05-22 20:28:05.988 ====================
Task Type: build_glossary
--- MESSAGES SENT ---
[
  {
    "role": "system",
    "content": "You are a linguistic assistant creating a glossary for a video game translation from English to Ukrainian. Analyze the provided text chunk and identify key terms: proper names, locations, items, recurring phrases, and unique concepts. Return them as a JSON array of objects. Each object must include the keys 'term' (original English term), 'translation' (Ukrainian translation), and 'notes' (a short Ukrainian description of what the term means or how it is used). Do not add any extra text outside of the JSON array."
  },
  {
    "role": "user",
    "content": "Here is the text chunk to analyze:\n\n---\n\n255:000001}    pill bug !\n Bug fans love that golden color!\nCheck out caught bugs on the\n Collection screen .\n You caught a      mantis !\n Bug fans love that golden color!\nCheck out caught bugs on the\n Collection screen .\n You caught a      mantis !\n Bug fans love that golden color!\nCheck out caught bugs on the\n Collection screen .\n You caught a      ladybug !\n Bug fans love that golden color!\nCheck out caught bugs on the\n Collection screen .\n You caught a      ladybug !\n Bug fans love that golden color!\nCheck out caught bugs on the\n Collection screen .\n You caught a      snail !\n Snail fans love that golden\ncolor! Check out caught bugs\non the  Collection screen .\n You caught a      snail !\n Snail fans love that golden\ncolor! Check out caught bugs\non the  Collection screen .\n You caught a      dragonfly !\n Bug fans love that golden color!\nCheck out caught bugs on the\n Collection screen .\n You caught a      dragonfly !\n Bug fans love that golden color!\nCheck out caught bugs on the\n Collection screen .\n You caught a      ant !\n Bug fans love that golden color!\nCheck out caught bugs on the\n Collection screen .\n You caught a      ant !\n Bug fans love that golden color!\nCheck out caught bugs on the\n Collection screen .\n You caught a      dayfly !\n Bug fans love that golden color!\nCheck out caught bugs on the\n Collection screen .\n You caught a      dayfly !\n Bug fans love that golden color!\nCheck out caught bugs on the\n Collection screen .\n\n\n\n\n\n\n\n\n You got the  Poe's soul !  \n Collect one from each Poe you\ndefeat! See how many you have\non the  Collection screen .\n\n\n\n\n\n\n\n\n  You got the  Ancient Sky Book ! \n A book written in the ancient\nSky language. A crucial word in\nit is missing some characters...\nThis is a hint to finding a path\nto the sky. Set it to   or  \nand check it.\n You found  one Sky character !  \n  A missing part of the word\nin the Ancient Sky Book has\nbeen restored.\n...But there are still other\nmissing characters.\n  The  Ancient Sky Book  is filled\nwith its missing characters! \n\n\n This is a crucial clue to finding\na path to the sky. Set it to   or\n  and check it.\n   Ooccoo  is now with you! \n She's a reliable Oocca friend.\n\n\nUse her with   or   and she\nwill warp you to the shop in the\nCity in the Sky.\n It held a  purple Rupee (50) ! \n You'd completely forgotten it!\n You got the  small key ! \n This key opens the gate to\nFaron Woods.\n\n\n\n\n You got the  gate keys ! \n These keys open the gates\nalong the path to Kakariko.\n You got the  Ordon pumpkin ! \n This pumpkin was grown in\nyour hometown of Ordon.\n You got the  Ordon goat cheese ! \n This cheese is made from milk\nfrom Ordon goats.\n You got the  bedroom key ! \n This will let you gain access\nto the bedroom that houses the\nmirror shard. \n\n You got the  lantern  back! \n It ran out of oil while you were\nfollowing the monkey around...\n You got a  key shard ! \n You need all three shards to\nreturn the big key to its\noriginal shape.\n You got a  key shard ! \n You need all three shards to\nreturn the big key to its\noriginal shape.\n You got a  key shard ! \n You need all three shards to\nreturn the big key to its\noriginal shape.\n\n You collected all three key\nshards and completed the  big\nkey !   Hurry to the boss!\n You got a  small key ! \n This key opens the gate to\nFaron Woods.\n\n\n\n\n\n\n\n\n\n\nLent Bomb Bag\n\n\n\n\n\n\n\n\n\n\n\n\n\n\n\n\n\n\n\n\n\nFairy\n\nSmall Key\nPieces of Heart\nHeart Container\nDungeon Map\nCompass\nOoccoo\nBig Key\nOoccoo Jr.\nOrdon Sword\nMaster Sword\nOrdon Shield\nWooden Shield\nHylian Shield\nOoccoo's Note\nRanch Clothes\nHero's Clothes\nMagic Armor\nZora Armor\nShadow Crystal\nOoccoo\nWallet\nBig Wallet\nGiant Wallet\n\n\n\n\n\n\nCoral Earring\nHawkeye\nWooden Sword\nGale Boomerang\nSpinner\nBall and Chain\nHero's Bow\nClawshot\nIron Boots\nDominion Rod\nDouble Clawshots\nLantern\nMaster Sword\nFishing Rod\nSlingshot\nDominion Rod\n\n\nGiant Bomb Bag\nBomb Bag\nBag and Bombs\n\nFire Arrow\nQuiver\nBig Quiver\nGiant Quiver\n\n\nHero's Bow\nHero's Bow\nFishing Rod\nFishing Rod + Earring\nFishing Rod\nFishing Rod + Earring\nFishing Rod + Earring\nEmpty Bottle\nRed Potion\nMagic Potion\nBlue Potion\nMilk\nMilk (1/2)\nLantern Oil\nWater\nLantern Oil\nRed Potion\nNasty Soup\nHot Springwater\nFairy\nHot Springwater\nLantern Oil\nLantern Oil\nBombs\nWater Bombs\nBomblings\nFairy's Tears\nWorm\nGreat Fairy's Tears\nBee Larva\nRare Chu Jelly\nRed Chu Jelly\nBlue Chu Jelly\nGreen Chu Jelly\nYellow Chu Jelly\nPurple Chu Jelly\nSimple Soup\nGood Soup\nSuperb Soup\nRenado's Letter\nInvoice\nWooden Sta\n\n---\n\nExtract glossary entries following the instructions. For each item include 'term', 'translation', and 'notes' (1-2 short Ukrainian sentences)."
  }
]
============================================================

==================== 2026-05-22 20:29:06.052 ====================
Task Type: build_glossary
--- MESSAGES SENT ---
[
  {
    "role": "system",
    "content": "You are a linguistic assistant creating a glossary for a video game translation from English to Ukrainian. Analyze the provided text chunk and identify key terms: proper names, locations, items, recurring phrases, and unique concepts. Return them as a JSON array of objects. Each object must include the keys 'term' (original English term), 'translation' (Ukrainian translation), and 'notes' (a short Ukrainian description of what the term means or how it is used). Do not add any extra text outside of the JSON array."
  },
  {
    "role": "user",
    "content": "Here is the text chunk to analyze:\n\n---\n\n255:000001}    pill bug !\n Bug fans love that golden color!\nCheck out caught bugs on the\n Collection screen .\n You caught a      mantis !\n Bug fans love that golden color!\nCheck out caught bugs on the\n Collection screen .\n You caught a      mantis !\n Bug fans love that golden color!\nCheck out caught bugs on the\n Collection screen .\n You caught a      ladybug !\n Bug fans love that golden color!\nCheck out caught bugs on the\n Collection screen .\n You caught a      ladybug !\n Bug fans love that golden color!\nCheck out caught bugs on the\n Collection screen .\n You caught a      snail !\n Snail fans love that golden\ncolor! Check out caught bugs\non the  Collection screen .\n You caught a      snail !\n Snail fans love that golden\ncolor! Check out caught bugs\non the  Collection screen .\n You caught a      dragonfly !\n Bug fans love that golden color!\nCheck out caught bugs on the\n Collection screen .\n You caught a      dragonfly !\n Bug fans love that golden color!\nCheck out caught bugs on the\n Collection screen .\n You caught a      ant !\n Bug fans love that golden color!\nCheck out caught bugs on the\n Collection screen .\n You caught a      ant !\n Bug fans love that golden color!\nCheck out caught bugs on the\n Collection screen .\n You caught a      dayfly !\n Bug fans love that golden color!\nCheck out caught bugs on the\n Collection screen .\n You caught a      dayfly !\n Bug fans love that golden color!\nCheck out caught bugs on the\n Collection screen .\n\n\n\n\n\n\n\n\n You got the  Poe's soul !  \n Collect one from each Poe you\ndefeat! See how many you have\non the  Collection screen .\n\n\n\n\n\n\n\n\n  You got the  Ancient Sky Book ! \n A book written in the ancient\nSky language. A crucial word in\nit is missing some characters...\nThis is a hint to finding a path\nto the sky. Set it to   or  \nand check it.\n You found  one Sky character !  \n  A missing part of the word\nin the Ancient Sky Book has\nbeen restored.\n...But there are still other\nmissing characters.\n  The  Ancient Sky Book  is filled\nwith its missing characters! \n\n\n This is a crucial clue to finding\na path to the sky. Set it to   or\n  and check it.\n   Ooccoo  is now with you! \n She's a reliable Oocca friend.\n\n\nUse her with   or   and she\nwill warp you to the shop in the\nCity in the Sky.\n It held a  purple Rupee (50) ! \n You'd completely forgotten it!\n You got the  small key ! \n This key opens the gate to\nFaron Woods.\n\n\n\n\n You got the  gate keys ! \n These keys open the gates\nalong the path to Kakariko.\n You got the  Ordon pumpkin ! \n This pumpkin was grown in\nyour hometown of Ordon.\n You got the  Ordon goat cheese ! \n This cheese is made from milk\nfrom Ordon goats.\n You got the  bedroom key ! \n This will let you gain access\nto the bedroom that houses the\nmirror shard. \n\n You got the  lantern  back! \n It ran out of oil while you were\nfollowing the monkey around...\n You got a  key shard ! \n You need all three shards to\nreturn the big key to its\noriginal shape.\n You got a  key shard ! \n You need all three shards to\nreturn the big key to its\noriginal shape.\n You got a  key shard ! \n You need all three shards to\nreturn the big key to its\noriginal shape.\n\n You collected all three key\nshards and completed the  big\nkey !   Hurry to the boss!\n You got a  small key ! \n This key opens the gate to\nFaron Woods.\n\n\n\n\n\n\n\n\n\n\nLent Bomb Bag\n\n\n\n\n\n\n\n\n\n\n\n\n\n\n\n\n\n\n\n\n\nFairy\n\nSmall Key\nPieces of Heart\nHeart Container\nDungeon Map\nCompass\nOoccoo\nBig Key\nOoccoo Jr.\nOrdon Sword\nMaster Sword\nOrdon Shield\nWooden Shield\nHylian Shield\nOoccoo's Note\nRanch Clothes\nHero's Clothes\nMagic Armor\nZora Armor\nShadow Crystal\nOoccoo\nWallet\nBig Wallet\nGiant Wallet\n\n\n\n\n\n\nCoral Earring\nHawkeye\nWooden Sword\nGale Boomerang\nSpinner\nBall and Chain\nHero's Bow\nClawshot\nIron Boots\nDominion Rod\nDouble Clawshots\nLantern\nMaster Sword\nFishing Rod\nSlingshot\nDominion Rod\n\n\nGiant Bomb Bag\nBomb Bag\nBag and Bombs\n\nFire Arrow\nQuiver\nBig Quiver\nGiant Quiver\n\n\nHero's Bow\nHero's Bow\nFishing Rod\nFishing Rod + Earring\nFishing Rod\nFishing Rod + Earring\nFishing Rod + Earring\nEmpty Bottle\nRed Potion\nMagic Potion\nBlue Potion\nMilk\nMilk (1/2)\nLantern Oil\nWater\nLantern Oil\nRed Potion\nNasty Soup\nHot Springwater\nFairy\nHot Springwater\nLantern Oil\nLantern Oil\nBombs\nWater Bombs\nBomblings\nFairy's Tears\nWorm\nGreat Fairy's Tears\nBee Larva\nRare Chu Jelly\nRed Chu Jelly\nBlue Chu Jelly\nGreen Chu Jelly\nYellow Chu Jelly\nPurple Chu Jelly\nSimple Soup\nGood Soup\nSuperb Soup\nRenado's Letter\nInvoice\nWooden Sta\n\n---\n\nExtract glossary entries following the instructions. For each item include 'term', 'translation', and 'notes' (1-2 short Ukrainian sentences)."
  }
]
--- RESPONSE RECEIVED ---
```json
[
  {
    "term": "pill bug",
    "translation": "мокриця",
    "notes": "Комаха, яку можна зловити в грі. Фанати комах люблять золотий колір."
  },
  {
    "term": "mantis",
    "translation": "богомол",
    "notes": "Комаха, яку можна зловити в грі. Відображається на екрані колекції."
  },
  {
    "term": "ladybug",
    "translation": "сонечко",
    "notes": "Комаха, яку можна зловити в грі. Має золотий колір."
  },
  {
    "term": "snail",
    "translation": "равлик",
    "notes": "Молюск, якого можна зловити. Фанати равликів люблять золотий колір."
  },
  {
    "term": "dragonfly",
    "translation": "бабка",
    "notes": "Комаха, яку можна зловити та переглянути в колекції."
  },
  {
    "term": "ant",
    "translation": "мураха",
    "notes": "Комаха, яку можна зловити в грі."
  },
  {
    "term": "dayfly",
    "translation": "одноденка",
    "notes": "Комаха, яку можна зловити та додати до колекції."
  },
  {
    "term": "Collection screen",
    "translation": "Екран колекції",
    "notes": "Меню, де можна переглянути зловлених комах та інші зібрані предмети."
  },
  {
    "term": "Bug fans",
    "translation": "Фанати комах",
    "notes": "Персонажі або гравці, які цінують зловлених комах."
  },
  {
    "term": "Poe's soul",
    "translation": "Душа По",
    "notes": "Предмет, який випадає після перемоги над По. Збирається в колекцію."
  },
  {
    "term": "Poe",
    "translation": "По",
    "notes": "Ворог-привид, якого потрібно перемогти для отримання душі."
  },
  {
    "term": "Ancient Sky Book",
    "translation": "Стародавня Небесна Книга",
    "notes": "Книга, написана давньою небесною мовою. Містить підказку до шляху на небо."
  },
  {
    "term": "Sky character",
    "translation": "Небесний символ",
    "notes": "Відсутня частина слова в Стародавній Небесній Книзі."
  },
  {
    "term": "City in the Sky",
    "translation": "Місто в Небі",
    "notes": "Локація в грі, куди можна потрапити за допомогою Окку."
  },
  {
    "term": "Ooccoo",
    "translation": "Окку",
    "notes": "Надійний друг з раси Окка. Телепортує гравця до крамниці в Місті в Небі."
  },
  {
    "term": "Oocca",
    "translation": "Окка",
    "notes": "Раса, до якої належить Окку."
  },
  {
    "term": "purple Rupee",
    "translation": "фіолетова рупія",
    "notes": "Валюта гри вартістю 50 одиниць."
  },
  {
    "term": "Rupee",
    "translation": "рупія",
    "notes": "Основна валюта у світі гри."
  },
  {
    "term": "small key",
    "translation": "малий ключ",
    "notes": "Ключ, який відкриває ворота до Фаронського Лісу або інші замки."
  },
  {
    "term": "Faron Woods",
    "translation": "Фаронський Ліс",
    "notes": "Локація в грі, доступ до якої відкривається ключем."
  },
  {
    "term": "gate keys",
    "translation": "ключі від воріт",
    "notes": "Ключі, які відкривають ворота на шляху до Какаріко."
  },
  {
    "term": "Kakariko",
    "translation": "Какаріко",
    "notes": "Село або локація в грі."
  },
  {
    "term": "Ordon pumpkin",
    "translation": "ордонський гарбуз",
    "notes": "Гарбуз, вирощений у рідному селі гравця Ордоні."
  },
  {
    "term": "Ordon",
    "translation": "Ордон",
    "notes": "Рідне село головного героя."
  },
  {
    "term": "Ordon goat cheese",
    "translation": "ордонський козячий сир",
    "notes": "Сир, виготовлений з молока ордонських кіз."
  },
  {
    "term": "bedroom key",
    "translation": "ключ від спальні",
    "notes": "Ключ, який дає доступ до спальні з уламком дзеркала."
  },
  {
    "term": "mirror shard",
    "translation": "уламок дзеркала",
    "notes": "Частина дзеркала, яка знаходиться в спальні."
  },
  {
    "term": "lantern",
    "translation": "ліхтар",
    "notes": "Предмет для освітлення, який використовує олію."
  },
  {
    "term": "key shard",
    "translation": "уламок ключа",
    "notes": "Частина великого ключа. Потрібно зібрати всі три уламки."
  },
  {
    "term": "big key",
    "translation": "великий ключ",
    "notes": "Ключ, який складається з трьох уламків. Відкриває шлях до боса."
  },
  {
    "term": "Bomb Bag",
    "translation": "Сумка для бомб",
    "notes": "Предмет для зберігання бомб."
  },
  {
    "term": "Fairy",
    "translation": "Фея",
    "notes": "Магічна істота, яку можна зберігати в пляшці."
  },
  {
    "term": "Pieces of Heart",
    "translation": "Частини серця",
    "notes": "Колекційні предмети для збільшення здоров'я."
  },
  {
    "term": "Heart Container",
    "translation": "Контейнер серця",
    "notes": "Предмет, який збільшує максимальне здоров'я."
  },
  {
    "term": "Dungeon Map",
    "translation": "Карта підземелля",
    "notes": "Показує планування підземелля."
  },
  {
    "term": "Compass",
    "translation": "Компас",
    "notes": "Показує розташування скарбів та ключових об'єктів."
  },
  {
    "term": "Ooccoo Jr.",
    "translation": "Окку-молодший",
    "notes": "Дитина Окку, допомагає в підземеллях."
  },
  {
    "term": "Ordon Sword",
    "translation": "Ордонський меч",
    "notes": "Початковий меч з Ордону."
  },
  {
    "term": "Master Sword",
    "translation": "Майстер-меч",
    "notes": "Легендарний меч, основна зброя героя."
  },
  {
    "term": "Ordon Shield",
    "translation": "Ордонський щит",
    "notes": "Щит з Ордону."
  },
  {
    "term": "Wooden Shield",
    "translation": "Дерев'яний щит",
    "notes": "Простий щит з дерева."
  },
  {
    "term": "Hylian Shield",
    "translation": "Хайліанський щит",
    "notes": "Міцний щит з Хайрулу."
  },
  {
    "term": "Ooccoo's Note",
    "translation": "Записка Окку",
    "notes": "Повідомлення від Окку."
  },
  {
    "term": "Ranch Clothes",
    "translation": "Одяг ранчо",
    "notes": "Повсякденний одяг героя."
  },
  {
    "term": "Hero's Clothes",
    "translation": "Одяг героя",
    "notes": "Традиційний зелений одяг героя."
  },
  {
    "term": "Magic Armor",
    "translation": "Магічна броня",
    "notes": "Броня, яка захищає за рахунок рупій."
  },
  {
    "term": "Zora Armor",
    "translation": "Броня Зора",
    "notes": "Броня, яка дозволяє плавати під водою."
  },
  {
    "term": "Zora",
    "translation": "Зора",
    "notes": "Водяна раса в грі."
  },
  {
    "term": "Shadow Crystal",
    "translation": "Кристал тіні",
    "notes": "Предмет, пов'язаний з темною магією."
  },
  {
    "term": "Wallet",
    "translation": "Гаманець",
    "notes": "Базовий гаманець для зберігання рупій."
  },
  {
    "term": "Big Wallet",
    "translation": "Великий гаманець",
    "notes": "Гаманець з більшою місткістю."
  },
  {
    "term": "Giant Wallet",
    "translation": "Гігантський гаманець",
    "notes": "Найбільший гаманець для рупій."
  },
  {
    "term": "Coral Earring",
    "translation": "Коралова сережка",
    "notes": "Приманка для риболовлі."
  },
  {
    "term": "Hawkeye",
    "translation": "Соколине око",
    "notes": "Предмет для збільшення дальності зору."
  },
  {
    "term": "Wooden Sword",
    "translation": "Дерев'яний меч",
    "notes": "Тренувальний меч з дерева."
  },
  {
    "term": "Gale Boomerang",
    "translation": "Буревійний бумеранг",
    "notes": "Бумеранг, який створює вітер."
  },
  {
    "term": "Spinner",
    "translation": "Спінер",
    "notes": "Пристрій для руху по рейках."
  },
  {
    "term": "Ball and Chain",
    "translation": "Куля на ланцюгу",
    "notes": "Важка зброя для руйнування перешкод."
  },
  {
    "term": "Hero's Bow",
    "translation": "Лук героя",
    "notes": "Основна далекобійна зброя."
  },
  {
    "term": "Clawshot",
    "translation": "Гак-кіготь",
    "notes": "Інструмент для чіпляння за цілі."
  },
  {
    "term": "Iron Boots",
    "translation": "Залізні чоботи",
    "notes": "Важкі чоботи для занурення під воду."
  },
  {
    "term": "Dominion Rod",
    "translation": "Жезл влади",
    "notes": "Магічний жезл для керування статуями."
  },
  {
    "term": "Double Clawshots",
    "translation": "Подвійні гаки-кігті",
    "notes": "Покращена версія гака-кігтя."
  },
  {
    "term": "Fishing Rod",
    "translation": "Вудка",
    "notes": "Інструмент для риболовлі."
  },
  {
    "term": "Slingshot",
    "translation": "Рогатка",
    "notes": "Проста далекобійна зброя."
  },
  {
    "term": "Giant Bomb Bag",
    "translation": "Гігантська сумка для бомб",
    "notes": "Найбільша сумка для зберігання бомб."
  },
  {
    "term": "Fire Arrow",
    "translation": "Вогняна стріла",
    "notes": "Стріла з вогняним ефектом."
  },
  {
    "term": "Quiver",
    "translation": "Сагайдак",
    "notes": "Базовий сагайдак для стріл."
  },
  {
    "term": "Big Quiver",
    "translation": "Великий сагайдак",
    "notes": "Сагайдак з більшою місткістю."
  },
  {
    "term": "Giant Quiver",
    "translation": "Гігантський сагайдак",
    "notes": "Найбільший сагайдак для стріл."
  },
  {
    "term": "Empty Bottle",
    "translation": "Порожня пляшка",
    "notes": "Пляшка для зберігання рідин та предметів."
  },
  {
    "term": "Red Potion",
    "translation": "Червоне зілля",
    "notes": "Зілля для відновлення здоров'я."
  },
  {
    "term": "Magic Potion",
    "translation": "Магічне зілля",
    "notes": "Зілля для відновлення магії."
  },
  {
    "term": "Blue Potion",
    "translation": "Синє зілля",
    "notes": "Зілля для відновлення здоров'я та магії."
  },
  {
    "term": "Milk",
    "translation": "Молоко",
    "notes": "Напій для відновлення здоров'я."
  },
  {
    "term": "Lantern Oil",
    "translation": "Олія для ліхтаря",
    "notes": "Паливо для ліхтаря."
  },
  {
    "term": "Water",
    "translation": "Вода",
    "notes": "Звичайна вода в пляшці."
  },
  {
    "term": "Nasty Soup",
    "translation": "Огидний суп",
    "notes": "Суп з неприємним смаком."
  },
  {
    "term": "Hot Springwater",
    "translation": "Гаряча джерельна вода",
    "notes": "Вода з гарячого джерела."
  },
  {
    "term": "Bombs",
    "translation": "Бомби",
    "notes": "Вибухівка для руйнування перешкод."
  },
  {
    "term": "Water Bombs",
    "translation": "Водяні бомби",
    "notes": "Бомби, які працюють під водою."
  },
  {
    "term": "Bomblings",
    "translation": "Бомблінги",
    "notes": "Маленькі живі бомби."
  },
  {
    "term": "Fairy's Tears",
    "translation": "Сльози феї",
    "notes": "Рідкісний предмет від феї."
  },
  {
    "term": "Worm",
    "translation": "Черв'як",
    "notes": "Приманка для риболовлі."
  },
  {
    "term": "Great Fairy's Tears",
    "translation": "Сльози великої феї",
    "notes": "Дуже рідкісний предмет від великої феї."
  },
  {
    "term": "Bee Larva",
    "translation": "Личинка бджоли",
    "notes": "Приманка для риболовлі."
  },
  {
    "term": "Rare Chu Jelly",
    "translation": "Рідкісне желе Чу",
    "notes": "Рідкісний предмет від Чу."
  },
  {
    "term": "Chu Jelly",
    "translation": "Желе Чу",
    "notes": "Предмет, який випадає з Чу різних кольорів."
  },
  {
    "term": "Red Chu Jelly",
    "translation": "Червоне желе Чу",
    "notes": "Желе від червоного Чу."
  },
  {
    "term": "Blue Chu Jelly",
    "translation": "Синє желе Чу",
    "notes": "Желе від синього Чу."
  },
  {
    "term": "Green Chu Jelly",
    "translation": "Зелене желе Чу",
    "notes": "Желе від зеленого Чу."
  },
  {
    "term": "Yellow Chu Jelly",
    "translation": "Жовте желе Чу",
    "notes": "Желе від жовтого Чу."
  },
  {
    "term": "Purple Chu Jelly",
    "translation": "Фіолетове желе Чу",
    "notes": "Желе від фіолетового Чу."
  },
  {
    "term": "Simple Soup",
    "translation": "Простий суп",
    "notes": "Базовий суп."
  },
  {
    "term": "Good Soup",
    "translation": "Хороший суп",
    "notes": "Покращений суп."
  },
  {
    "term": "Superb Soup",
    "translation": "Чудовий суп",
    "notes": "Найкращий суп."
  },
  {
    "term": "Renado's Letter",
    "translation": "Лист Ренадо",
    "notes": "Лист від персонажа на ім'я Ренадо."
  },
  {
    "term": "Invoice",
    "translation": "Рахунок",
    "notes": "Документ з рахунком."
  }
]
```
============================================================

==================== 2026-05-22 20:29:06.054 ====================
Task Type: build_glossary
--- MESSAGES SENT ---
[
  {
    "role": "system",
    "content": "You are a linguistic assistant creating a glossary for a video game translation from English to Ukrainian. Analyze the provided text chunk and identify key terms: proper names, locations, items, recurring phrases, and unique concepts. Return them as a JSON array of objects. Each object must include the keys 'term' (original English term), 'translation' (Ukrainian translation), and 'notes' (a short Ukrainian description of what the term means or how it is used). Do not add any extra text outside of the JSON array."
  },
  {
    "role": "user",
    "content": "Here is the text chunk to analyze:\n\n---\n\ntue\nIlia's Charm\nHorse Call\n\n\n\n\n\n\n\n\n\n\n\nAuru's Memo\nAshei's Sketch\n\n\n\n\n\n\n\n\n\n\n\nLantern Oil\nBee Larva\nBlack Chu Jelly\nTear of Light\nVessel of Light\nVessel of Light\nVessel of Light\nVessel of Light\nMirror Shards\nMirror Shards\nMirror Shards\n\n\n\n\n\n\n\n\nScent of  Ilia\n\n Poe  Scent\n Reekfish  Scent\n Youths'  Scent\n Medicine  Scent\n\n\n\n\n\n\n\n\n\n\n  beetle\n  beetle\n  butterfly\n  butterfly\n  stag beetle\n  stag beetle\n  grasshopper\n  grasshopper\n  phasmid\n  phasmid\n  pill bug\n  pill bug\n  mantis\n  mantis\n  ladybug\n  ladybug\n  snail\n  snail\n  dragonfly\n  dragonfly\n  ant\n  ant\n  dayfly\n  dayfly\n\n\n\n\n\n\n\n\nPoe Souls\n\n\n\n\n\n\n\n\nAncient Sky Book\nAncient Sky Book\nFilled Sky Book\nOoccoo\n\nSmall Key\n\n\n\n\nGate Key\nOrdon Pumpkin\nOrdon Cheese\nBedroom Key\nSurf Leaf\nLantern\nKey Shard\nKey Shard\nKey Shard\n\nBig Key\nSmall Key\n\n\n\n\n\n\n\n\n\n The bomb bag that you borrowed from Iza.\n Lift one with   or   and press   to set\n it down. Press   while running to throw.\n After setting the  Hero's Bow , use   on\n the Items screen to combine them to \n make  bomb arrows .\nA bomb bag you got from Iza.\n\n A bag without bombs in it.\n Ask Iza and she will fill it for you.\n\n\n\n\n\n\n\n\n\n\n\n\n\n\n\n\n\n\n\n\n A faithful companion that will give  hearts\n and revive you when you fall in battle.\n\n Set it to and use it with   or   and it will\n replenish  8 hearts . \n It will not revive you in water.\n\n\nFive pieces will make a full Heart\nContainer. More containers mean\nmore life.\n\n  Green areas  are ones you've visited. \n  The  yellow arrow  is you.\n Locates items in the dungeon.\n A friend you made during your travels.\n\n Call her with   or   and she will warp\n you outside the dungeon.\n Accesses the room of the boss\n who lurks deep within the dungeon.\n Ooccoo's one and only son.\n Set him to and call him with   or   and\n he will warp you to where Ooccoo is.\n However, if you walk into the dungeon,\n Ooccoo will appear at the dungeon\n entrance instead of where you left her.\n Rusl crafted this fine sword.\nIt is inlaid with Ordon goat horns.\nSwing with   or sheathe with  .\n The blade of evil's bane. Those\nwith evil hearts cannot touch it.\nSwing with   and sheathe with  .\n A traditional Ordon shield.\nDefend against attacks with  .\nFire will burn it away!\n A popular wooden shield.\nDefend against attacks with  .\nFire will burn it away!\n A shield with a Hylian crest.\nDefend against attacks with  .\nIt's metal and will never burn.\n Ooccoo has things to do.\nSo she will remain here.\nIf you return, let's get together! \n...That's what this says.\n\nGreen clothes. It is said that the\nhero who long ago saved Hyrule\nfrom danger wore these.\nArmor that protects its wearer by\nmaking Rupees magical. Without\nRupees, it impedes movement.\nGarments made of Zora scales. They\nlet you breathe and swim in water\nbut are weak against fire and ice.\n\n A friend you made during your travels.\n\n Call her with   or   and she will warp\n you outside the dungeon. \nA wallet from your childhood.\nIt holds up to 300 Rupees.\nThe wallet given to you by Agitha,\nprincess of the insect kingdom.\nIt can hold 600 Rupees.\nThe wallet given by Agitha to\nbenefactors of the insect kingdom.\nIt can hold up to 1,000 Rupees.\n\n\n\n\n\n\n\n*A Zora earring that attracts fish.\n Made of precious coral.\n*Combine it with the fishing rod and use it\n  as a hook.\n A sophisticated scope that can zoom in on\ndistant things. \n\n Use it with   or  .\n Combine it with the  Hero's Bow  using  \n to zoom in on far-off targets.\n  's beloved wooden\nsword.\nJust use   to swing it.\n\n An enchanted boomerang containing the\nFairy of Winds.\n Throw it with   or   to suck up almost \n anything with gale force.\n Use   to lock on to anything with a  .\n Lock on to up to  5  targets at once.\n An ancient machine that allows riders \nto float over the land.\n Ride it with   or   to float over sand\n and ride along wall rails.\n Press   while riding to attack enemies\n with a spin surge.\n A giant iron ball and chain.\n\n Swing it with   or   and release it \n after building momentum to cause\n serious damage.\n It's said that this Goron treasure was left\nbehind by a hero of the past.\n\n Press and hold   or  , use   to \n target, and release to fire.\n You can hold up to     at once.\n A chain with a claw at one end.\n Hold it with   or  , aim at places where\n you see   with  , and release the \n button to fly to that place.\n Use   to move up and down when\n hanging from the ceiling.\n Iron boots that make you heavier.\n\n Wear them with   or  .\n Wear them underwater to sink and walk\n along the bottom.\n An amazing rod that can infuse ancient\nstatues with life.\n Hold it with   or  , aim with  , and\n release the button to awaken the statue.\n A statue that has received life will \n move in the same way as its master.\n A pair of Clawshots.\n Hold them with   or  , use   to aim at\n   spots, and release the button to fire.\n Use it again while hanging to fire again.\n Use   to move up and down when \n hanging from the ceiling.\n An essential item that lights the darkness.\n Light it with   or   and press   while\n not moving to put it out.\n Press\n\n---\n\nExtract glossary entries following the instructions. For each item include 'term', 'translation', and 'notes' (1-2 short Ukrainian sentences)."
  }
]
============================================================

==================== 2026-05-22 20:30:17.102 ====================
Task Type: build_glossary
--- MESSAGES SENT ---
[
  {
    "role": "system",
    "content": "You are a linguistic assistant creating a glossary for a video game translation from English to Ukrainian. Analyze the provided text chunk and identify key terms: proper names, locations, items, recurring phrases, and unique concepts. Return them as a JSON array of objects. Each object must include the keys 'term' (original English term), 'translation' (Ukrainian translation), and 'notes' (a short Ukrainian description of what the term means or how it is used). Do not add any extra text outside of the JSON array."
  },
  {
    "role": "user",
    "content": "Here is the text chunk to analyze:\n\n---\n\ntue\nIlia's Charm\nHorse Call\n\n\n\n\n\n\n\n\n\n\n\nAuru's Memo\nAshei's Sketch\n\n\n\n\n\n\n\n\n\n\n\nLantern Oil\nBee Larva\nBlack Chu Jelly\nTear of Light\nVessel of Light\nVessel of Light\nVessel of Light\nVessel of Light\nMirror Shards\nMirror Shards\nMirror Shards\n\n\n\n\n\n\n\n\nScent of  Ilia\n\n Poe  Scent\n Reekfish  Scent\n Youths'  Scent\n Medicine  Scent\n\n\n\n\n\n\n\n\n\n\n  beetle\n  beetle\n  butterfly\n  butterfly\n  stag beetle\n  stag beetle\n  grasshopper\n  grasshopper\n  phasmid\n  phasmid\n  pill bug\n  pill bug\n  mantis\n  mantis\n  ladybug\n  ladybug\n  snail\n  snail\n  dragonfly\n  dragonfly\n  ant\n  ant\n  dayfly\n  dayfly\n\n\n\n\n\n\n\n\nPoe Souls\n\n\n\n\n\n\n\n\nAncient Sky Book\nAncient Sky Book\nFilled Sky Book\nOoccoo\n\nSmall Key\n\n\n\n\nGate Key\nOrdon Pumpkin\nOrdon Cheese\nBedroom Key\nSurf Leaf\nLantern\nKey Shard\nKey Shard\nKey Shard\n\nBig Key\nSmall Key\n\n\n\n\n\n\n\n\n\n The bomb bag that you borrowed from Iza.\n Lift one with   or   and press   to set\n it down. Press   while running to throw.\n After setting the  Hero's Bow , use   on\n the Items screen to combine them to \n make  bomb arrows .\nA bomb bag you got from Iza.\n\n A bag without bombs in it.\n Ask Iza and she will fill it for you.\n\n\n\n\n\n\n\n\n\n\n\n\n\n\n\n\n\n\n\n\n A faithful companion that will give  hearts\n and revive you when you fall in battle.\n\n Set it to and use it with   or   and it will\n replenish  8 hearts . \n It will not revive you in water.\n\n\nFive pieces will make a full Heart\nContainer. More containers mean\nmore life.\n\n  Green areas  are ones you've visited. \n  The  yellow arrow  is you.\n Locates items in the dungeon.\n A friend you made during your travels.\n\n Call her with   or   and she will warp\n you outside the dungeon.\n Accesses the room of the boss\n who lurks deep within the dungeon.\n Ooccoo's one and only son.\n Set him to and call him with   or   and\n he will warp you to where Ooccoo is.\n However, if you walk into the dungeon,\n Ooccoo will appear at the dungeon\n entrance instead of where you left her.\n Rusl crafted this fine sword.\nIt is inlaid with Ordon goat horns.\nSwing with   or sheathe with  .\n The blade of evil's bane. Those\nwith evil hearts cannot touch it.\nSwing with   and sheathe with  .\n A traditional Ordon shield.\nDefend against attacks with  .\nFire will burn it away!\n A popular wooden shield.\nDefend against attacks with  .\nFire will burn it away!\n A shield with a Hylian crest.\nDefend against attacks with  .\nIt's metal and will never burn.\n Ooccoo has things to do.\nSo she will remain here.\nIf you return, let's get together! \n...That's what this says.\n\nGreen clothes. It is said that the\nhero who long ago saved Hyrule\nfrom danger wore these.\nArmor that protects its wearer by\nmaking Rupees magical. Without\nRupees, it impedes movement.\nGarments made of Zora scales. They\nlet you breathe and swim in water\nbut are weak against fire and ice.\n\n A friend you made during your travels.\n\n Call her with   or   and she will warp\n you outside the dungeon. \nA wallet from your childhood.\nIt holds up to 300 Rupees.\nThe wallet given to you by Agitha,\nprincess of the insect kingdom.\nIt can hold 600 Rupees.\nThe wallet given by Agitha to\nbenefactors of the insect kingdom.\nIt can hold up to 1,000 Rupees.\n\n\n\n\n\n\n\n*A Zora earring that attracts fish.\n Made of precious coral.\n*Combine it with the fishing rod and use it\n  as a hook.\n A sophisticated scope that can zoom in on\ndistant things. \n\n Use it with   or  .\n Combine it with the  Hero's Bow  using  \n to zoom in on far-off targets.\n  's beloved wooden\nsword.\nJust use   to swing it.\n\n An enchanted boomerang containing the\nFairy of Winds.\n Throw it with   or   to suck up almost \n anything with gale force.\n Use   to lock on to anything with a  .\n Lock on to up to  5  targets at once.\n An ancient machine that allows riders \nto float over the land.\n Ride it with   or   to float over sand\n and ride along wall rails.\n Press   while riding to attack enemies\n with a spin surge.\n A giant iron ball and chain.\n\n Swing it with   or   and release it \n after building momentum to cause\n serious damage.\n It's said that this Goron treasure was left\nbehind by a hero of the past.\n\n Press and hold   or  , use   to \n target, and release to fire.\n You can hold up to     at once.\n A chain with a claw at one end.\n Hold it with   or  , aim at places where\n you see   with  , and release the \n button to fly to that place.\n Use   to move up and down when\n hanging from the ceiling.\n Iron boots that make you heavier.\n\n Wear them with   or  .\n Wear them underwater to sink and walk\n along the bottom.\n An amazing rod that can infuse ancient\nstatues with life.\n Hold it with   or  , aim with  , and\n release the button to awaken the statue.\n A statue that has received life will \n move in the same way as its master.\n A pair of Clawshots.\n Hold them with   or  , use   to aim at\n   spots, and release the button to fire.\n Use it again while hanging to fire again.\n Use   to move up and down when \n hanging from the ceiling.\n An essential item that lights the darkness.\n Light it with   or   and press   while\n not moving to put it out.\n Press\n\n---\n\nExtract glossary entries following the instructions. For each item include 'term', 'translation', and 'notes' (1-2 short Ukrainian sentences)."
  }
]
--- RESPONSE RECEIVED ---
```json
[
  {
    "term": "Ilia's Charm",
    "translation": "Оберіг Ілії",
    "notes": "Особистий предмет Ілії, подруги головного героя з села Ордон."
  },
  {
    "term": "Horse Call",
    "translation": "Поклик Коня",
    "notes": "Предмет для виклику коня Епони."
  },
  {
    "term": "Auru's Memo",
    "translation": "Записка Ауру",
    "notes": "Записка від Ауру, одного з союзників героя."
  },
  {
    "term": "Ashei's Sketch",
    "translation": "Малюнок Ашей",
    "notes": "Ескіз від Ашей, що містить важливу інформацію."
  },
  {
    "term": "Lantern Oil",
    "translation": "Олія для Ліхтаря",
    "notes": "Паливо для ліхтаря, необхідне для освітлення темних місць."
  },
  {
    "term": "Bee Larva",
    "translation": "Личинка Бджоли",
    "notes": "Личинка бджоли, використовується як наживка для риболовлі."
  },
  {
    "term": "Black Chu Jelly",
    "translation": "Чорне Желе Чу",
    "notes": "Желе від чорного Чу, має особливі властивості."
  },
  {
    "term": "Tear of Light",
    "translation": "Сльоза Світла",
    "notes": "Магічна сльоза, що повертає світло у затемнені регіони."
  },
  {
    "term": "Vessel of Light",
    "translation": "Посудина Світла",
    "notes": "Магічна посудина для збирання Сльоз Світла."
  },
  {
    "term": "Mirror Shards",
    "translation": "Уламки Дзеркала",
    "notes": "Фрагменти Дзеркала Сутінків, необхідні для відновлення артефакту."
  },
  {
    "term": "Scent of Ilia",
    "translation": "Запах Ілії",
    "notes": "Аромат, що дозволяє відстежувати Ілію у вовчій формі."
  },
  {
    "term": "Poe Scent",
    "translation": "Запах По",
    "notes": "Аромат духів По для відстеження."
  },
  {
    "term": "Reekfish Scent",
    "translation": "Запах Рікфіша",
    "notes": "Запах риби Рікфіш для відстеження."
  },
  {
    "term": "Youths' Scent",
    "translation": "Запах Юнаків",
    "notes": "Аромат молодих людей для відстеження."
  },
  {
    "term": "Medicine Scent",
    "translation": "Запах Ліків",
    "notes": "Аромат медикаментів для відстеження."
  },
  {
    "term": "beetle",
    "translation": "жук",
    "notes": "Комаха, яку можна зловити та продати."
  },
  {
    "term": "butterfly",
    "translation": "метелик",
    "notes": "Комаха, яку можна зловити та продати."
  },
  {
    "term": "stag beetle",
    "translation": "жук-олень",
    "notes": "Рідкісна комаха з високою цінністю."
  },
  {
    "term": "grasshopper",
    "translation": "коник",
    "notes": "Комаха, яку можна зловити."
  },
  {
    "term": "phasmid",
    "translation": "паличник",
    "notes": "Комаха-паличник, рідкісний екземпляр."
  },
  {
    "term": "pill bug",
    "translation": "мокриця",
    "notes": "Комаха, яку можна знайти під камінням."
  },
  {
    "term": "mantis",
    "translation": "богомол",
    "notes": "Хижа комаха, цінний екземпляр."
  },
  {
    "term": "ladybug",
    "translation": "сонечко",
    "notes": "Маленька комаха з яскравим забарвленням."
  },
  {
    "term": "snail",
    "translation": "равлик",
    "notes": "Повільна комаха з мушлею."
  },
  {
    "term": "dragonfly",
    "translation": "бабка",
    "notes": "Швидка літаюча комаха."
  },
  {
    "term": "ant",
    "translation": "мураха",
    "notes": "Маленька комаха, що живе колоніями."
  },
  {
    "term": "dayfly",
    "translation": "одноденка",
    "notes": "Комаха з коротким життєвим циклом."
  },
  {
    "term": "Poe Souls",
    "translation": "Душі По",
    "notes": "Душі духів По, які можна збирати та обмінювати."
  },
  {
    "term": "Ancient Sky Book",
    "translation": "Стародавня Небесна Книга",
    "notes": "Давня книга з небесними письменами, спочатку порожня."
  },
  {
    "term": "Filled Sky Book",
    "translation": "Заповнена Небесна Книга",
    "notes": "Небесна книга після заповнення всіх літер."
  },
  {
    "term": "Ooccoo",
    "translation": "Уку",
    "notes": "Дивна істота-курка, що допомагає телепортуватися з підземель."
  },
  {
    "term": "Small Key",
    "translation": "Малий Ключ",
    "notes": "Ключ для відкриття звичайних замків у підземеллях."
  },
  {
    "term": "Gate Key",
    "translation": "Ключ від Воріт",
    "notes": "Спеціальний ключ для відкриття воріт."
  },
  {
    "term": "Ordon Pumpkin",
    "translation": "Ордонський Гарбуз",
    "notes": "Гарбуз з села Ордон, місцевий продукт."
  },
  {
    "term": "Ordon Cheese",
    "translation": "Ордонський Сир",
    "notes": "Сир з села Ордон, виготовлений з козячого молока."
  },
  {
    "term": "Bedroom Key",
    "translation": "Ключ від Спальні",
    "notes": "Ключ для входу до спальні."
  },
  {
    "term": "Surf Leaf",
    "translation": "Листок для Серфінгу",
    "notes": "Великий листок для ковзання по воді."
  },
  {
    "term": "Lantern",
    "translation": "Ліхтар",
    "notes": "Джерело світла для освітлення темних місць."
  },
  {
    "term": "Key Shard",
    "translation": "Уламок Ключа",
    "notes": "Частина ключа, потрібно зібрати всі уламки."
  },
  {
    "term": "Big Key",
    "translation": "Великий Ключ",
    "notes": "Ключ для відкриття дверей до боса підземелля."
  },
  {
    "term": "Hero's Bow",
    "translation": "Лук Героя",
    "notes": "Легендарний лук для стрільби стрілами."
  },
  {
    "term": "bomb arrows",
    "translation": "вибухові стріли",
    "notes": "Стріли, поєднані з бомбами для вибухового ефекту."
  },
  {
    "term": "Heart Container",
    "translation": "Контейнер Сердець",
    "notes": "Збільшує максимальну кількість здоров'я героя."
  },
  {
    "term": "Ordon Sword",
    "translation": "Ордонський Меч",
    "notes": "Меч, виготовлений Руслом, інкрустований рогами ордонських кіз."
  },
  {
    "term": "Master Sword",
    "translation": "Майстер-Меч",
    "notes": "Легендарний меч, що знищує зло. Ті, хто має зло в серці, не можуть торкнутися його."
  },
  {
    "term": "Ordon Shield",
    "translation": "Ордонський Щит",
    "notes": "Традиційний дерев'яний щит з Ордона, горить від вогню."
  },
  {
    "term": "Wooden Shield",
    "translation": "Дерев'яний Щит",
    "notes": "Популярний дерев'яний щит, горить від вогню."
  },
  {
    "term": "Hylian Shield",
    "translation": "Хайліанський Щит",
    "notes": "Металевий щит з гербом Хайрулу, не горить."
  },
  {
    "term": "Hero's Clothes",
    "translation": "Одяг Героя",
    "notes": "Зелений одяг легендарного героя, що врятував Хайрул."
  },
  {
    "term": "Magic Armor",
    "translation": "Магічна Броня",
    "notes": "Броня, що захищає за рахунок рупій, без них обмежує рух."
  },
  {
    "term": "Zora Armor",
    "translation": "Броня Зора",
    "notes": "Одяг з лусок Зора, дозволяє дихати та плавати під водою, слабкий до вогню та льоду."
  },
  {
    "term": "Child's Wallet",
    "translation": "Дитячий Гаманець",
    "notes": "Гаманець з дитинства, вміщує до 300 рупій."
  },
  {
    "term": "Adult's Wallet",
    "translation": "Дорослий Гаманець",
    "notes": "Гаманець від Агіти, вміщує до 600 рупій."
  },
  {
    "term": "Giant's Wallet",
    "translation": "Гігантський Гаманець",
    "notes": "Найбільший гаманець від Агіти, вміщує до 1000 рупій."
  },
  {
    "term": "Coral Earring",
    "translation": "Кораловий Сережка",
    "notes": "Сережка Зора з коралу, приваблює рибу, використовується як гачок."
  },
  {
    "term": "Hawkeye",
    "translation": "Соколине Око",
    "notes": "Оптичний приціл для збільшення віддалених об'єктів, поєднується з луком."
  },
  {
    "term": "Wooden Sword",
    "translation": "Дерев'яний Меч",
    "notes": "Улюблений дерев'яний меч для тренувань."
  },
  {
    "term": "Gale Boomerang",
    "translation": "Буревійний Бумеранг",
    "notes": "Зачарований бумеранг з Феєю Вітрів, всмоктує об'єкти силою вітру."
  },
  {
    "term": "Spinner",
    "translation": "Спінер",
    "notes": "Стародавній механізм для ковзання по піску та рейках на стінах."
  },
  {
    "term": "Ball and Chain",
    "translation": "Куля на Ланцюгу",
    "notes": "Гігантська залізна куля на ланцюгу для завдання великої шкоди."
  },
  {
    "term": "Hero's Bow",
    "translation": "Лук Героя",
    "notes": "Скарб Горонів, залишений героєм минулого."
  },
  {
    "term": "Clawshot",
    "translation": "Кігтемет",
    "notes": "Ланцюг з кігтем, дозволяє чіплятися за спеціальні мішені."
  },
  {
    "term": "Iron Boots",
    "translation": "Залізні Чоботи",
    "notes": "Важкі чоботи, дозволяють тонути та ходити по дну водойм."
  },
  {
    "term": "Dominion Rod",
    "translation": "Жезл Панування",
    "notes": "Стародавній жезл, що оживляє статуї, які рухаються синхронно з володарем."
  },
  {
    "term": "Double Clawshots",
    "translation": "Подвійні Кігтемети",
    "notes": "Пара кігтеметів для послідовного використання."
  },
  {
    "term": "Hyrule",
    "translation": "Хайрул",
    "notes": "Королівство, де відбуваються події гри."
  },
  {
    "term": "Ordon",
    "translation": "Ордон",
    "notes": "Мирне село, де живе головний герой на початку гри."
  },
  {
    "term": "Ilia",
    "translation": "Ілія",
    "notes": "Подруга головного героя з села Ордон."
  },
  {
    "term": "Rusl",
    "translation": "Русл",
    "notes": "Коваль з села Ордон, наставник головного героя."
  },
  {
    "term": "Agitha",
    "translation": "Агіта",
    "notes": "Принцеса королівства комах, колекціонує комах."
  },
  {
    "term": "Iza",
    "translation": "Іза",
    "notes": "Власниця пункту прокату човнів, дає сумку для бомб."
  },
  {
    "term": "Zora",
    "translation": "Зора",
    "notes": "Раса водяних істот у світі Хайрулу."
  },
  {
    "term": "Goron",
    "translation": "Горон",
    "notes": "Раса гірських істот, що живуть у вулканічних регіонах."
  },
  {
    "term": "Poe",
    "translation": "По",
    "notes": "Духи-привиди, що з'являються вночі."
  },
  {
    "term": "Chu",
    "translation": "Чу",
    "notes": "Желеподібні вороги різних кольорів."
  },
  {
    "term": "Epona",
    "translation": "Епона",
    "notes": "Вірний кінь головного героя."
  },
  {
    "term": "Fairy of Winds",
    "translation": "Фея Вітрів",
    "notes": "Магічна фея, що живе в Буревійному Бумерангу."
  },
  {
    "term": "Twilight Mirror",
    "translation": "Дзеркало Сутінків",
    "notes": "Стародавній артефакт, зібраний з уламків."
  },
  {
    "term": "Rupees",
    "translation": "Рупії",
    "notes": "Валюта світу Хайрулу."
  }
]
```
============================================================

==================== 2026-05-22 20:30:17.104 ====================
Task Type: build_glossary
--- MESSAGES SENT ---
[
  {
    "role": "system",
    "content": "You are a linguistic assistant creating a glossary for a video game translation from English to Ukrainian. Analyze the provided text chunk and identify key terms: proper names, locations, items, recurring phrases, and unique concepts. Return them as a JSON array of objects. Each object must include the keys 'term' (original English term), 'translation' (Ukrainian translation), and 'notes' (a short Ukrainian description of what the term means or how it is used). Do not add any extra text outside of the JSON array."
  },
  {
    "role": "user",
    "content": "Here is the text chunk to analyze:\n\n---\n\n the button it's set to while it's lit\n to set something on fire.\n It will not light if it runs out of oil.\n The Master Sword infused with light.\nIn the Twilight Realm, it shines with\ngolden light. Use   to cut darkness!\n A simple, bobber-style fishing rod.\n Set it to   or   and face the water to\n use it. Press and hold    to raise the\n rod.\n Set it with bait from a bottle to catch \n a variety of fish.\n Children LOVE this item.\n Hold down   or  , target with  , and\n release to shoot.\n If you shoot while targeting with  , your\n shot will be more accurate.\n You can hold a max of  50  pellets (seeds). \n An amazing rod that can infuse ancient\nstatues with life.\n Hold it with   or  , aim with  , and\n release the button to awaken the statue.\n A statue that has received life will \n move in the same way as its master.\nA mystical rod that breathes life into\nancient statues.\n Its power has waned since being removed\n from the Temple of Time.\n It cannot be used in this state.\n\nA bag that holds bombs.\n Holds twice the number of bombs as the\n one you used to have.\n One bag holds one type of bomb.\n The number of bombs it will hold\n depends on the type of bomb.\nA bag that holds bombs.\n\n One type of bomb per bag.\n The maximum number of bombs depends\n on the type of bomb.\nA bag that holds bombs.\n\n One type of bomb per bag.\n The maximum number of bombs depends\n on the type of bomb.\n\n\nA quiver that was stored with\nthe Hero's Bow. It can hold\nup to 30 arrows.\nA bigger-than-standard\nquiver. It can hold up to\n60 arrows.\nA quiver with a huge capacity.\nIt can hold up to 100 arrows.\n\n\n\n\n The rod's hook is baited with  larva .\n\n Set it to   or   and cast when facing \n the water.\n When the float dips, you have a bite, so\n hook it by tilting and holding   .\n The rod's hook is a  coral earring , which\n reekfish  love.\n Set to   or  , face the water, and cast.\n When the float dips, you have a bite, so\n hook it by tilting and holding   .\n Catch a variety of fish without any bait.\n The rod's hook is baited with a  worm .\n\n Set it to   or   and cast when facing \n the water.\n When the float dips, you have a bite, so\n hook it by tilting and holding   .\n The  earring hook  is baited with  bee larva .\n\n Set it to   or   and cast when facing \n the water.\n When the float dips, you have a bite, so\n hook it by tilting and holding   .\n The  earring hook  is baited with a  worm .\n\n Set it to   or   and cast when facing \n the water.\n When the float dips, you have a bite, so\n hook it by tilting and holding   .\n An empty bottle.\n\n Set it to   or   to scoop things up.\n You can carry stuff around with you and\n use it when you need to.\n Red potion.\n\n Set this to and drink it with   or   to\n  restore 8 hearts .\n\n Blue potion.\n\n Set it to and drink it with   or   to\n  restore all hearts .\n A bottle filled with milk ( 2  servings).\n\n Set it to and drink it with   or   to\n  replenish 3 hearts .\n Drink half at a time. \n A half-full bottle of milk ( 1  serving).\n\n Set it to and drink it with   or   to\n  restore 3 hearts .\n Oil for your lantern.\n\n When you want to refill your lantern, set\n it and the oil to   and  , then use the\n oil.\n Regular water.\n\n Set it to and use it with   or   to\n sprinkle it on stuff.\n\n Oil for your lantern.\n\n When you want to refill your lantern, set\n it and the oil to   or  .\n Red potion.\n\n Set it to   or   and drink it\n  to restore 8 hearts .\n\n Coro's homemade soup.\n\n Who knows what will happen until you \n set it to   or   and drink it...\n Famous hot springwater from Death\nMountain.\n\n Set it to   or   and drink it to  replenish\n all hearts . \n If it cools down, it will be plain  water .\n A trustworthy ally that will give you  hearts  \nwhen you fall in battle.\n\n Set it to and use it with   or   and\n it will restore  8 hearts  immediately.\n It won't revive you from drowning.\n The famous hot springwater from Death\nMountain.\n\n Set it to   or   and drink it to  restore all\n hearts . \n If it cools down, it will be plain  water .\n\n\n Normal bombs. You can carry    .\n Lift one with   or   and press   to\n set it down. Press   while running\n to throw.\n Set the  Hero's Bow  and use   on the\n Items screen to make  bomb arrows .\n Underwater bombs. Carry up to    .\n Lift one with   or   and press  \n to set it down. Press   while\n running to throw.\n Set th\n\n---\n\nExtract glossary entries following the instructions. For each item include 'term', 'translation', and 'notes' (1-2 short Ukrainian sentences)."
  }
]
============================================================

==================== 2026-05-22 20:30:53.225 ====================
Task Type: build_glossary
--- MESSAGES SENT ---
[
  {
    "role": "system",
    "content": "You are a linguistic assistant creating a glossary for a video game translation from English to Ukrainian. Analyze the provided text chunk and identify key terms: proper names, locations, items, recurring phrases, and unique concepts. Return them as a JSON array of objects. Each object must include the keys 'term' (original English term), 'translation' (Ukrainian translation), and 'notes' (a short Ukrainian description of what the term means or how it is used). Do not add any extra text outside of the JSON array."
  },
  {
    "role": "user",
    "content": "Here is the text chunk to analyze:\n\n---\n\n the button it's set to while it's lit\n to set something on fire.\n It will not light if it runs out of oil.\n The Master Sword infused with light.\nIn the Twilight Realm, it shines with\ngolden light. Use   to cut darkness!\n A simple, bobber-style fishing rod.\n Set it to   or   and face the water to\n use it. Press and hold    to raise the\n rod.\n Set it with bait from a bottle to catch \n a variety of fish.\n Children LOVE this item.\n Hold down   or  , target with  , and\n release to shoot.\n If you shoot while targeting with  , your\n shot will be more accurate.\n You can hold a max of  50  pellets (seeds). \n An amazing rod that can infuse ancient\nstatues with life.\n Hold it with   or  , aim with  , and\n release the button to awaken the statue.\n A statue that has received life will \n move in the same way as its master.\nA mystical rod that breathes life into\nancient statues.\n Its power has waned since being removed\n from the Temple of Time.\n It cannot be used in this state.\n\nA bag that holds bombs.\n Holds twice the number of bombs as the\n one you used to have.\n One bag holds one type of bomb.\n The number of bombs it will hold\n depends on the type of bomb.\nA bag that holds bombs.\n\n One type of bomb per bag.\n The maximum number of bombs depends\n on the type of bomb.\nA bag that holds bombs.\n\n One type of bomb per bag.\n The maximum number of bombs depends\n on the type of bomb.\n\n\nA quiver that was stored with\nthe Hero's Bow. It can hold\nup to 30 arrows.\nA bigger-than-standard\nquiver. It can hold up to\n60 arrows.\nA quiver with a huge capacity.\nIt can hold up to 100 arrows.\n\n\n\n\n The rod's hook is baited with  larva .\n\n Set it to   or   and cast when facing \n the water.\n When the float dips, you have a bite, so\n hook it by tilting and holding   .\n The rod's hook is a  coral earring , which\n reekfish  love.\n Set to   or  , face the water, and cast.\n When the float dips, you have a bite, so\n hook it by tilting and holding   .\n Catch a variety of fish without any bait.\n The rod's hook is baited with a  worm .\n\n Set it to   or   and cast when facing \n the water.\n When the float dips, you have a bite, so\n hook it by tilting and holding   .\n The  earring hook  is baited with  bee larva .\n\n Set it to   or   and cast when facing \n the water.\n When the float dips, you have a bite, so\n hook it by tilting and holding   .\n The  earring hook  is baited with a  worm .\n\n Set it to   or   and cast when facing \n the water.\n When the float dips, you have a bite, so\n hook it by tilting and holding   .\n An empty bottle.\n\n Set it to   or   to scoop things up.\n You can carry stuff around with you and\n use it when you need to.\n Red potion.\n\n Set this to and drink it with   or   to\n  restore 8 hearts .\n\n Blue potion.\n\n Set it to and drink it with   or   to\n  restore all hearts .\n A bottle filled with milk ( 2  servings).\n\n Set it to and drink it with   or   to\n  replenish 3 hearts .\n Drink half at a time. \n A half-full bottle of milk ( 1  serving).\n\n Set it to and drink it with   or   to\n  restore 3 hearts .\n Oil for your lantern.\n\n When you want to refill your lantern, set\n it and the oil to   and  , then use the\n oil.\n Regular water.\n\n Set it to and use it with   or   to\n sprinkle it on stuff.\n\n Oil for your lantern.\n\n When you want to refill your lantern, set\n it and the oil to   or  .\n Red potion.\n\n Set it to   or   and drink it\n  to restore 8 hearts .\n\n Coro's homemade soup.\n\n Who knows what will happen until you \n set it to   or   and drink it...\n Famous hot springwater from Death\nMountain.\n\n Set it to   or   and drink it to  replenish\n all hearts . \n If it cools down, it will be plain  water .\n A trustworthy ally that will give you  hearts  \nwhen you fall in battle.\n\n Set it to and use it with   or   and\n it will restore  8 hearts  immediately.\n It won't revive you from drowning.\n The famous hot springwater from Death\nMountain.\n\n Set it to   or   and drink it to  restore all\n hearts . \n If it cools down, it will be plain  water .\n\n\n Normal bombs. You can carry    .\n Lift one with   or   and press   to\n set it down. Press   while running\n to throw.\n Set the  Hero's Bow  and use   on the\n Items screen to make  bomb arrows .\n Underwater bombs. Carry up to    .\n Lift one with   or   and press  \n to set it down. Press   while\n running to throw.\n Set th\n\n---\n\nExtract glossary entries following the instructions. For each item include 'term', 'translation', and 'notes' (1-2 short Ukrainian sentences)."
  }
]
--- RESPONSE RECEIVED ---
```json
[
  {
    "term": "Master Sword",
    "translation": "Меч Майстра",
    "notes": "Легендарний меч, наповнений світлом, який може розсікати темряву в Сутінковому Царстві."
  },
  {
    "term": "Twilight Realm",
    "translation": "Сутінкове Царство",
    "notes": "Альтернативний вимір, де Меч Майстра світиться золотим світлом."
  },
  {
    "term": "fishing rod",
    "translation": "вудка",
    "notes": "Простий інструмент для риболовлі з поплавцем, можна використовувати з принадою."
  },
  {
    "term": "pellets",
    "translation": "кульки",
    "notes": "Боєприпаси для рогатки, максимум 50 штук."
  },
  {
    "term": "seeds",
    "translation": "насіння",
    "notes": "Альтернативна назва для боєприпасів рогатки."
  },
  {
    "term": "ancient statues",
    "translation": "стародавні статуї",
    "notes": "Статуї, які можна оживити за допомогою містичного жезла."
  },
  {
    "term": "Temple of Time",
    "translation": "Храм Часу",
    "notes": "Місце, звідки походить містичний жезл для оживлення статуй."
  },
  {
    "term": "Hero's Bow",
    "translation": "Лук Героя",
    "notes": "Легендарний лук, який зберігається разом зі сагайдаком."
  },
  {
    "term": "quiver",
    "translation": "сагайдак",
    "notes": "Сумка для стріл, існує в трьох розмірах: на 30, 60 або 100 стріл."
  },
  {
    "term": "arrows",
    "translation": "стріли",
    "notes": "Боєприпаси для Лука Героя."
  },
  {
    "term": "larva",
    "translation": "личинка",
    "notes": "Принада для вудки, використовується для ловлі риби."
  },
  {
    "term": "coral earring",
    "translation": "коралова сережка",
    "notes": "Спеціальна принада, яку полюбляють рибозмії."
  },
  {
    "term": "reekfish",
    "translation": "рибозмій",
    "notes": "Вид риби, яка любить коралові сережки як принаду."
  },
  {
    "term": "worm",
    "translation": "черв'як",
    "notes": "Принада для вудки."
  },
  {
    "term": "earring hook",
    "translation": "гачок-сережка",
    "notes": "Спеціальний гачок для вудки, який можна використовувати з різними принадами."
  },
  {
    "term": "bee larva",
    "translation": "бджолина личинка",
    "notes": "Принада для вудки з гачком-сережкою."
  },
  {
    "term": "bottle",
    "translation": "пляшка",
    "notes": "Порожня ємність для зберігання різних предметів та рідин."
  },
  {
    "term": "red potion",
    "translation": "червоне зілля",
    "notes": "Відновлює 8 сердець здоров'я."
  },
  {
    "term": "hearts",
    "translation": "сердець",
    "notes": "Одиниці здоров'я персонажа."
  },
  {
    "term": "blue potion",
    "translation": "синє зілля",
    "notes": "Відновлює всі сердця здоров'я."
  },
  {
    "term": "milk",
    "translation": "молоко",
    "notes": "Напій у пляшці, відновлює 3 сердця, містить 2 порції."
  },
  {
    "term": "lantern oil",
    "translation": "олія для ліхтаря",
    "notes": "Паливо для заправки ліхтаря."
  },
  {
    "term": "lantern",
    "translation": "ліхтар",
    "notes": "Джерело світла, яке потребує олії для роботи."
  },
  {
    "term": "water",
    "translation": "вода",
    "notes": "Звичайна вода, можна бризкати на предмети."
  },
  {
    "term": "Death Mountain",
    "translation": "Гора Смерті",
    "notes": "Локація, звідки походить знамените гаряче джерельне вода."
  },
  {
    "term": "hot springwater",
    "translation": "гаряче джерельне вода",
    "notes": "Цілюща вода з Гори Смерті, відновлює всі сердця, але охолоджується до звичайної води."
  },
  {
    "term": "fairy",
    "translation": "фея",
    "notes": "Надійний союзник, який відновлює 8 сердець після падіння в бою."
  },
  {
    "term": "bombs",
    "translation": "бомби",
    "notes": "Звичайні вибухівки, можна піднімати, ставити або кидати."
  },
  {
    "term": "bomb arrows",
    "translation": "вибухові стріли",
    "notes": "Комбінація Лука Героя та бомб для створення вибухових снарядів."
  },
  {
    "term": "water bombs",
    "translation": "підводні бомби",
    "notes": "Спеціальні бомби для використання під водою."
  }
]
```
============================================================

==================== 2026-05-22 20:30:53.227 ====================
Task Type: build_glossary
--- MESSAGES SENT ---
[
  {
    "role": "system",
    "content": "You are a linguistic assistant creating a glossary for a video game translation from English to Ukrainian. Analyze the provided text chunk and identify key terms: proper names, locations, items, recurring phrases, and unique concepts. Return them as a JSON array of objects. Each object must include the keys 'term' (original English term), 'translation' (Ukrainian translation), and 'notes' (a short Ukrainian description of what the term means or how it is used). Do not add any extra text outside of the JSON array."
  },
  {
    "role": "user",
    "content": "Here is the text chunk to analyze:\n\n---\n\ne  Hero's Bow  and use   on the\n Items screen to make  bomb arrows .\n Mobile explosives. Carry up to    .\n Lift one with   or   and press  \n to set it down. Press   while\n running to throw.\n Set the  Hero's Bow  and use   on the\n Items screen to make  bomb arrows .\n Sacred water protected by the fairies.\n\n Set it to   or   and drink it to  restore\n all hearts  and  increase your attack\n power  for a while!\n Fish love these.\n\n Set your fishing rod and the worm to\n   and   and use the worm to bait\n your rod.\n Sacred water protected by the fairies.\n\n Set it to   or   and drink it to  restore\n all hearts  and  increase your attack\n power  for a while!\n Larva taken from a beehive.\n Set your fishing rod and larva to   and\n   then use the larva to bait your rod.\n Without your rod equipped, set them to\n   or   to eat them and  replenish \n 1/4 heart per larva .\n Nutritious jelly from a  rare Chu .\n\n Set it to   or   and drink it to  restore\n all hearts  and  increase your attack\n power  for a while!\n Nutritious jelly from a  red Chu . \n\n Set it to   or   and drink it to restore\n  8 hearts .\n Nutritious jelly from a  blue Chu .\n\n Set it to   or   and drink it to  restore\n all hearts .\n\n Oily jelly from a  yellow Chu .\n\n Set it and the lantern to   and  , then\n use the oil to refill the lantern.\n Suspicious jelly from a  purple Chu .\n\n Set it to   or   and drink it, but who\n knows what will happen...\n Yeto's homemade soup. It smells of fish\nbroth.\n\n Set it to and drink it with   or  \n to  restore 2 hearts .\n Yeto's homemade soup. It smells like\npumpkin.\n\n Set it to   or   and drink it to replenish\n  4 hearts .\n Yeto's homemade soup.  You can smell the\ncheese in it.\n\n Set it to   or   and drink it to replenish \n 8 hearts .\n Renado's letter to Telma.\n\n It explains how to treat Ilia's memory\n loss.\n Set it to   or   when you want to show\n it to someone.\n The invoice for the doctor's bar tab.\n\n The total is dizzying.\n Set it to   or   when you want to \n show it to someone.\n The oddly designed statue that\nsupposedly once belonged to Ilia.\n\n A clue to the mystery of Ilia's memory.\n Set it to   or   to show it to the\n person in front of you.\n The amulet charm kept by the woman that\nsaved Ilia.\n A clue to the mystery of Ilia's memory.\n Set it to   or   to show it to the\n person in front of you.\n A whistle that Ilia made just for \n . \n\n Set it to   or   to call  \n even without a reed.\n\n\n\n\n\n\n\n\n\n\n\n The memo that Auru wrote for Fyer of\nLake Hylia.\n\n Set it to   or   to show it to people.\n A picture of a giant holding a  red fish  that\nAshei said she saw.\n\n Set it to   or   to show it to people.\n\n\n\n\n\n\n\n\n\n\n\n Oil needed to fuel the lantern.\n\n To refill the lantern, set the lantern and\n the oil to either   or  .\n\n Jelly from the  black Chu .\n \n  It smells bad even with the lid closed.\n Looks like you can set it to and drink it\n with   or  , but...\n\nA valuable container given to\nyou by the spirit. Use it to\ncollect tears of light.\nA valuable container given to\nyou by the spirit. Use it to\ncollect tears of light.\nA valuable container given to\nyou by the spirit. Use it to\ncollect tears of light.\n\nPart of the Mirror of Twilight,\nwhich connects light and shadow.\nCollect all the parts to complete it.\nPart of the Mirror of Twilight,\nwhich connects light and shadow.\nCollect all the parts to complete it.\nThe mirror connecting light and\nshadow. The light emerging from it\nopens the way to the Twilight Realm.\n\n\n\n\n\n\n\n\nThe scent of the purse that Ilia\nalways had with her, which you\nfound in Lanayru Province.\n\nThe smell of the ghosts that lurk\naround the Arbiter's Grounds in\nthe desert.\nThe smell of the reekfish, the\nsacred fish that can only be\nfound in Zora's Domain.\nThe smell of the Ordon children,\nwhich was on the wooden sword\nthat you found in Eldin Province.\nThe scent of the medicine the\ntown doctor accidentally spilled\non the wooden statue.\n\n\n\n\n\n\n\n\n\n\nA golden-bodied   beetle.\nIt was found in the field in\nFaron Province.\nA golden-bodied   beetle.\nIt was found in the field in\nFaron Province.\n A golden-bodied   butterfly.\nIt was found in the field west of\nCastle Town.\n A golden-bodied   butterfly.\nIt was found in the field west of\nCastle Town.\nA golden-bodied   stag\nbeetle. It was found in the\nfield north of Hyrule Castle.\nA golden-bodied   stag\nbeetle. It was found in the\nfield north of Hyrule Castle.\nA golden-bodied   grasshopper.\nIt was found in the field north\nof Kakariko Village.\nA golden-bodied   grasshopper.\nIt was found in the field north\nof Kakariko Village.\nA golden-bodied   phasmid.\nIt was found at the Bridge of\nEldin.\nA golden-bodied   phasmid.\nIt was found at the Bridge of\nEldin.\nA golden-bodied   pill bug.\nIt was found near Kakariko\nGorge.\nA golden-bodied   pill bug.\nIt was found near Kakariko\nGorge.\nA golden-bodied   mantis.\nIt was found at the Great Br\n\n---\n\nExtract glossary entries following the instructions. For each item include 'term', 'translation', and 'notes' (1-2 short Ukrainian sentences)."
  }
]
============================================================

==================== 2026-05-22 20:31:28.942 ====================
Task Type: build_glossary
--- MESSAGES SENT ---
[
  {
    "role": "system",
    "content": "You are a linguistic assistant creating a glossary for a video game translation from English to Ukrainian. Analyze the provided text chunk and identify key terms: proper names, locations, items, recurring phrases, and unique concepts. Return them as a JSON array of objects. Each object must include the keys 'term' (original English term), 'translation' (Ukrainian translation), and 'notes' (a short Ukrainian description of what the term means or how it is used). Do not add any extra text outside of the JSON array."
  },
  {
    "role": "user",
    "content": "Here is the text chunk to analyze:\n\n---\n\ne  Hero's Bow  and use   on the\n Items screen to make  bomb arrows .\n Mobile explosives. Carry up to    .\n Lift one with   or   and press  \n to set it down. Press   while\n running to throw.\n Set the  Hero's Bow  and use   on the\n Items screen to make  bomb arrows .\n Sacred water protected by the fairies.\n\n Set it to   or   and drink it to  restore\n all hearts  and  increase your attack\n power  for a while!\n Fish love these.\n\n Set your fishing rod and the worm to\n   and   and use the worm to bait\n your rod.\n Sacred water protected by the fairies.\n\n Set it to   or   and drink it to  restore\n all hearts  and  increase your attack\n power  for a while!\n Larva taken from a beehive.\n Set your fishing rod and larva to   and\n   then use the larva to bait your rod.\n Without your rod equipped, set them to\n   or   to eat them and  replenish \n 1/4 heart per larva .\n Nutritious jelly from a  rare Chu .\n\n Set it to   or   and drink it to  restore\n all hearts  and  increase your attack\n power  for a while!\n Nutritious jelly from a  red Chu . \n\n Set it to   or   and drink it to restore\n  8 hearts .\n Nutritious jelly from a  blue Chu .\n\n Set it to   or   and drink it to  restore\n all hearts .\n\n Oily jelly from a  yellow Chu .\n\n Set it and the lantern to   and  , then\n use the oil to refill the lantern.\n Suspicious jelly from a  purple Chu .\n\n Set it to   or   and drink it, but who\n knows what will happen...\n Yeto's homemade soup. It smells of fish\nbroth.\n\n Set it to and drink it with   or  \n to  restore 2 hearts .\n Yeto's homemade soup. It smells like\npumpkin.\n\n Set it to   or   and drink it to replenish\n  4 hearts .\n Yeto's homemade soup.  You can smell the\ncheese in it.\n\n Set it to   or   and drink it to replenish \n 8 hearts .\n Renado's letter to Telma.\n\n It explains how to treat Ilia's memory\n loss.\n Set it to   or   when you want to show\n it to someone.\n The invoice for the doctor's bar tab.\n\n The total is dizzying.\n Set it to   or   when you want to \n show it to someone.\n The oddly designed statue that\nsupposedly once belonged to Ilia.\n\n A clue to the mystery of Ilia's memory.\n Set it to   or   to show it to the\n person in front of you.\n The amulet charm kept by the woman that\nsaved Ilia.\n A clue to the mystery of Ilia's memory.\n Set it to   or   to show it to the\n person in front of you.\n A whistle that Ilia made just for \n . \n\n Set it to   or   to call  \n even without a reed.\n\n\n\n\n\n\n\n\n\n\n\n The memo that Auru wrote for Fyer of\nLake Hylia.\n\n Set it to   or   to show it to people.\n A picture of a giant holding a  red fish  that\nAshei said she saw.\n\n Set it to   or   to show it to people.\n\n\n\n\n\n\n\n\n\n\n\n Oil needed to fuel the lantern.\n\n To refill the lantern, set the lantern and\n the oil to either   or  .\n\n Jelly from the  black Chu .\n \n  It smells bad even with the lid closed.\n Looks like you can set it to and drink it\n with   or  , but...\n\nA valuable container given to\nyou by the spirit. Use it to\ncollect tears of light.\nA valuable container given to\nyou by the spirit. Use it to\ncollect tears of light.\nA valuable container given to\nyou by the spirit. Use it to\ncollect tears of light.\n\nPart of the Mirror of Twilight,\nwhich connects light and shadow.\nCollect all the parts to complete it.\nPart of the Mirror of Twilight,\nwhich connects light and shadow.\nCollect all the parts to complete it.\nThe mirror connecting light and\nshadow. The light emerging from it\nopens the way to the Twilight Realm.\n\n\n\n\n\n\n\n\nThe scent of the purse that Ilia\nalways had with her, which you\nfound in Lanayru Province.\n\nThe smell of the ghosts that lurk\naround the Arbiter's Grounds in\nthe desert.\nThe smell of the reekfish, the\nsacred fish that can only be\nfound in Zora's Domain.\nThe smell of the Ordon children,\nwhich was on the wooden sword\nthat you found in Eldin Province.\nThe scent of the medicine the\ntown doctor accidentally spilled\non the wooden statue.\n\n\n\n\n\n\n\n\n\n\nA golden-bodied   beetle.\nIt was found in the field in\nFaron Province.\nA golden-bodied   beetle.\nIt was found in the field in\nFaron Province.\n A golden-bodied   butterfly.\nIt was found in the field west of\nCastle Town.\n A golden-bodied   butterfly.\nIt was found in the field west of\nCastle Town.\nA golden-bodied   stag\nbeetle. It was found in the\nfield north of Hyrule Castle.\nA golden-bodied   stag\nbeetle. It was found in the\nfield north of Hyrule Castle.\nA golden-bodied   grasshopper.\nIt was found in the field north\nof Kakariko Village.\nA golden-bodied   grasshopper.\nIt was found in the field north\nof Kakariko Village.\nA golden-bodied   phasmid.\nIt was found at the Bridge of\nEldin.\nA golden-bodied   phasmid.\nIt was found at the Bridge of\nEldin.\nA golden-bodied   pill bug.\nIt was found near Kakariko\nGorge.\nA golden-bodied   pill bug.\nIt was found near Kakariko\nGorge.\nA golden-bodied   mantis.\nIt was found at the Great Br\n\n---\n\nExtract glossary entries following the instructions. For each item include 'term', 'translation', and 'notes' (1-2 short Ukrainian sentences)."
  }
]
--- RESPONSE RECEIVED ---
```json
[
  {
    "term": "Hero's Bow",
    "translation": "Лук Героя",
    "notes": "Основна зброя для стрільби стрілами. Можна використовувати для створення вибухових стріл."
  },
  {
    "term": "bomb arrows",
    "translation": "вибухові стріли",
    "notes": "Стріли з вибуховою силою, створюються поєднанням Лука Героя з бомбами."
  },
  {
    "term": "Items screen",
    "translation": "екран предметів",
    "notes": "Меню інвентаря, де гравець керує своїми предметами та спорядженням."
  },
  {
    "term": "hearts",
    "translation": "серця",
    "notes": "Одиниці здоров'я персонажа в грі."
  },
  {
    "term": "attack power",
    "translation": "сила атаки",
    "notes": "Показник, що визначає величину шкоди, яку завдає персонаж."
  },
  {
    "term": "fishing rod",
    "translation": "вудка",
    "notes": "Інструмент для ловлі риби, використовується з наживкою."
  },
  {
    "term": "worm",
    "translation": "черв'як",
    "notes": "Наживка для вудки, яку люблять риби."
  },
  {
    "term": "larva",
    "translation": "личинка",
    "notes": "Наживка з бджолиного вулика, можна використати для риболовлі або з'їсти для відновлення здоров'я."
  },
  {
    "term": "beehive",
    "translation": "бджолиний вулик",
    "notes": "Джерело личинок для наживки."
  },
  {
    "term": "Chu",
    "translation": "Чу",
    "notes": "Тип ворога в грі, з якого можна отримати желе різних кольорів."
  },
  {
    "term": "rare Chu",
    "translation": "рідкісний Чу",
    "notes": "Особливий тип Чу, що дає поживне желе з покращеними властивостями."
  },
  {
    "term": "red Chu",
    "translation": "червоний Чу",
    "notes": "Різновид Чу, з якого отримують червоне желе для відновлення здоров'я."
  },
  {
    "term": "blue Chu",
    "translation": "синій Чу",
    "notes": "Різновид Чу, з якого отримують синє желе для повного відновлення здоров'я."
  },
  {
    "term": "yellow Chu",
    "translation": "жовтий Чу",
    "notes": "Різновид Чу, що дає олійне желе для заправки ліхтаря."
  },
  {
    "term": "purple Chu",
    "translation": "фіолетовий Чу",
    "notes": "Різновид Чу з підозрілим желе, ефект якого непередбачуваний."
  },
  {
    "term": "black Chu",
    "translation": "чорний Чу",
    "notes": "Різновид Чу, що дає погано пахнуче желе."
  },
  {
    "term": "lantern",
    "translation": "ліхтар",
    "notes": "Джерело світла, потребує олії для роботи."
  },
  {
    "term": "Yeto",
    "translation": "Єто",
    "notes": "Персонаж, який готує домашній суп з різними інгредієнтами."
  },
  {
    "term": "Renado",
    "translation": "Ренадо",
    "notes": "Персонаж, який написав листа до Телми про лікування Ілії."
  },
  {
    "term": "Telma",
    "translation": "Телма",
    "notes": "Персонаж, якому адресований лист Ренадо."
  },
  {
    "term": "Ilia",
    "translation": "Ілія",
    "notes": "Персонаж, який втратив пам'ять і потребує лікування."
  },
  {
    "term": "Auru",
    "translation": "Ауру",
    "notes": "Персонаж, який написав записку для Файєра."
  },
  {
    "term": "Fyer",
    "translation": "Файєр",
    "notes": "Персонаж, який знаходиться біля озера Хайлія."
  },
  {
    "term": "Lake Hylia",
    "translation": "озеро Хайлія",
    "notes": "Локація в грі, де знаходиться Файєр."
  },
  {
    "term": "Ashei",
    "translation": "Ашей",
    "notes": "Персонаж, який бачив велетня з червоною рибою."
  },
  {
    "term": "tears of light",
    "translation": "сльози світла",
    "notes": "Магічні предмети, які збираються в спеціальний контейнер від духа."
  },
  {
    "term": "Mirror of Twilight",
    "translation": "Дзеркало Сутінків",
    "notes": "Артефакт, що з'єднує світло і тінь, складається з кількох частин."
  },
  {
    "term": "Twilight Realm",
    "translation": "Царство Сутінків",
    "notes": "Паралельний вимір, доступ до якого відкривається через Дзеркало Сутінків."
  },
  {
    "term": "Lanayru Province",
    "translation": "провінція Ланайру",
    "notes": "Регіон у грі, де знайдено гаманець Ілії."
  },
  {
    "term": "Arbiter's Grounds",
    "translation": "Землі Арбітра",
    "notes": "Локація в пустелі, де водяться привиди."
  },
  {
    "term": "Zora's Domain",
    "translation": "володіння Зора",
    "notes": "Локація, де водиться священна риба рікфіш."
  },
  {
    "term": "reekfish",
    "translation": "рікфіш",
    "notes": "Священна риба, яку можна знайти лише у володіннях Зора."
  },
  {
    "term": "Ordon",
    "translation": "Ордон",
    "notes": "Назва села або регіону, звідки родом діти."
  },
  {
    "term": "Eldin Province",
    "translation": "провінція Елдін",
    "notes": "Регіон у грі, де знайдено дерев'яний меч."
  },
  {
    "term": "Faron Province",
    "translation": "провінція Фарон",
    "notes": "Регіон у грі, де знайдено золотого жука."
  },
  {
    "term": "Castle Town",
    "translation": "Замкове Місто",
    "notes": "Головне місто в грі, розташоване біля замку."
  },
  {
    "term": "Hyrule Castle",
    "translation": "замок Хайрул",
    "notes": "Головний замок королівства Хайрул."
  },
  {
    "term": "Kakariko Village",
    "translation": "село Какаріко",
    "notes": "Село в грі, біля якого знаходяться різні локації."
  },
  {
    "term": "Bridge of Eldin",
    "translation": "міст Елдіна",
    "notes": "Локація, де знайдено золотого привида."
  },
  {
    "term": "Kakariko Gorge",
    "translation": "ущелина Какаріко",
    "notes": "Локація біля села Какаріко, де знайдено золотого мокрицю."
  },
  {
    "term": "beetle",
    "translation": "жук",
    "notes": "Комаха з золотим тілом, колекційний предмет."
  },
  {
    "term": "butterfly",
    "translation": "метелик",
    "notes": "Комаха з золотим тілом, колекційний предмет."
  },
  {
    "term": "stag beetle",
    "translation": "жук-олень",
    "notes": "Комаха з золотим тілом, колекційний предмет."
  },
  {
    "term": "grasshopper",
    "translation": "коник",
    "notes": "Комаха з золотим тілом, колекційний предмет."
  },
  {
    "term": "phasmid",
    "translation": "привид",
    "notes": "Комаха з золотим тілом, колекційний предмет."
  },
  {
    "term": "pill bug",
    "translation": "мокриця",
    "notes": "Комаха з золотим тілом, колекційний предмет."
  },
  {
    "term": "mantis",
    "translation": "богомол",
    "notes": "Комаха з золотим тілом, колекційний предмет."
  }
]
```
============================================================

==================== 2026-05-22 20:31:28.944 ====================
Task Type: build_glossary
--- MESSAGES SENT ---
[
  {
    "role": "system",
    "content": "You are a linguistic assistant creating a glossary for a video game translation from English to Ukrainian. Analyze the provided text chunk and identify key terms: proper names, locations, items, recurring phrases, and unique concepts. Return them as a JSON array of objects. Each object must include the keys 'term' (original English term), 'translation' (Ukrainian translation), and 'notes' (a short Ukrainian description of what the term means or how it is used). Do not add any extra text outside of the JSON array."
  },
  {
    "role": "user",
    "content": "Here is the text chunk to analyze:\n\n---\n\nidge\nof Hylia.\nA golden-bodied   mantis.\nIt was found at the Great Bridge\nof Hylia.\nA golden-bodied   ladybug.\nIt was found in the field south\nof Castle Town.\nA golden-bodied   ladybug.\nIt was found in the field south\nof Castle Town.\nA golden-bodied   snail.\nIt was found in the Sacred\nGrove.  (...It might actually be a  .)\nA golden-bodied   snail.\nIt was found in the Sacred\nGrove.  (...It might actually be a  .)\nA golden-bodied   dragonfly.\nIt was found near the waterfall\nbasin of Zora's River.\nA golden-bodied   dragonfly.\nIt was found in the upper part\nof Zora's River.\nA golden-bodied   ant.\nIt was found in the graveyard\nof Kakariko Village.\nA golden-bodied   ant.\nIt was found in Kakariko Village.\nA golden-bodied   dayfly.\nIt was found in the Gerudo\nDesert.\nA golden-bodied   dayfly.\nIt was found in the Gerudo\nDesert.\n\n\n\n\n\n\n\n\nSpirits held by the Poes visible to\nhoned senses.\n\n\n\n\n\n\n\n\n A book written in the ancient Sky language.\nCharacters are missing in areas.\n\n A hint to getting to the sky.\n Show it to a person in front of you \n using   or  .\n A book written in the ancient Sky language.\nThere are still some characters missing. \n\n A hint to getting to the sky.\n Show it to a person in front of you\n using   or  .\n A book written in the ancient Sky language.\nAll the missing characters are in.\n\n An important clue in getting to the sky.\n Show it to a person in front of you\n using   or  .\n Ooccoo the sky being.\n\n Call her with   or   and she will warp\n you to the shop in the City in the Sky.\n\n\n\n\n\n\n\n An Ordon pumpkin whose smell reminds\n you of home.\n It's delicious in soup.\n Cheese made from the milk of an Ordon\n goat.\n It imparts a mellow flavor to soup.\n The key to the bedroom of the mansion\n on Snowpeak where the mirror shard\n is held.\n\n A necessity for lighting the darkness.\n\n Set it to   or   to light it and press  \n while standing still to put it out.\n Press the button it's set to again when \n lit to set things on fire.\n You need oil to make it work.\n Shards of the key to the room where the\n transformed Goron elder is locked up.\n Collect all 3 and it will be complete.\n Shards of the key to the room where the\n transformed Goron elder is locked up.\n Collect all 3 and it will be complete.\nA key to the dungeon\nboss's room.\n\n The key to the room where the\n transformed Goron is locked up.\n\n\nMap\nCompass\nBig Key\nDetails\nBack\nChoose\nB1\n1F\n2F\n3F\n4F\nHyrule Castle\nForest Temple\nGoron Mines\nLakebed Temple\nArbiter's Grounds\nSnowpeak Ruins\nTemple of Time\nCity in the Sky\nPalace of Twilight\nUse the magic of the Gale Boomerang\nto carry bombs to enemies!\nHold  , aim with  , then use   or\n  to target objects!\nZoom\nMove\nControl Tip\nPress   to  defend  against enemy\nattacks. Press   to  target  enemies\nand objects.\nWhen holding an object, press   \nto target  and      to throw . You'll\n hit your target  with the object.\nFirst, hold   and target the bomb\nwith  . Aim at the object you want\nto hit with  , then use   or\n  to target it!\nRotate\nSet item\nGAME OVER\nLink\nEpona\nEnter horse name\nEnter name\nHiragana\nKatakana\nEnglish\n \nEND\nABC\nabc\n \nEND\n\nUnable to find the Memory Card in \nSlot A. Please check that the\nMemory Card is inserted. \nThe Memory Card in Slot A is\ndamaged and cannot be used. \nWrong device in Slot A. Please insert\na Memory Card.  \nThe Memory Card in Slot A is not\ncompatible. \nThe data in the Memory Card in Slot\nA is corrupted and needs to be \nerased. Do you want to erase it? \nYES\nNO\nThere is either not enough free space\non the Memory Card in Slot A or the\nfile count will be exceeded. \nTo save this game, you need at least\n1 file and 4 free blocks.  \nTo manage the contents of your\nMemory Card, use the Memory Card \nScreen. \nAn error might have occurred in \nformatting. \nFormatted. \nFormatting.\n\n Do not touch the Memory Card in\nSlot A or the POWER Button.  \nIf you format, all the data on the \nMemory Card in Slot A will be lost.\nDo you still want to format? \nYES\nNO\nThe Memory Card in Slot A cannot be\nused with this game. \nDo you want to open the Memory\nCard screen on the hardware?\n(You can also access this screen by\nholding the A Button while powering\non the system.) \nUnable to save, but do you want\nto start the game? \nYES\nNO\nCreate a save file on the Memory Card\nin Slot A? \nYES\nNO\nThere is no save file on the \nMemory Card in Slot A. \nAn error might have occurred when\ncreating a save file. \nCreating a save file.\n\n Do not touch the Memory Card in Slot\nA or the POWER Button. \nA file has been created. \nUnable to save. There is no \nMemory Card in Slot A. Please \ninsert a Memory Card into Slot A. \nUnable to save. The Memory Card in\nSlot A is damaged and cannot be\nused.  Please insert a valid\nMemory Card into Slot A. \nUnable to save. Wrong device in\nSlot A. Please insert a Memory Card\ninto Slot A. \nUnable to save. The Memory Card in\nSlot A is not compatible. Please\ninsert a compatible Memory Card into\nSlot A. \nUnable to save. There is no \nMemory Card in Slot A. Please \ninsert a Memory Card into Slot A. \nUnable to save. The Memory Card\nin Slot A is corrupted and needs to be\nformatted. Would you like to format? \nYES\nNO\nUnable to save. There is no \nMemory Card in Slot A. Please \ninsert a Memory Card into Slot A. \nUnable to save. There is insufficient\nspace on the Memory Card in Slot A.\nThe Legend of Zelda: Twilight\nPrincess requires 1 file and 4 blocks\nto create a new save file. \nEither insert a Memory Card with \nfree space into Slot A or manage\nthe Memory Card contents on the \nMemory Card Screen. \nAn error might have occurred during\nformatting. \nFormatted. \nFormatting...\n\n Do not touch the Memory Card in Slot\nA or the POWER Button.  \nFormatting the Memory Card in Slot A\nwill erase all previously saved data. \nDo you want to format? \nYES\nNO\nUnable to save. The Memory Card in\nSlot A cannot be used. Please insert\na valid Memory Card. \nThe current game data will not be\nsaved. Is this OK? \nYES\nNO\nWould you like to manage the\ncontents of \n\n---\n\nExtract glossary entries following the instructions. For each item include 'term', 'translation', and 'notes' (1-2 short Ukrainian sentences)."
  }
]
============================================================

==================== 2026-05-22 20:32:05.273 ====================
Task Type: build_glossary
--- MESSAGES SENT ---
[
  {
    "role": "system",
    "content": "You are a linguistic assistant creating a glossary for a video game translation from English to Ukrainian. Analyze the provided text chunk and identify key terms: proper names, locations, items, recurring phrases, and unique concepts. Return them as a JSON array of objects. Each object must include the keys 'term' (original English term), 'translation' (Ukrainian translation), and 'notes' (a short Ukrainian description of what the term means or how it is used). Do not add any extra text outside of the JSON array."
  },
  {
    "role": "user",
    "content": "Here is the text chunk to analyze:\n\n---\n\nidge\nof Hylia.\nA golden-bodied   mantis.\nIt was found at the Great Bridge\nof Hylia.\nA golden-bodied   ladybug.\nIt was found in the field south\nof Castle Town.\nA golden-bodied   ladybug.\nIt was found in the field south\nof Castle Town.\nA golden-bodied   snail.\nIt was found in the Sacred\nGrove.  (...It might actually be a  .)\nA golden-bodied   snail.\nIt was found in the Sacred\nGrove.  (...It might actually be a  .)\nA golden-bodied   dragonfly.\nIt was found near the waterfall\nbasin of Zora's River.\nA golden-bodied   dragonfly.\nIt was found in the upper part\nof Zora's River.\nA golden-bodied   ant.\nIt was found in the graveyard\nof Kakariko Village.\nA golden-bodied   ant.\nIt was found in Kakariko Village.\nA golden-bodied   dayfly.\nIt was found in the Gerudo\nDesert.\nA golden-bodied   dayfly.\nIt was found in the Gerudo\nDesert.\n\n\n\n\n\n\n\n\nSpirits held by the Poes visible to\nhoned senses.\n\n\n\n\n\n\n\n\n A book written in the ancient Sky language.\nCharacters are missing in areas.\n\n A hint to getting to the sky.\n Show it to a person in front of you \n using   or  .\n A book written in the ancient Sky language.\nThere are still some characters missing. \n\n A hint to getting to the sky.\n Show it to a person in front of you\n using   or  .\n A book written in the ancient Sky language.\nAll the missing characters are in.\n\n An important clue in getting to the sky.\n Show it to a person in front of you\n using   or  .\n Ooccoo the sky being.\n\n Call her with   or   and she will warp\n you to the shop in the City in the Sky.\n\n\n\n\n\n\n\n An Ordon pumpkin whose smell reminds\n you of home.\n It's delicious in soup.\n Cheese made from the milk of an Ordon\n goat.\n It imparts a mellow flavor to soup.\n The key to the bedroom of the mansion\n on Snowpeak where the mirror shard\n is held.\n\n A necessity for lighting the darkness.\n\n Set it to   or   to light it and press  \n while standing still to put it out.\n Press the button it's set to again when \n lit to set things on fire.\n You need oil to make it work.\n Shards of the key to the room where the\n transformed Goron elder is locked up.\n Collect all 3 and it will be complete.\n Shards of the key to the room where the\n transformed Goron elder is locked up.\n Collect all 3 and it will be complete.\nA key to the dungeon\nboss's room.\n\n The key to the room where the\n transformed Goron is locked up.\n\n\nMap\nCompass\nBig Key\nDetails\nBack\nChoose\nB1\n1F\n2F\n3F\n4F\nHyrule Castle\nForest Temple\nGoron Mines\nLakebed Temple\nArbiter's Grounds\nSnowpeak Ruins\nTemple of Time\nCity in the Sky\nPalace of Twilight\nUse the magic of the Gale Boomerang\nto carry bombs to enemies!\nHold  , aim with  , then use   or\n  to target objects!\nZoom\nMove\nControl Tip\nPress   to  defend  against enemy\nattacks. Press   to  target  enemies\nand objects.\nWhen holding an object, press   \nto target  and      to throw . You'll\n hit your target  with the object.\nFirst, hold   and target the bomb\nwith  . Aim at the object you want\nto hit with  , then use   or\n  to target it!\nRotate\nSet item\nGAME OVER\nLink\nEpona\nEnter horse name\nEnter name\nHiragana\nKatakana\nEnglish\n \nEND\nABC\nabc\n \nEND\n\nUnable to find the Memory Card in \nSlot A. Please check that the\nMemory Card is inserted. \nThe Memory Card in Slot A is\ndamaged and cannot be used. \nWrong device in Slot A. Please insert\na Memory Card.  \nThe Memory Card in Slot A is not\ncompatible. \nThe data in the Memory Card in Slot\nA is corrupted and needs to be \nerased. Do you want to erase it? \nYES\nNO\nThere is either not enough free space\non the Memory Card in Slot A or the\nfile count will be exceeded. \nTo save this game, you need at least\n1 file and 4 free blocks.  \nTo manage the contents of your\nMemory Card, use the Memory Card \nScreen. \nAn error might have occurred in \nformatting. \nFormatted. \nFormatting.\n\n Do not touch the Memory Card in\nSlot A or the POWER Button.  \nIf you format, all the data on the \nMemory Card in Slot A will be lost.\nDo you still want to format? \nYES\nNO\nThe Memory Card in Slot A cannot be\nused with this game. \nDo you want to open the Memory\nCard screen on the hardware?\n(You can also access this screen by\nholding the A Button while powering\non the system.) \nUnable to save, but do you want\nto start the game? \nYES\nNO\nCreate a save file on the Memory Card\nin Slot A? \nYES\nNO\nThere is no save file on the \nMemory Card in Slot A. \nAn error might have occurred when\ncreating a save file. \nCreating a save file.\n\n Do not touch the Memory Card in Slot\nA or the POWER Button. \nA file has been created. \nUnable to save. There is no \nMemory Card in Slot A. Please \ninsert a Memory Card into Slot A. \nUnable to save. The Memory Card in\nSlot A is damaged and cannot be\nused.  Please insert a valid\nMemory Card into Slot A. \nUnable to save. Wrong device in\nSlot A. Please insert a Memory Card\ninto Slot A. \nUnable to save. The Memory Card in\nSlot A is not compatible. Please\ninsert a compatible Memory Card into\nSlot A. \nUnable to save. There is no \nMemory Card in Slot A. Please \ninsert a Memory Card into Slot A. \nUnable to save. The Memory Card\nin Slot A is corrupted and needs to be\nformatted. Would you like to format? \nYES\nNO\nUnable to save. There is no \nMemory Card in Slot A. Please \ninsert a Memory Card into Slot A. \nUnable to save. There is insufficient\nspace on the Memory Card in Slot A.\nThe Legend of Zelda: Twilight\nPrincess requires 1 file and 4 blocks\nto create a new save file. \nEither insert a Memory Card with \nfree space into Slot A or manage\nthe Memory Card contents on the \nMemory Card Screen. \nAn error might have occurred during\nformatting. \nFormatted. \nFormatting...\n\n Do not touch the Memory Card in Slot\nA or the POWER Button.  \nFormatting the Memory Card in Slot A\nwill erase all previously saved data. \nDo you want to format? \nYES\nNO\nUnable to save. The Memory Card in\nSlot A cannot be used. Please insert\na valid Memory Card. \nThe current game data will not be\nsaved. Is this OK? \nYES\nNO\nWould you like to manage the\ncontents of \n\n---\n\nExtract glossary entries following the instructions. For each item include 'term', 'translation', and 'notes' (1-2 short Ukrainian sentences)."
  }
]
--- RESPONSE RECEIVED ---
```json
[
  {
    "term": "Great Bridge of Hylia",
    "translation": "Великий міст Хілії",
    "notes": "Велика локація-міст, названа на честь богині Хілії."
  },
  {
    "term": "Castle Town",
    "translation": "Замкове місто",
    "notes": "Головне місто в грі, розташоване біля замку Хайрулу."
  },
  {
    "term": "Sacred Grove",
    "translation": "Священна гаща",
    "notes": "Таємнича лісова локація з особливим значенням."
  },
  {
    "term": "Zora's River",
    "translation": "Річка Зора",
    "notes": "Річка, пов'язана з народом Зора."
  },
  {
    "term": "Kakariko Village",
    "translation": "Село Какаріко",
    "notes": "Традиційне село в серії Zelda, часто пов'язане з народом Шейка."
  },
  {
    "term": "Gerudo Desert",
    "translation": "Пустеля Герудо",
    "notes": "Пустельна локація, домівка племені Герудо."
  },
  {
    "term": "Poes",
    "translation": "По",
    "notes": "Духи-привиди, які можна побачити лише за допомогою особливих здібностей."
  },
  {
    "term": "Sky language",
    "translation": "Небесна мова",
    "notes": "Стародавня мова, пов'язана з небесними істотами."
  },
  {
    "term": "Ooccoo",
    "translation": "Уку",
    "notes": "Небесна істота, яка може телепортувати гравця до крамниці в Небесному місті."
  },
  {
    "term": "City in the Sky",
    "translation": "Місто в небі",
    "notes": "Локація-підземелля, розташована високо в небі."
  },
  {
    "term": "Ordon",
    "translation": "Ордон",
    "notes": "Рідне село головного героя, відоме своїми гарбузами та козами."
  },
  {
    "term": "Snowpeak",
    "translation": "Сніжний пік",
    "notes": "Гірська снігова локація з особняком, де зберігається уламок дзеркала."
  },
  {
    "term": "mirror shard",
    "translation": "уламок дзеркала",
    "notes": "Частина розбитого магічного дзеркала, яку потрібно зібрати."
  },
  {
    "term": "Goron elder",
    "translation": "старійшина Горонів",
    "notes": "Лідер народу Горонів, який був перетворений темною магією."
  },
  {
    "term": "Gale Boomerang",
    "translation": "Бумеранг бурі",
    "notes": "Магічний бумеранг, який може переносити предмети за допомогою вітру."
  },
  {
    "term": "Hyrule Castle",
    "translation": "Замок Хайрулу",
    "notes": "Головний замок королівства Хайрул."
  },
  {
    "term": "Forest Temple",
    "translation": "Лісовий храм",
    "notes": "Підземелля, розташоване в лісі."
  },
  {
    "term": "Goron Mines",
    "translation": "Шахти Горонів",
    "notes": "Підземелля в гірських шахтах народу Горонів."
  },
  {
    "term": "Lakebed Temple",
    "translation": "Храм на дні озера",
    "notes": "Підземелля, розташоване під водою."
  },
  {
    "term": "Arbiter's Grounds",
    "translation": "Землі арбітра",
    "notes": "Підземелля-в'язниця в пустелі."
  },
  {
    "term": "Snowpeak Ruins",
    "translation": "Руїни Сніжного піку",
    "notes": "Занедбаний особняк на засніженій горі."
  },
  {
    "term": "Temple of Time",
    "translation": "Храм часу",
    "notes": "Легендарний храм, пов'язаний з часом та Майстер Мечем."
  },
  {
    "term": "Palace of Twilight",
    "translation": "Палац сутінків",
    "notes": "Підземелля в Сутінковому царстві."
  },
  {
    "term": "Link",
    "translation": "Лінк",
    "notes": "Ім'я головного героя гри."
  },
  {
    "term": "Epona",
    "translation": "Епона",
    "notes": "Ім'я коня головного героя."
  },
  {
    "term": "Big Key",
    "translation": "Великий ключ",
    "notes": "Ключ, який відкриває двері до кімнати боса підземелля."
  },
  {
    "term": "Map",
    "translation": "Карта",
    "notes": "Предмет, який показує планування підземелля."
  },
  {
    "term": "Compass",
    "translation": "Компас",
    "notes": "Предмет, який показує розташування скриньок та боса на карті."
  },
  {
    "term": "Memory Card",
    "translation": "Карта пам'яті",
    "notes": "Пристрій для збереження прогресу гри на консолі GameCube."
  }
]
```
============================================================

==================== 2026-05-22 20:32:05.276 ====================
Task Type: build_glossary
--- MESSAGES SENT ---
[
  {
    "role": "system",
    "content": "You are a linguistic assistant creating a glossary for a video game translation from English to Ukrainian. Analyze the provided text chunk and identify key terms: proper names, locations, items, recurring phrases, and unique concepts. Return them as a JSON array of objects. Each object must include the keys 'term' (original English term), 'translation' (Ukrainian translation), and 'notes' (a short Ukrainian description of what the term means or how it is used). Do not add any extra text outside of the JSON array."
  },
  {
    "role": "user",
    "content": "Here is the text chunk to analyze:\n\n---\n\nyour Memory Card on the\nMemory Card Screen? \nCreate a save file for this game\non the Memory Card in Slot A? \nYES\nNO\nUnable to save. There is no save file\nfor this game on the Memory Card\nin Slot A. \nCreating a file...\n\n Do not touch the Memory Card in Slot\nA or the POWER Button.  \nAn error might have occurred when \ncreating a save file. \nA save file has been created. \nSaving... Do not touch the Memory\nCard in Slot A or the POWER Button. \nUnable to save.\n\nThe Memory Card in Slot A has\nbeen switched. \nSaved. Continue playing? \nYES\nNO\nAn error might have occurred when\nsaving. \nDo you want to save?\nDo you want to continue playing?\nSave time\nTotal play time\nThere is a save file for this game on\nthe Memory Card in Slot A. Would you\nlike to transfer this data to the Wii? \nData in the Wii System Memory will be\nerased and cannot be restored.\nAre you sure you want to continue?\nUnable to find Memory Card in Slot A.\nIn order to copy save data from a\nMemory Card, please start over.\nClear\nRoll\nHold on\n8F\n7F\nB2\nB3\n5F\n6F\nMove\nRotate\nField Map\nCollection\nSELECT\nSTART!\nGOAT IN!\nThe Vessel of Light is filled\nwith tears! Hurry! Take it to\nthe spirit!\nHint\nX/Y Switch\nItem Selection\nLet go\nPeek\nAttack\nPut away\nHowl\nOpen\nEnter\nCheck\nDash\nCrouch\nDefend\nPick up\nDig\nEat\nSelect\nSwitch\nBack\nThrow\nPlace\nGrab\nSwim\nGet on\nGet on\nLift\nPick up\nPaddle\nJump\nRead\nLook\nSpeak\nSwing\nNext\nLock\nZoom\nWhoop\nConfirm\nQuit\nPick\nBlow\nDodge\nCut\nFinish\nSet free\nDismount\nGet off\nDrop down\nPick up\nTake\nHurry\nPull down\nPet\nPick up\nShield attack\nListen\nDrink\nZoom\nCover\nPush\nResist\nPut together\nSkip\nSlap\nSniff\nBite\nFasten\nGet down\nRoll\nTry again\nDash\nDive\nSniff\nCan't skip\nSense\nThrow\nLand\nHook\nChange locks\nEquip\nPull\nReel\nExtract\nSpin\nSwitch\nSpin attack\nReel fast\nRaise\nRelease\nCheck\nMap\nItems\nJump\nInsert\nDraw\nStrike\n\nJump\nFlip\nChange view\nZoom\nBack\nForest Temple \nGoron Mines \nLakebed Temple \nArbiter's Grounds \nSnowpeak Ruins \nTemple of Time \nCity in the Sky \nPalace of Twilight \nHyrule Castle \nOrdon Ranch \nOrdon Village \nKakariko Village \nZora's River \nZora's Domain \nFaron Woods \nLake Hylia \nDeath Mountain \nGraveyard \nGerudo Desert \nSnowpeak \nMirror Chamber \nHyrule Field \nSacred Grove \nHyrule Castle Town \nSera's Sundries \nMalo Mart \nBarnes Bombs \nMalo Mart Castle Branch \nSTAR Tent \nTelma's Bar \nFanadi's Palace \nAgitha's Castle \nJovani's House \nHidden Village \nCastle Town Sewers \n Castle Town West Road \nCastle Town Central Square \nCastle Town South Road \n Castle Town East Road \nFishing Hole \nUpper Zora's River \nGreat Bridge of Hylia \nBite\nMove\nCollection\nArea Map\nSeize\nSurvey\nScoop\nChance\n Twilit Parasite \n DIABABA \n Twilit Igniter \nFYRUS \n Twilit Aquatic \nMORPHEEL \n Twilit Fossil \nSTALLORD \n Twilit Ice Mass \nBLIZZETA \n Twilit Arachnid \nARMOGOHMA \n Twilit Dragon \nARGOROK \n Usurper King \nZANT \n Dark Lord \nGANONDORF \nHelp\nAction\nSet hook\nTilt\nThrust\nRotate\nHelm splitter\n\n Ganon's Puppet \nZELDA \n Dark Beast \nGANON \nCastle Town West Road \nCastle Town East Road \n\n\n\n\n\n\n\n\n\n\n\n\n\n\n\n\n\n Hold the controller naturally and\npoint it at the center of the screen.\nIf the cursor seems too high,\npress   ; if it's too low, press   .\nPlease select a stage.\nPAUSE\nSELECT STAGE\nSelect\nBack\nOK\nStart\nThank You for Playing the Demo\nSTART\nAttach the wrist strap to your wrist.\nPoint the controller at the file menu,\nthen press   and   at the same\ntime.\nYES\nNO\nContinue?\nReally quit?\nConfirm\nBack\nChoose\nThese are the same as bombs\nyou set to  . Want to\nconsolidate? Confirm with  .\nCombine this with the Hero's\nBow that you set to   to aim\nat distant targets. Set it to  .\nCombine these with the Hero's \nBow that you set to   to make\nbomb arrows. Set them to  .\nCombine these with the Hero's \nBow that you set to   to make\nflash bomb arrows. Set them to\n .\nHawkeye OFF\nRetry?\nYES\nNO\nReturn to the\ntitle screen?\nYES\nNO\nSave your\nprogress?\nYES\nNO\nSave your quest.\nChange game settings.\nFISH ON!\nLetters\n Letters to  \nPress   to open it and read all\nletters you've received so far.\nSave to which log?\nOverwrite this log?\nSaved. Continue playing?\nDirect select\nLetters to  .\nPress   to open it and read all\nletters you've received so far.\n You collected 20  Poe souls ! \n You collected 60  Poe souls ! \n You collected 60  Poe souls ! \nBow & Arrow Combo\nCombo OFF\nPitch\nHowl\nLetter  / \nTurn page\nSTEP 1\nPlease adjust the orange bar so that it\nmatches the exact size and position of\nthe Sensor Bar.\nSTEP 2\nPoint the Wii Remote at the screen and\nadjust your distance from the screen until\nthe blue circle overlaps the orange circle.\nSTEP 3\nPoint the Wii Remote at the screen\nand move the cursor vertically until it\noverlaps the central orange circle.\nSwap Set Items\n You can set up to 3 items to   to scroll\n through.\n Point at an item and press   to set it.\n To use an item, press   to set it, then\n use it with  .\n Use some items just by pressing  .\nB Button\n Point at the item that you want to use\n and set it with  .\n Press   to use it.\n1\n2\n To save your progress during your\ngame, press  START , then choose\nthe  Save  option in the bottom-left\ncorner of the  Collection  screen.\nTo save your progress during your\ngame, press  , then choose\nthe  Save  option in the bottom-left\ncorner of the  Collection  screen.\n\n\n\n\n\n\n\n\n\n\n\n\n\n\n\n\n\n\n\n\n\n\n\n\n\n\n\n\n\n\n\n\n\n\n\n\n\n\n\n\n\n\n\n\n\n\n\nREADY?\nFIGHT!\nMark this room and exit?\nYES\nNO\nReturn to the marked room?\nYES\nNO\nYou cannot warp now.\nWant to\n\n---\n\nExtract glossary entries following the instructions. For each item include 'term', 'translation', and 'notes' (1-2 short Ukrainian sentences)."
  }
]
============================================================

==================== 2026-05-22 20:33:00.181 ====================
Task Type: build_glossary
--- MESSAGES SENT ---
[
  {
    "role": "system",
    "content": "You are a linguistic assistant creating a glossary for a video game translation from English to Ukrainian. Analyze the provided text chunk and identify key terms: proper names, locations, items, recurring phrases, and unique concepts. Return them as a JSON array of objects. Each object must include the keys 'term' (original English term), 'translation' (Ukrainian translation), and 'notes' (a short Ukrainian description of what the term means or how it is used). Do not add any extra text outside of the JSON array."
  },
  {
    "role": "user",
    "content": "Here is the text chunk to analyze:\n\n---\n\nyour Memory Card on the\nMemory Card Screen? \nCreate a save file for this game\non the Memory Card in Slot A? \nYES\nNO\nUnable to save. There is no save file\nfor this game on the Memory Card\nin Slot A. \nCreating a file...\n\n Do not touch the Memory Card in Slot\nA or the POWER Button.  \nAn error might have occurred when \ncreating a save file. \nA save file has been created. \nSaving... Do not touch the Memory\nCard in Slot A or the POWER Button. \nUnable to save.\n\nThe Memory Card in Slot A has\nbeen switched. \nSaved. Continue playing? \nYES\nNO\nAn error might have occurred when\nsaving. \nDo you want to save?\nDo you want to continue playing?\nSave time\nTotal play time\nThere is a save file for this game on\nthe Memory Card in Slot A. Would you\nlike to transfer this data to the Wii? \nData in the Wii System Memory will be\nerased and cannot be restored.\nAre you sure you want to continue?\nUnable to find Memory Card in Slot A.\nIn order to copy save data from a\nMemory Card, please start over.\nClear\nRoll\nHold on\n8F\n7F\nB2\nB3\n5F\n6F\nMove\nRotate\nField Map\nCollection\nSELECT\nSTART!\nGOAT IN!\nThe Vessel of Light is filled\nwith tears! Hurry! Take it to\nthe spirit!\nHint\nX/Y Switch\nItem Selection\nLet go\nPeek\nAttack\nPut away\nHowl\nOpen\nEnter\nCheck\nDash\nCrouch\nDefend\nPick up\nDig\nEat\nSelect\nSwitch\nBack\nThrow\nPlace\nGrab\nSwim\nGet on\nGet on\nLift\nPick up\nPaddle\nJump\nRead\nLook\nSpeak\nSwing\nNext\nLock\nZoom\nWhoop\nConfirm\nQuit\nPick\nBlow\nDodge\nCut\nFinish\nSet free\nDismount\nGet off\nDrop down\nPick up\nTake\nHurry\nPull down\nPet\nPick up\nShield attack\nListen\nDrink\nZoom\nCover\nPush\nResist\nPut together\nSkip\nSlap\nSniff\nBite\nFasten\nGet down\nRoll\nTry again\nDash\nDive\nSniff\nCan't skip\nSense\nThrow\nLand\nHook\nChange locks\nEquip\nPull\nReel\nExtract\nSpin\nSwitch\nSpin attack\nReel fast\nRaise\nRelease\nCheck\nMap\nItems\nJump\nInsert\nDraw\nStrike\n\nJump\nFlip\nChange view\nZoom\nBack\nForest Temple \nGoron Mines \nLakebed Temple \nArbiter's Grounds \nSnowpeak Ruins \nTemple of Time \nCity in the Sky \nPalace of Twilight \nHyrule Castle \nOrdon Ranch \nOrdon Village \nKakariko Village \nZora's River \nZora's Domain \nFaron Woods \nLake Hylia \nDeath Mountain \nGraveyard \nGerudo Desert \nSnowpeak \nMirror Chamber \nHyrule Field \nSacred Grove \nHyrule Castle Town \nSera's Sundries \nMalo Mart \nBarnes Bombs \nMalo Mart Castle Branch \nSTAR Tent \nTelma's Bar \nFanadi's Palace \nAgitha's Castle \nJovani's House \nHidden Village \nCastle Town Sewers \n Castle Town West Road \nCastle Town Central Square \nCastle Town South Road \n Castle Town East Road \nFishing Hole \nUpper Zora's River \nGreat Bridge of Hylia \nBite\nMove\nCollection\nArea Map\nSeize\nSurvey\nScoop\nChance\n Twilit Parasite \n DIABABA \n Twilit Igniter \nFYRUS \n Twilit Aquatic \nMORPHEEL \n Twilit Fossil \nSTALLORD \n Twilit Ice Mass \nBLIZZETA \n Twilit Arachnid \nARMOGOHMA \n Twilit Dragon \nARGOROK \n Usurper King \nZANT \n Dark Lord \nGANONDORF \nHelp\nAction\nSet hook\nTilt\nThrust\nRotate\nHelm splitter\n\n Ganon's Puppet \nZELDA \n Dark Beast \nGANON \nCastle Town West Road \nCastle Town East Road \n\n\n\n\n\n\n\n\n\n\n\n\n\n\n\n\n\n Hold the controller naturally and\npoint it at the center of the screen.\nIf the cursor seems too high,\npress   ; if it's too low, press   .\nPlease select a stage.\nPAUSE\nSELECT STAGE\nSelect\nBack\nOK\nStart\nThank You for Playing the Demo\nSTART\nAttach the wrist strap to your wrist.\nPoint the controller at the file menu,\nthen press   and   at the same\ntime.\nYES\nNO\nContinue?\nReally quit?\nConfirm\nBack\nChoose\nThese are the same as bombs\nyou set to  . Want to\nconsolidate? Confirm with  .\nCombine this with the Hero's\nBow that you set to   to aim\nat distant targets. Set it to  .\nCombine these with the Hero's \nBow that you set to   to make\nbomb arrows. Set them to  .\nCombine these with the Hero's \nBow that you set to   to make\nflash bomb arrows. Set them to\n .\nHawkeye OFF\nRetry?\nYES\nNO\nReturn to the\ntitle screen?\nYES\nNO\nSave your\nprogress?\nYES\nNO\nSave your quest.\nChange game settings.\nFISH ON!\nLetters\n Letters to  \nPress   to open it and read all\nletters you've received so far.\nSave to which log?\nOverwrite this log?\nSaved. Continue playing?\nDirect select\nLetters to  .\nPress   to open it and read all\nletters you've received so far.\n You collected 20  Poe souls ! \n You collected 60  Poe souls ! \n You collected 60  Poe souls ! \nBow & Arrow Combo\nCombo OFF\nPitch\nHowl\nLetter  / \nTurn page\nSTEP 1\nPlease adjust the orange bar so that it\nmatches the exact size and position of\nthe Sensor Bar.\nSTEP 2\nPoint the Wii Remote at the screen and\nadjust your distance from the screen until\nthe blue circle overlaps the orange circle.\nSTEP 3\nPoint the Wii Remote at the screen\nand move the cursor vertically until it\noverlaps the central orange circle.\nSwap Set Items\n You can set up to 3 items to   to scroll\n through.\n Point at an item and press   to set it.\n To use an item, press   to set it, then\n use it with  .\n Use some items just by pressing  .\nB Button\n Point at the item that you want to use\n and set it with  .\n Press   to use it.\n1\n2\n To save your progress during your\ngame, press  START , then choose\nthe  Save  option in the bottom-left\ncorner of the  Collection  screen.\nTo save your progress during your\ngame, press  , then choose\nthe  Save  option in the bottom-left\ncorner of the  Collection  screen.\n\n\n\n\n\n\n\n\n\n\n\n\n\n\n\n\n\n\n\n\n\n\n\n\n\n\n\n\n\n\n\n\n\n\n\n\n\n\n\n\n\n\n\n\n\n\n\nREADY?\nFIGHT!\nMark this room and exit?\nYES\nNO\nReturn to the marked room?\nYES\nNO\nYou cannot warp now.\nWant to\n\n---\n\nExtract glossary entries following the instructions. For each item include 'term', 'translation', and 'notes' (1-2 short Ukrainian sentences)."
  }
]
--- RESPONSE RECEIVED ---
```json
[
  {
    "term": "Memory Card",
    "translation": "Карта пам'яті",
    "notes": "Пристрій для збереження ігрових даних на консолі GameCube або Wii."
  },
  {
    "term": "Slot A",
    "translation": "Слот A",
    "notes": "Роз'єм для підключення карти пам'яті на консолі."
  },
  {
    "term": "POWER Button",
    "translation": "Кнопка ЖИВЛЕННЯ",
    "notes": "Кнопка увімкнення/вимкнення консолі."
  },
  {
    "term": "Wii System Memory",
    "translation": "Системна пам'ять Wii",
    "notes": "Внутрішня пам'ять консолі Wii для збереження даних."
  },
  {
    "term": "Vessel of Light",
    "translation": "Посудина Світла",
    "notes": "Магічний предмет, який наповнюється сльозами світла для очищення регіонів від сутінків."
  },
  {
    "term": "Forest Temple",
    "translation": "Лісовий Храм",
    "notes": "Перше підземелля в грі, розташоване в лісі Фарон."
  },
  {
    "term": "Goron Mines",
    "translation": "Шахти Горонів",
    "notes": "Друге підземелля, розташоване всередині Гори Смерті."
  },
  {
    "term": "Lakebed Temple",
    "translation": "Храм Озерного Дна",
    "notes": "Третє підземелля, розташоване на дні озера Хайлія."
  },
  {
    "term": "Arbiter's Grounds",
    "translation": "Землі Арбітра",
    "notes": "Четверте підземелля, давня в'язниця в пустелі Герудо."
  },
  {
    "term": "Snowpeak Ruins",
    "translation": "Руїни Сніжного Піку",
    "notes": "П'яте підземелля, занедбаний особняк на засніженій горі."
  },
  {
    "term": "Temple of Time",
    "translation": "Храм Часу",
    "notes": "Шосте підземелля, священний храм з механізмами часу."
  },
  {
    "term": "City in the Sky",
    "translation": "Місто в Небі",
    "notes": "Сьоме підземелля, давнє місто народу Укка в хмарах."
  },
  {
    "term": "Palace of Twilight",
    "translation": "Палац Сутінків",
    "notes": "Восьме підземелля, резиденція узурпатора Занта в царстві сутінків."
  },
  {
    "term": "Hyrule Castle",
    "translation": "Замок Хайрул",
    "notes": "Фінальне підземелля, королівський замок, захоплений Ганондорфом."
  },
  {
    "term": "Ordon Ranch",
    "translation": "Ранчо Ордон",
    "notes": "Ферма в селі Ордон, де Лінк працює пастухом."
  },
  {
    "term": "Ordon Village",
    "translation": "Село Ордон",
    "notes": "Мирне село на околиці Хайрулу, де починається пригода Лінка."
  },
  {
    "term": "Kakariko Village",
    "translation": "Село Какаріко",
    "notes": "Гірське село біля підніжжя Гори Смерті."
  },
  {
    "term": "Zora's River",
    "translation": "Річка Зора",
    "notes": "Річка, що веде до володінь народу Зора."
  },
  {
    "term": "Zora's Domain",
    "translation": "Володіння Зора",
    "notes": "Домівка водного народу Зора, заморожена злою магією."
  },
  {
    "term": "Faron Woods",
    "translation": "Ліси Фарон",
    "notes": "Густий ліс під захистом духа світла Фарон."
  },
  {
    "term": "Lake Hylia",
    "translation": "Озеро Хайлія",
    "notes": "Велике озеро в центральній частині Хайрулу."
  },
  {
    "term": "Death Mountain",
    "translation": "Гора Смерті",
    "notes": "Вулканічна гора, домівка народу Горонів."
  },
  {
    "term": "Graveyard",
    "translation": "Цвинтар",
    "notes": "Кладовище біля села Какаріко з підземними катакомбами."
  },
  {
    "term": "Gerudo Desert",
    "translation": "Пустеля Герудо",
    "notes": "Спекотна пустеля на заході Хайрулу."
  },
  {
    "term": "Snowpeak",
    "translation": "Сніжний Пік",
    "notes": "Засніжена гірська вершина на півночі."
  },
  {
    "term": "Mirror Chamber",
    "translation": "Зала Дзеркала",
    "notes": "Місце, де зберігається Дзеркало Сутінків."
  },
  {
    "term": "Hyrule Field",
    "translation": "Поле Хайрул",
    "notes": "Великі відкриті простори, що з'єднують різні регіони Хайрулу."
  },
  {
    "term": "Sacred Grove",
    "translation": "Священна Гаща",
    "notes": "Таємнича лісова галявина з порталом до Храму Часу."
  },
  {
    "term": "Hyrule Castle Town",
    "translation": "Замкове Місто Хайрул",
    "notes": "Головне місто королівства Хайрул."
  },
  {
    "term": "Sera's Sundries",
    "translation": "Крамниця Сери",
    "notes": "Магазин у селі Ордон."
  },
  {
    "term": "Malo Mart",
    "translation": "Магазин Мало",
    "notes": "Мережа крамниць, заснована хлопчиком Мало."
  },
  {
    "term": "Barnes Bombs",
    "translation": "Бомби Барнса",
    "notes": "Магазин вибухівки в селі Какаріко."
  },
  {
    "term": "STAR Tent",
    "translation": "Намет ЗІРКА",
    "notes": "Розважальний намет у Замковому Місті."
  },
  {
    "term": "Telma's Bar",
    "translation": "Бар Тельми",
    "notes": "Таверна в Замковому Місті, де збирається група опору."
  },
  {
    "term": "Fanadi's Palace",
    "translation": "Палац Фанаді",
    "notes": "Будинок ворожки в Замковому Місті."
  },
  {
    "term": "Agitha's Castle",
    "translation": "Замок Аґіти",
    "notes": "Будинок дівчинки, яка колекціонує комах."
  },
  {
    "term": "Jovani's House",
    "translation": "Будинок Джовані",
    "notes": "Дім багатія, прокльятого перетворенням на золоту статую."
  },
  {
    "term": "Hidden Village",
    "translation": "Приховане Село",
    "notes": "Таємне село, заселене котами."
  },
  {
    "term": "Castle Town Sewers",
    "translation": "Каналізація Замкового Міста",
    "notes": "Підземні тунелі під містом."
  },
  {
    "term": "Fishing Hole",
    "translation": "Рибальське Місце",
    "notes": "Ставок для риболовлі."
  },
  {
    "term": "Great Bridge of Hylia",
    "translation": "Великий Міст Хайлії",
    "notes": "Масивний міст через озеро Хайлія."
  },
  {
    "term": "Twilit Parasite",
    "translation": "Сутінковий Паразит",
    "notes": "Комахоподібні створіння, що несуть сльози світла."
  },
  {
    "term": "DIABABA",
    "translation": "ДІАБАБА",
    "notes": "Бос Лісового Храму, гігантська хижа рослина."
  },
  {
    "term": "Twilit Igniter",
    "translation": "Сутінковий Запалювач",
    "notes": "Підзаголовок боса Файруса."
  },
  {
    "term": "FYRUS",
    "translation": "ФАЙРУС",
    "notes": "Бос Шахт Горонів, вогняний велетень у ланцюгах."
  },
  {
    "term": "Twilit Aquatic",
    "translation": "Сутінковий Водяний",
    "notes": "Підзаголовок боса Морфіла."
  },
  {
    "term": "MORPHEEL",
    "translation": "МОРФІЛ",
    "notes": "Бос Храму Озерного Дна, гігантська водяна істота."
  },
  {
    "term": "Twilit Fossil",
    "translation": "Сутінкова Скам'янілість",
    "notes": "Підзаголовок боса Сталлорда."
  },
  {
    "term": "STALLORD",
    "translation": "СТАЛЛОРД",
    "notes": "Бос Земель Арбітра, гігантський скелет динозавра."
  },
  {
    "term": "Twilit Ice Mass",
    "translation": "Сутінкова Крижана Маса",
    "notes": "Підзаголовок боса Бліззети."
  },
  {
    "term": "BLIZZETA",
    "translation": "БЛІЗЗЕТА",
    "notes": "Бос Руїн Сніжного Піку, одержима крижаним дзеркалом."
  },
  {
    "term": "Twilit Arachnid",
    "translation": "Сутінковий Павукоподібний",
    "notes": "Підзаголовок боса Армогоми."
  },
  {
    "term": "ARMOGOHMA",
    "translation": "АРМОГОМА",
    "notes": "Бос Храму Часу, гігантський броньований павук."
  },
  {
    "term": "Twilit Dragon",
    "translation": "Сутінковий Дракон",
    "notes": "Підзаголовок боса Аргорока."
  },
  {
    "term": "ARGOROK",
    "translation": "АРГОРОК",
    "notes": "Бос Міста в Небі, броньований вогняний дракон."
  },
  {
    "term": "Usurper King",
    "translation": "Король-Узурпатор",
    "notes": "Підзаголовок боса Занта."
  },
  {
    "term": "ZANT",
    "translation": "ЗАНТ",
    "notes": "Бос Палацу Сутінків, самопроголошений король сутінків."
  },
  {
    "term": "Dark Lord",
    "translation": "Темний Володар",
    "notes": "Підзаголовок фінального боса Ганондорфа."
  },
  {
    "term": "GANONDORF",
    "translation": "ГАНОНДОРФ",
    "notes": "Фінальний бос гри, втілення зла та влади."
  },
  {
    "term": "Ganon's Puppet",
    "translation": "Маріонетка Ганона",
    "notes": "Підзаголовок одержимої принцеси Зельди."
  },
  {
    "term": "ZELDA",
    "translation": "ЗЕЛЬДА",
    "notes": "Принцеса Хайрулу, тимчасово контрольована Ганондорфом."
  },
  {
    "term": "Dark Beast",
    "translation": "Темний Звір",
    "notes": "Підзаголовок звіриної форми Ганона."
  },
  {
    "term": "GANON",
    "translation": "ГАНОН",
    "notes": "Звіряча форма Ганондорфа у фінальній битві."
  },
  {
    "term": "Poe souls",
    "translation": "Душі По",
    "notes": "Духи привидів, які Лінк збирає для Джовані."
  },
  {
    "term": "Hero's Bow",
    "translation": "Лук Героя",
    "notes": "Основна зброя дальнього бою."
  },
  {
    "term": "Hawkeye",
    "translation": "Соколине Око",
    "notes": "Предмет, що дозволяє прицілюватися на великі відстані."
  },
  {
    "term": "Sensor Bar",
    "translation": "Сенсорна Панель",
    "notes": "Пристрій для відстеження Wii Remote."
  },
  {
    "term": "Wii Remote",
    "translation": "Wii Remote",
    "notes": "Бездротовий контролер для консолі Wii."
  },
  {
    "term": "Collection",
    "translation": "Колекція",
    "notes": "Меню інвентарю та карти."
  },
  {
    "term": "Helm splitter",
    "translation": "Розсікач шолома",
    "notes": "Спеціальна атака з підскоком та ударом зверху."
  },
  {
    "term": "Shield attack",
    "translation": "Атака щитом",
    "notes": "Удар щитом для оглушення ворогів."
  },
  {
    "term": "Spin attack",
    "translation": "Обертова атака",
    "notes": "Кругова атака мечем."
  }
]
```
============================================================

==================== 2026-05-22 20:33:00.184 ====================
Task Type: build_glossary
--- MESSAGES SENT ---
[
  {
    "role": "system",
    "content": "You are a linguistic assistant creating a glossary for a video game translation from English to Ukrainian. Analyze the provided text chunk and identify key terms: proper names, locations, items, recurring phrases, and unique concepts. Return them as a JSON array of objects. Each object must include the keys 'term' (original English term), 'translation' (Ukrainian translation), and 'notes' (a short Ukrainian description of what the term means or how it is used). Do not add any extra text outside of the JSON array."
  },
  {
    "role": "user",
    "content": "Here is the text chunk to analyze:\n\n---\n\n travel to\n   ?\nYES\nNO\nZoom\nZoom out\nPut away\nSelect area\nSelect area\nSelect portal\nZoom in\nMove\nPortals\nPortals off\nWant to go outside? Are you all\ndone here? \n Yes\n No\nGO!\nGOAL!\n\nSaved.\nNo effect...\nNothing happened...\nWarp\nNo response...\nNothing happened...\nSlide\nI'll get you out of here. You're sure\nthere's nothing else you need to\ndo, right? \nYOU WIN!\nYOU LOSE!\nUh...that's where the bridge\ndisappeared, right? You'll just fall\ninto the gorge if you go there! \nYou'd better not...\nYou wouldn't be able to go any\nfarther even if you went there!\nLook for the bridge a little more\nbefore heading back!\nZoom in\nZoom out\nSCORE\nCOMBO\n\nIcon Shortcuts\n+2\n+1\n0\n-1\n-2\nOptions\nLock-on Type\nHold\nSwitch\nFurigana\nOff\nOn\nRumble\nSound\nStereo\nMono\nSurround\nTV Ratio\nPointer Settings\nMenu Selection/Setting\nBrightness/Screen Ratio\nRatio Check Sample\nChange the settings on the screen so that\nthe 3 shapes below appear as squares.\nBrightness Check Sample\nIf the screen is too dark to see\nclearly, adjust the brightness so\n4 colors on the right are distinct.\n  Make the adjustments on the television.\nTV Settings\nSelect option\nSettings\nAre these settings OK?\nCancel setting changes?\nCancel\nEnd\nAdjust\nComplete\nCamera Control\nNormal\nInvert\nPointer\nMap Control\nItem/Floor Selection\nCheck\n\n\n\n\n\n\n\n\n\n\n\nPlease move closer to the TV.\n\nHyrule Kingdom\nOrdon Ranch\nOrdon Village\nOrdon Woods\nOrdona Province\nFaron Province\nOrdon Spring\nFaron Woods\nKakariko Village\nDeath Mountain\nHyrule Field\nEldin Province\nZora's River\nZora's Domain\nLake Hylia\nLanayru Province\nGraveyard\nSnowpeak\nGerudo Desert\nCastle Town\nSacred Grove\nHyrule Castle\nHidden Village\nPeak Province\nDesert Province\n\n\n\n\n\n \n \nOrdon Catfish\nReekfish\nHylian Pike\nGreengill\nHylian Loach\nHyrule Bass\nLargest\nNo. Caught\nFish Journal\n A bobber-fishing journal. Press   to\nopen it and view the largest size and\nnumber of fish  's caught.\nBobber Journal\nfish\nin.\nA bobber-fishing journal. Press   to\nopen it and view the largest size and\nnumber of fish  's caught.\n\n\n\nFused Shadows\nFused Shadows\nItems said to possess dangerous\npowers. The light spirits know where\nthe three hidden in Hyrule lie.\nItems said to possess dangerous\npowers. The light spirits know where\nthe three hidden in Hyrule lie.\n\n\nHidden Skills\n Call the golden wolf at howling stones.\nYour map will show where to learn a new\nskill. Press   to open the skill list.\nCall the golden wolf at howling stones.\nYour map will show where to learn a new\nskill. Press   to open the skill list.\n\nCoral Earring\nAn earring made of the\nprecious coral favored by the\nsacred fish of Zora's Domain.\n\n\nGolden Bugs\n Press   to view a list of all\ngolden bugs captured so far.\nGolden Bugs\nGive this bug?\nYou've already given this bug.\nPress   to view a list of all\ngolden bugs captured so far.\n\nMansion Map\n  You got the  map of the mansion . \n Press     to open the map\nscreen.\n\nThe  green rooms  are ones that\nyou've visited. The  yellow arrow\n shows your current location.\nUse     to choose floors.\n You got the  map of the mansion ! \n Press   to open the map screen\nand   to toggle the minimap on\nand off.\nThe  green rooms  are ones that\nyou've visited. The  yellow arrow\n shows your current location.\nUse     to choose floors.\n Green rooms  are ones you've\nvisited. The  yellow arrow\n marks your current location.\n\n\n\n\n\n\n\n\n\nGerudo Mesa\nMirror Chamber\nSacred Grove\nUpper Zora's River\nGerudo Mesa\nSnowpeak Top\nBridge of Eldin\nKakariko Gorge\nLake Hylia\nZora's Domain\nCastle Town\nDeath Mountain\nKakariko Village\nN. Faron Woods\nS. Faron Woods\nOrdon Spring\n\nThe Vessel of Light is full of tears!\n You cannot use the  Gale Boomerang \nin this room \nWhat is it,  ? \n Transform into wolf\n Talk to Midna\n Transform into human\n Talk to Midna\nYou don't have any magic power...\nYou know you can't turn into a\nbeast without it!\nThe  yellow arrow  marks where we\nare. You knew that, right?\nWhenever you destroy those\ncreatures from the darkness, a\nportal opens that looks like this\non the map:  .\nYou hear me? It's called a  portal .\nYou'd better remember that!\nAnd... in those woods we came\nthrough...\nYes! It's got to be around there...\n\nTell me... Do you ever feel a\nstrange sadness as dusk falls?\nThey say it's the only time when\nour world intersects with theirs...\n...The only time we can feel the\nlingering regrets of spirits who\nhave left our world.\nThat is why loneliness always\npervades the  hour of twilight ...\nBut enough talk of sadness...\nI have a favor to ask of you,\n .\nI was supposed to deliver\nsomething to the royal family of\nHyrule the day after tomorrow...\nYes, it was a task set to me by the\nmayor, but... would you go in my\nstead?\nYou have... never been to Hyrule,\nright?\nIn the  kingdom of Hyrule  there is a\ngreat  castle , and around it is Castle\nTown, a community far bigger than\nour little village.\n...And far bigger than Hyrule is the\nrest of the world the gods created.\n\n\nYou should look upon it all with\nyour own eyes.\nIt is getting late... We should head\nback to the village. I will talk to the\nmayor about this matter.\nHey!  !  You there?\nHey, you mind helpin' me herd the\ngoats?\nDon't you think you should leave\ntown for a while? I mean, at least\nuntil the uproar settles? THEN you\ncould come back...\nWith sword in hand, return to me...\n\n\n\n\n\n Demo 2:Meeting Ilia\n(take  's horse to the spring)\nOh, done herdin' for the day,\n ? \n\n\nWell, nice work.\nThe royal gift Rusl told you about is\nready, so you should get ready for\nyour trip to Hyrule Castle.\n\nNow, the royal family requested\nthis gift specifically, so it's real\nspecial.\n\nIt'd be...bad...if the representative\nof Ordon were to be late for such\nan occasion, you get me, lad?\nThe path before you is a long one,\nmy sweet horse...but please bear \n  safely along it.\nWait... What's this? \nWhat's happened? She's injured,\nisn't she?\n ! How could you!\nYou were pushing  \ntoo hard again! I bet you hurt her\nleg jumping fences, didn't you!\nNow, now, Ilia. There's no need to\nget so hot with him... \n  FATHER!  \nHow can you be so easy on him?\nYou're the MAYOR! You should\nstart acting like one!\nYou poor thing... \nIt'll be all right,  .\nI'll take you to the  forest spring\n right now.\n\nOnce we soothe you in the spirit's\nspring, you'll feel better in no\ntime!\nW-Wait! Ilia!!!\n\n\n\nWhy, without  ...\nThe gift won't get delivered in time!\nOh, this won't do...\n\n\n\n\n\n\n\n\n\n\n\n\n\n\n\n\n Demo 4 (First half\n\n---\n\nExtract glossary entries following the instructions. For each item include 'term', 'translation', and 'notes' (1-2 short Ukrainian sentences)."
  }
]
============================================================

==================== 2026-05-22 20:33:52.262 ====================
Task Type: build_glossary
--- MESSAGES SENT ---
[
  {
    "role": "system",
    "content": "You are a linguistic assistant creating a glossary for a video game translation from English to Ukrainian. Analyze the provided text chunk and identify key terms: proper names, locations, items, recurring phrases, and unique concepts. Return them as a JSON array of objects. Each object must include the keys 'term' (original English term), 'translation' (Ukrainian translation), and 'notes' (a short Ukrainian description of what the term means or how it is used). Do not add any extra text outside of the JSON array."
  },
  {
    "role": "user",
    "content": "Here is the text chunk to analyze:\n\n---\n\n travel to\n   ?\nYES\nNO\nZoom\nZoom out\nPut away\nSelect area\nSelect area\nSelect portal\nZoom in\nMove\nPortals\nPortals off\nWant to go outside? Are you all\ndone here? \n Yes\n No\nGO!\nGOAL!\n\nSaved.\nNo effect...\nNothing happened...\nWarp\nNo response...\nNothing happened...\nSlide\nI'll get you out of here. You're sure\nthere's nothing else you need to\ndo, right? \nYOU WIN!\nYOU LOSE!\nUh...that's where the bridge\ndisappeared, right? You'll just fall\ninto the gorge if you go there! \nYou'd better not...\nYou wouldn't be able to go any\nfarther even if you went there!\nLook for the bridge a little more\nbefore heading back!\nZoom in\nZoom out\nSCORE\nCOMBO\n\nIcon Shortcuts\n+2\n+1\n0\n-1\n-2\nOptions\nLock-on Type\nHold\nSwitch\nFurigana\nOff\nOn\nRumble\nSound\nStereo\nMono\nSurround\nTV Ratio\nPointer Settings\nMenu Selection/Setting\nBrightness/Screen Ratio\nRatio Check Sample\nChange the settings on the screen so that\nthe 3 shapes below appear as squares.\nBrightness Check Sample\nIf the screen is too dark to see\nclearly, adjust the brightness so\n4 colors on the right are distinct.\n  Make the adjustments on the television.\nTV Settings\nSelect option\nSettings\nAre these settings OK?\nCancel setting changes?\nCancel\nEnd\nAdjust\nComplete\nCamera Control\nNormal\nInvert\nPointer\nMap Control\nItem/Floor Selection\nCheck\n\n\n\n\n\n\n\n\n\n\n\nPlease move closer to the TV.\n\nHyrule Kingdom\nOrdon Ranch\nOrdon Village\nOrdon Woods\nOrdona Province\nFaron Province\nOrdon Spring\nFaron Woods\nKakariko Village\nDeath Mountain\nHyrule Field\nEldin Province\nZora's River\nZora's Domain\nLake Hylia\nLanayru Province\nGraveyard\nSnowpeak\nGerudo Desert\nCastle Town\nSacred Grove\nHyrule Castle\nHidden Village\nPeak Province\nDesert Province\n\n\n\n\n\n \n \nOrdon Catfish\nReekfish\nHylian Pike\nGreengill\nHylian Loach\nHyrule Bass\nLargest\nNo. Caught\nFish Journal\n A bobber-fishing journal. Press   to\nopen it and view the largest size and\nnumber of fish  's caught.\nBobber Journal\nfish\nin.\nA bobber-fishing journal. Press   to\nopen it and view the largest size and\nnumber of fish  's caught.\n\n\n\nFused Shadows\nFused Shadows\nItems said to possess dangerous\npowers. The light spirits know where\nthe three hidden in Hyrule lie.\nItems said to possess dangerous\npowers. The light spirits know where\nthe three hidden in Hyrule lie.\n\n\nHidden Skills\n Call the golden wolf at howling stones.\nYour map will show where to learn a new\nskill. Press   to open the skill list.\nCall the golden wolf at howling stones.\nYour map will show where to learn a new\nskill. Press   to open the skill list.\n\nCoral Earring\nAn earring made of the\nprecious coral favored by the\nsacred fish of Zora's Domain.\n\n\nGolden Bugs\n Press   to view a list of all\ngolden bugs captured so far.\nGolden Bugs\nGive this bug?\nYou've already given this bug.\nPress   to view a list of all\ngolden bugs captured so far.\n\nMansion Map\n  You got the  map of the mansion . \n Press     to open the map\nscreen.\n\nThe  green rooms  are ones that\nyou've visited. The  yellow arrow\n shows your current location.\nUse     to choose floors.\n You got the  map of the mansion ! \n Press   to open the map screen\nand   to toggle the minimap on\nand off.\nThe  green rooms  are ones that\nyou've visited. The  yellow arrow\n shows your current location.\nUse     to choose floors.\n Green rooms  are ones you've\nvisited. The  yellow arrow\n marks your current location.\n\n\n\n\n\n\n\n\n\nGerudo Mesa\nMirror Chamber\nSacred Grove\nUpper Zora's River\nGerudo Mesa\nSnowpeak Top\nBridge of Eldin\nKakariko Gorge\nLake Hylia\nZora's Domain\nCastle Town\nDeath Mountain\nKakariko Village\nN. Faron Woods\nS. Faron Woods\nOrdon Spring\n\nThe Vessel of Light is full of tears!\n You cannot use the  Gale Boomerang \nin this room \nWhat is it,  ? \n Transform into wolf\n Talk to Midna\n Transform into human\n Talk to Midna\nYou don't have any magic power...\nYou know you can't turn into a\nbeast without it!\nThe  yellow arrow  marks where we\nare. You knew that, right?\nWhenever you destroy those\ncreatures from the darkness, a\nportal opens that looks like this\non the map:  .\nYou hear me? It's called a  portal .\nYou'd better remember that!\nAnd... in those woods we came\nthrough...\nYes! It's got to be around there...\n\nTell me... Do you ever feel a\nstrange sadness as dusk falls?\nThey say it's the only time when\nour world intersects with theirs...\n...The only time we can feel the\nlingering regrets of spirits who\nhave left our world.\nThat is why loneliness always\npervades the  hour of twilight ...\nBut enough talk of sadness...\nI have a favor to ask of you,\n .\nI was supposed to deliver\nsomething to the royal family of\nHyrule the day after tomorrow...\nYes, it was a task set to me by the\nmayor, but... would you go in my\nstead?\nYou have... never been to Hyrule,\nright?\nIn the  kingdom of Hyrule  there is a\ngreat  castle , and around it is Castle\nTown, a community far bigger than\nour little village.\n...And far bigger than Hyrule is the\nrest of the world the gods created.\n\n\nYou should look upon it all with\nyour own eyes.\nIt is getting late... We should head\nback to the village. I will talk to the\nmayor about this matter.\nHey!  !  You there?\nHey, you mind helpin' me herd the\ngoats?\nDon't you think you should leave\ntown for a while? I mean, at least\nuntil the uproar settles? THEN you\ncould come back...\nWith sword in hand, return to me...\n\n\n\n\n\n Demo 2:Meeting Ilia\n(take  's horse to the spring)\nOh, done herdin' for the day,\n ? \n\n\nWell, nice work.\nThe royal gift Rusl told you about is\nready, so you should get ready for\nyour trip to Hyrule Castle.\n\nNow, the royal family requested\nthis gift specifically, so it's real\nspecial.\n\nIt'd be...bad...if the representative\nof Ordon were to be late for such\nan occasion, you get me, lad?\nThe path before you is a long one,\nmy sweet horse...but please bear \n  safely along it.\nWait... What's this? \nWhat's happened? She's injured,\nisn't she?\n ! How could you!\nYou were pushing  \ntoo hard again! I bet you hurt her\nleg jumping fences, didn't you!\nNow, now, Ilia. There's no need to\nget so hot with him... \n  FATHER!  \nHow can you be so easy on him?\nYou're the MAYOR! You should\nstart acting like one!\nYou poor thing... \nIt'll be all right,  .\nI'll take you to the  forest spring\n right now.\n\nOnce we soothe you in the spirit's\nspring, you'll feel better in no\ntime!\nW-Wait! Ilia!!!\n\n\n\nWhy, without  ...\nThe gift won't get delivered in time!\nOh, this won't do...\n\n\n\n\n\n\n\n\n\n\n\n\n\n\n\n\n Demo 4 (First half\n\n---\n\nExtract glossary entries following the instructions. For each item include 'term', 'translation', and 'notes' (1-2 short Ukrainian sentences)."
  }
]
--- RESPONSE RECEIVED ---
```json
[
  {
    "term": "Hyrule Kingdom",
    "translation": "Королівство Хайрул",
    "notes": "Головне королівство у грі, де відбувається дія."
  },
  {
    "term": "Ordon Village",
    "translation": "Село Ордон",
    "notes": "Початкова локація, домівка головного героя."
  },
  {
    "term": "Ordon Ranch",
    "translation": "Ранчо Ордон",
    "notes": "Ферма для випасу худоби поблизу села Ордон."
  },
  {
    "term": "Ordon Woods",
    "translation": "Ордонський ліс",
    "notes": "Лісова місцевість біля села Ордон."
  },
  {
    "term": "Faron Woods",
    "translation": "Фаронський ліс",
    "notes": "Велика лісова локація в провінції Фарон."
  },
  {
    "term": "Kakariko Village",
    "translation": "Село Какаріко",
    "notes": "Гірське поселення в грі."
  },
  {
    "term": "Death Mountain",
    "translation": "Гора Смерті",
    "notes": "Вулканічна гора, небезпечна локація."
  },
  {
    "term": "Hyrule Field",
    "translation": "Хайрульське поле",
    "notes": "Велика відкрита територія, центральна область Хайрулу."
  },
  {
    "term": "Zora's River",
    "translation": "Річка Зора",
    "notes": "Річка, що веде до володінь народу Зора."
  },
  {
    "term": "Zora's Domain",
    "translation": "Володіння Зора",
    "notes": "Домівка водяного народу Зора."
  },
  {
    "term": "Lake Hylia",
    "translation": "Озеро Хілія",
    "notes": "Велике озеро в провінції Ланайру."
  },
  {
    "term": "Castle Town",
    "translation": "Замкове місто",
    "notes": "Велике місто навколо Хайрульського замку."
  },
  {
    "term": "Hyrule Castle",
    "translation": "Хайрульський замок",
    "notes": "Королівський замок, резиденція королівської родини."
  },
  {
    "term": "Sacred Grove",
    "translation": "Священна гаїна",
    "notes": "Таємнича лісова локація з особливим значенням."
  },
  {
    "term": "Hidden Village",
    "translation": "Приховане село",
    "notes": "Секретне поселення, яке важко знайти."
  },
  {
    "term": "Gerudo Desert",
    "translation": "Пустеля Герудо",
    "notes": "Пустельна область, землі народу Герудо."
  },
  {
    "term": "Snowpeak",
    "translation": "Снігова вершина",
    "notes": "Засніжена гірська локація."
  },
  {
    "term": "Ordona Province",
    "translation": "Провінція Ордона",
    "notes": "Регіон, де знаходиться село Ордон."
  },
  {
    "term": "Faron Province",
    "translation": "Провінція Фарон",
    "notes": "Лісистий регіон на півдні."
  },
  {
    "term": "Eldin Province",
    "translation": "Провінція Елдін",
    "notes": "Гірський регіон з вулканічною активністю."
  },
  {
    "term": "Lanayru Province",
    "translation": "Провінція Ланайру",
    "notes": "Водний регіон з озером Хілія."
  },
  {
    "term": "Peak Province",
    "translation": "Провінція Вершин",
    "notes": "Гірський регіон зі снігом."
  },
  {
    "term": "Desert Province",
    "translation": "Пустельна провінція",
    "notes": "Регіон з пустелею Герудо."
  },
  {
    "term": "Fused Shadows",
    "translation": "Злиті тіні",
    "notes": "Артефакти з небезпечною силою, розшукувані духами світла."
  },
  {
    "term": "Vessel of Light",
    "translation": "Посудина світла",
    "notes": "Магічний предмет для збору сліз світла."
  },
  {
    "term": "Hidden Skills",
    "translation": "Приховані навички",
    "notes": "Спеціальні бойові техніки, які можна вивчити у золотого вовка."
  },
  {
    "term": "Gale Boomerang",
    "translation": "Бумеранг бурі",
    "notes": "Магічна зброя, що створює вітрові потоки."
  },
  {
    "term": "Coral Earring",
    "translation": "Коралова сережка",
    "notes": "Прикраса з коралу, улюблена священною рибою Зора."
  },
  {
    "term": "Golden Bugs",
    "translation": "Золоті жуки",
    "notes": "Колекційні комахи золотого кольору, розкидані по світу."
  },
  {
    "term": "Mansion Map",
    "translation": "Карта особняка",
    "notes": "Карта, що показує кімнати та поверхи особняка."
  },
  {
    "term": "Fish Journal",
    "translation": "Журнал риболовлі",
    "notes": "Записник для відстеження спійманої риби."
  },
  {
    "term": "Bobber Journal",
    "translation": "Журнал поплавця",
    "notes": "Записник для риболовлі з поплавцем."
  },
  {
    "term": "Ordon Catfish",
    "translation": "Ордонський сом",
    "notes": "Вид риби з околиць Ордона."
  },
  {
    "term": "Reekfish",
    "translation": "Рікфіш",
    "notes": "Риба з особливим запахом."
  },
  {
    "term": "Hylian Pike",
    "translation": "Хайрульська щука",
    "notes": "Вид щуки з вод Хайрулу."
  },
  {
    "term": "Greengill",
    "translation": "Зеленозяброва",
    "notes": "Риба із зеленими зябрами."
  },
  {
    "term": "Hylian Loach",
    "translation": "Хайрульський в'юн",
    "notes": "Рідкісна риба, важка для ловлі."
  },
  {
    "term": "Hyrule Bass",
    "translation": "Хайрульський окунь",
    "notes": "Поширений вид риби в Хайрулі."
  },
  {
    "term": "Portal",
    "translation": "Портал",
    "notes": "Магічний прохід, що з'являється після знищення темних створінь."
  },
  {
    "term": "Twilight",
    "translation": "Сутінки",
    "notes": "Час доби та стан світу, коли перетинаються два виміри."
  },
  {
    "term": "Hour of twilight",
    "translation": "Година сутінків",
    "notes": "Особливий час, коли відчуваються духи померлих."
  },
  {
    "term": "Light spirits",
    "translation": "Духи світла",
    "notes": "Божественні істоти, що охороняють провінції Хайрулу."
  },
  {
    "term": "Golden wolf",
    "translation": "Золотий вовк",
    "notes": "Таємничий вовк, що навчає прихованим навичкам."
  },
  {
    "term": "Howling stones",
    "translation": "Виючі камені",
    "notes": "Місця, де можна покликати золотого вовка."
  },
  {
    "term": "Bridge of Eldin",
    "translation": "Міст Елдіна",
    "notes": "Великий міст у провінції Елдін."
  },
  {
    "term": "Kakariko Gorge",
    "translation": "Ущелина Какаріко",
    "notes": "Глибока ущелина біля села Какаріко."
  },
  {
    "term": "Mirror Chamber",
    "translation": "Дзеркальна зала",
    "notes": "Кімната з важливим магічним дзеркалом."
  },
  {
    "term": "Ordon Spring",
    "translation": "Ордонське джерело",
    "notes": "Священне джерело духа світла біля села Ордон."
  },
  {
    "term": "Forest spring",
    "translation": "Лісове джерело",
    "notes": "Цілюще джерело в лісі з духовною силою."
  },
  {
    "term": "Transform into wolf",
    "translation": "Перетворитися на вовка",
    "notes": "Здатність головного героя змінювати форму."
  },
  {
    "term": "Transform into human",
    "translation": "Перетворитися на людину",
    "notes": "Повернення до людської форми з вовчої."
  },
  {
    "term": "Midna",
    "translation": "Мідна",
    "notes": "Супутниця головного героя з сутінкового світу."
  },
  {
    "term": "Ilia",
    "translation": "Ілія",
    "notes": "Подруга головного героя з села Ордон, дочка мера."
  },
  {
    "term": "Rusl",
    "translation": "Русл",
    "notes": "Наставник головного героя, батько Іліі, мер села."
  }
]
```
============================================================

==================== 2026-05-22 20:33:52.264 ====================
Task Type: build_glossary
--- MESSAGES SENT ---
[
  {
    "role": "system",
    "content": "You are a linguistic assistant creating a glossary for a video game translation from English to Ukrainian. Analyze the provided text chunk and identify key terms: proper names, locations, items, recurring phrases, and unique concepts. Return them as a JSON array of objects. Each object must include the keys 'term' (original English term), 'translation' (Ukrainian translation), and 'notes' (a short Ukrainian description of what the term means or how it is used). Do not add any extra text outside of the JSON array."
  },
  {
    "role": "user",
    "content": "Here is the text chunk to analyze:\n\n---\n\n):Enemy appears at spring\n  in the darkness\nI had no idea... I hadn't heard the\ndetails about Talo's capture...\n\n\nBut, Colin...\nSo you still prefer your master over\nme, huh,  ?\nDon't worry about your horse,\n .\nFortunately, it looks like the injury\nisn't too serious. You two can go\non together.\nBut,  ...\nCan you at least promise me this?\nNo matter what happens on your\njourney, don't try to do anything...\nout of your league. Please.\nJust come home safely.\n\n\nI... I knew you once...\nYes... This feels so familiar...\nThe scent of hay...\nLong ago... When we were young,\nyou and I...\nYou were always there... You were\nalways beside me...\n\n .\nThis gift was meant for you. It was\nsomething I wanted to give you\nbefore you left on your journey.\nPlease,  , take it.\nYou don't need to worry about me\nany longer. Whenever you return...\nI'll be waiting for you.\n You got the  porcelain horse call ! \n\nWait...\nCome...to my spring... \nYou have...been transformed...\nby the power...of shadow...\nCome...to me...\n\n\n\n\n\n\n Eee hee!\nI found you!\nOooh! Aren't you scary!\n Eee hee! Are you sure you want to\nbe doing that? Snarling and glaring\nat me?\nWell, that's too bad...\nI was planning on helping you...\nif you were nice.\n Eee hee! That's much better!\nYou humans are obedient to a fault,\naren't you?\nOops! But you AREN'T a human\nanymore, are you? You're a beast!\n Eee hee!\nThere, there. You be a good boy\nand calm down. No need to bite!\nYou look kind of surprised!\n Eee hee hee!\n So! I bet you're wondering, where\nexactly are we?!\nWell, I'll make you a deal. If you\ncan get over here, maybe I'll tell\nyou!  Eee hee!\nHmph! I guess you're not\ncompletely stupid after all!\nListen, I like you, so I think I'll get\nyou out of here.\nBut in exchange for my help, you\nhave to do EXACTLY as I say!\n If you need anything from me, just\npress   to give me a sign!\nSo, are we all clear? Good.\nNow, come on! Get moving!\n\n\n\n\n\n\n\nThis way! Over here!\nI'll be waiting for you, but you'll\nhave to help yourself for a change!\n\n\n\n\n ...Midna?!\n Eee hee! You remembered my\nname? What an honor for me...\nSo, this is the one for whom you\nwere searching...\nHe's not exactly what I had in\nmind, but...I guess he'll do.\n...You were imprisoned?\n\nI am sorry.\nPoor thing, he has no idea where\nthis is or what's happened...\n\n\nSo, don't you think you should\nexplain to him what  you've managed\nto do ? You owe him that much...\n...Twilight Princess!  Eee hee!\nListen carefully...\n\n\n\nThis was once the land where the\npower of the gods was said to\nslumber. This was once the\nkingdom of  Hyrule .\nBut that blessed kingdom has been\ntransformed by the  king that rules\nthe twilight ...\n It has been turned into a  world of\nshadows , ruled by creatures who\nshun the light.\nIt is time for you to choose:\nsurrender or die.\nOh yes, a question for all the land\nand people of Hyrule...\nLife? Or death?!\nThe kingdom succumbed to twilight,\nbut I remain its princess...\n I am Zelda.\nYou don't have to look so sad!\nWe actually find it to be quite\nlivable! I mean, is perpetual twilight\nreally all that bad?\nMidna... This is no time for levity.\nThe shadow beasts have been\nsearching far and wide for you.\n\nWhy is this?\n\nWhy indeed? You tell me!\n Eee hee hee!\nTime has grown short. The guard\nwill soon make his rounds.\nYou must leave here, quickly.\n\n\n\n\n\n\n\nNot that way! The guard's coming!\nBoy, he's prompt!\n Eee hee hee! Well? Do you\nunderstand where we are now?\nI guess a promise is a promise, so\nI'll let you go back to where you\nfirst tumbled into twilight...\nBut...are you really sure you should\nbe going back?\nAre you sure you aren't forgetting\nanything important?\n Eee hee! Do you want to save\nthem?\nWell, in that case, little Midna\nwould be happy to help you!\nBut...\nWell, you'd have to be my servant...\nand like a servant, you'd have to do\nexactly as I say!\nWhy don't you go back, take a little\ntime, and give it some thought.\n Eee hee hee!\nOh, that's right. I forgot to mention\none thing...\n\n\nThough you may have left the\n darkened realm , you haven't\ntransformed back to your former\nself...and you won't anytime soon!\nNow why could that be?\n Eee hee hee!\n\n\n\nSee you later!\n\n\n\n\n\n\n\n\n Beware... A shadow being...\nIt approaches...\nO brave youth...\nI am one of  four light spirits  that\nprotect Hyrule at the behest of the\ngods. I am  Ordona .\nThe black beast you slayed was a\n shadow being . It had come to seize\nthe  power of light  I wield.\n My brethren in Hyrule have already\nhad their  light  stolen by these\n fell beasts .\n The entire kingdom has been\nreduced to a  netherworld  ruled\nby the cursed powers of darkness.\n The blight will not stop with Hyrule.\nBefore long, the entire  world of\nlight  will fall into the hands of the\n king who rules the twilight .\nTo save this land from the king of\ntwilight, the lost light must be\nrecovered.\n\nThe  three light spirits  who have\nlost their light must be  revived .\nThere is but one who can revive\nthem and redeem this land...\n\n\n\n  You. \nThose transformed by  twilight \nusually cannot recover their\noriginal forms...\nUnless... If you were to return to\n Faron Woods  where you were\nfirst transformed... If you were to\nrevive the  light spirit ...\nThere, by the  power  of the  light\nspirit , you may find the means to\nregain your other state of being...\n\n\n\n\n\n\n\n\nHmm! So these are the weapons\nyou use in your world?\nYou really think this thing can slay\nthe creatures of twilight?\n\nThat's not a bad bit of information\nyou heard, huh?\nUgh... Look at that open window.\nThis village is full of idiots.\nSo...\nOhhh... How did it come to this?\nThe children... Please say\nnothing's happened...\nPlease forgive your good-for-\nnothing father...\nWe should jump up there...but from\nwhere?\nHey, there's someone over there,\ntoo!\nWhat could they be talking about?\nI bet someone's worried about you!\nBut,  ...\nCan you at least promise me this? \nTo the hero...who was transformed\ninto a blue-eyed beast...in the\nrealm of shadows... In  twilight ...\n...This way...\nJust come home safely. \nHey! What's going on?\nThere should be one more... Where\ncould the last  tear  be?\nWhat?!\nThere it is...\nWhat's going on? This is weird...\nHuh...\nWhat are they doing there?\nThis is a pretty elaborate gate...\nWhat are they trying to keep in?\n...Or out?\nI bet it'll be worth our while to dig\nin...\n...How about that?\nLooks like you can climb the\nscaffolding...\nHang on... You can use your sword\nto make quick work of enemies\nright in front of you, but distant\nenemies are a different story.\n Press the button you set\n(  or  ) to equip your {escape:\n\n---\n\nExtract glossary entries following the instructions. For each item include 'term', 'translation', and 'notes' (1-2 short Ukrainian sentences)."
  }
]
============================================================

==================== 2026-05-22 20:34:19.408 ====================
Task Type: build_glossary
--- MESSAGES SENT ---
[
  {
    "role": "system",
    "content": "You are a linguistic assistant creating a glossary for a video game translation from English to Ukrainian. Analyze the provided text chunk and identify key terms: proper names, locations, items, recurring phrases, and unique concepts. Return them as a JSON array of objects. Each object must include the keys 'term' (original English term), 'translation' (Ukrainian translation), and 'notes' (a short Ukrainian description of what the term means or how it is used). Do not add any extra text outside of the JSON array."
  },
  {
    "role": "user",
    "content": "Here is the text chunk to analyze:\n\n---\n\n):Enemy appears at spring\n  in the darkness\nI had no idea... I hadn't heard the\ndetails about Talo's capture...\n\n\nBut, Colin...\nSo you still prefer your master over\nme, huh,  ?\nDon't worry about your horse,\n .\nFortunately, it looks like the injury\nisn't too serious. You two can go\non together.\nBut,  ...\nCan you at least promise me this?\nNo matter what happens on your\njourney, don't try to do anything...\nout of your league. Please.\nJust come home safely.\n\n\nI... I knew you once...\nYes... This feels so familiar...\nThe scent of hay...\nLong ago... When we were young,\nyou and I...\nYou were always there... You were\nalways beside me...\n\n .\nThis gift was meant for you. It was\nsomething I wanted to give you\nbefore you left on your journey.\nPlease,  , take it.\nYou don't need to worry about me\nany longer. Whenever you return...\nI'll be waiting for you.\n You got the  porcelain horse call ! \n\nWait...\nCome...to my spring... \nYou have...been transformed...\nby the power...of shadow...\nCome...to me...\n\n\n\n\n\n\n Eee hee!\nI found you!\nOooh! Aren't you scary!\n Eee hee! Are you sure you want to\nbe doing that? Snarling and glaring\nat me?\nWell, that's too bad...\nI was planning on helping you...\nif you were nice.\n Eee hee! That's much better!\nYou humans are obedient to a fault,\naren't you?\nOops! But you AREN'T a human\nanymore, are you? You're a beast!\n Eee hee!\nThere, there. You be a good boy\nand calm down. No need to bite!\nYou look kind of surprised!\n Eee hee hee!\n So! I bet you're wondering, where\nexactly are we?!\nWell, I'll make you a deal. If you\ncan get over here, maybe I'll tell\nyou!  Eee hee!\nHmph! I guess you're not\ncompletely stupid after all!\nListen, I like you, so I think I'll get\nyou out of here.\nBut in exchange for my help, you\nhave to do EXACTLY as I say!\n If you need anything from me, just\npress   to give me a sign!\nSo, are we all clear? Good.\nNow, come on! Get moving!\n\n\n\n\n\n\n\nThis way! Over here!\nI'll be waiting for you, but you'll\nhave to help yourself for a change!\n\n\n\n\n ...Midna?!\n Eee hee! You remembered my\nname? What an honor for me...\nSo, this is the one for whom you\nwere searching...\nHe's not exactly what I had in\nmind, but...I guess he'll do.\n...You were imprisoned?\n\nI am sorry.\nPoor thing, he has no idea where\nthis is or what's happened...\n\n\nSo, don't you think you should\nexplain to him what  you've managed\nto do ? You owe him that much...\n...Twilight Princess!  Eee hee!\nListen carefully...\n\n\n\nThis was once the land where the\npower of the gods was said to\nslumber. This was once the\nkingdom of  Hyrule .\nBut that blessed kingdom has been\ntransformed by the  king that rules\nthe twilight ...\n It has been turned into a  world of\nshadows , ruled by creatures who\nshun the light.\nIt is time for you to choose:\nsurrender or die.\nOh yes, a question for all the land\nand people of Hyrule...\nLife? Or death?!\nThe kingdom succumbed to twilight,\nbut I remain its princess...\n I am Zelda.\nYou don't have to look so sad!\nWe actually find it to be quite\nlivable! I mean, is perpetual twilight\nreally all that bad?\nMidna... This is no time for levity.\nThe shadow beasts have been\nsearching far and wide for you.\n\nWhy is this?\n\nWhy indeed? You tell me!\n Eee hee hee!\nTime has grown short. The guard\nwill soon make his rounds.\nYou must leave here, quickly.\n\n\n\n\n\n\n\nNot that way! The guard's coming!\nBoy, he's prompt!\n Eee hee hee! Well? Do you\nunderstand where we are now?\nI guess a promise is a promise, so\nI'll let you go back to where you\nfirst tumbled into twilight...\nBut...are you really sure you should\nbe going back?\nAre you sure you aren't forgetting\nanything important?\n Eee hee! Do you want to save\nthem?\nWell, in that case, little Midna\nwould be happy to help you!\nBut...\nWell, you'd have to be my servant...\nand like a servant, you'd have to do\nexactly as I say!\nWhy don't you go back, take a little\ntime, and give it some thought.\n Eee hee hee!\nOh, that's right. I forgot to mention\none thing...\n\n\nThough you may have left the\n darkened realm , you haven't\ntransformed back to your former\nself...and you won't anytime soon!\nNow why could that be?\n Eee hee hee!\n\n\n\nSee you later!\n\n\n\n\n\n\n\n\n Beware... A shadow being...\nIt approaches...\nO brave youth...\nI am one of  four light spirits  that\nprotect Hyrule at the behest of the\ngods. I am  Ordona .\nThe black beast you slayed was a\n shadow being . It had come to seize\nthe  power of light  I wield.\n My brethren in Hyrule have already\nhad their  light  stolen by these\n fell beasts .\n The entire kingdom has been\nreduced to a  netherworld  ruled\nby the cursed powers of darkness.\n The blight will not stop with Hyrule.\nBefore long, the entire  world of\nlight  will fall into the hands of the\n king who rules the twilight .\nTo save this land from the king of\ntwilight, the lost light must be\nrecovered.\n\nThe  three light spirits  who have\nlost their light must be  revived .\nThere is but one who can revive\nthem and redeem this land...\n\n\n\n  You. \nThose transformed by  twilight \nusually cannot recover their\noriginal forms...\nUnless... If you were to return to\n Faron Woods  where you were\nfirst transformed... If you were to\nrevive the  light spirit ...\nThere, by the  power  of the  light\nspirit , you may find the means to\nregain your other state of being...\n\n\n\n\n\n\n\n\nHmm! So these are the weapons\nyou use in your world?\nYou really think this thing can slay\nthe creatures of twilight?\n\nThat's not a bad bit of information\nyou heard, huh?\nUgh... Look at that open window.\nThis village is full of idiots.\nSo...\nOhhh... How did it come to this?\nThe children... Please say\nnothing's happened...\nPlease forgive your good-for-\nnothing father...\nWe should jump up there...but from\nwhere?\nHey, there's someone over there,\ntoo!\nWhat could they be talking about?\nI bet someone's worried about you!\nBut,  ...\nCan you at least promise me this? \nTo the hero...who was transformed\ninto a blue-eyed beast...in the\nrealm of shadows... In  twilight ...\n...This way...\nJust come home safely. \nHey! What's going on?\nThere should be one more... Where\ncould the last  tear  be?\nWhat?!\nThere it is...\nWhat's going on? This is weird...\nHuh...\nWhat are they doing there?\nThis is a pretty elaborate gate...\nWhat are they trying to keep in?\n...Or out?\nI bet it'll be worth our while to dig\nin...\n...How about that?\nLooks like you can climb the\nscaffolding...\nHang on... You can use your sword\nto make quick work of enemies\nright in front of you, but distant\nenemies are a different story.\n Press the button you set\n(  or  ) to equip your {escape:\n\n---\n\nExtract glossary entries following the instructions. For each item include 'term', 'translation', and 'notes' (1-2 short Ukrainian sentences)."
  }
]
--- RESPONSE RECEIVED ---
```json
[
  {
    "term": "Talo",
    "translation": "Тало",
    "notes": "Ім'я персонажа, якого було захоплено. Згадується в діалозі на початку."
  },
  {
    "term": "Colin",
    "translation": "Колін",
    "notes": "Ім'я персонажа, який розмовляє з головним героєм. Турбується про коня героя."
  },
  {
    "term": "porcelain horse call",
    "translation": "порцеляновий кінський поклик",
    "notes": "Предмет-подарунок, який отримує гравець перед подорожжю."
  },
  {
    "term": "spring",
    "translation": "джерело",
    "notes": "Місце, куди закликають прийти героя. Пов'язане з духами світла."
  },
  {
    "term": "shadow",
    "translation": "тінь",
    "notes": "Темна сила, яка перетворює героя та світ. Протилежність світлу."
  },
  {
    "term": "Midna",
    "translation": "Мідна",
    "notes": "Ім'я загадкового персонажа, який допомагає героєві. Має грайливий характер."
  },
  {
    "term": "Twilight Princess",
    "translation": "Сутінкова Принцеса",
    "notes": "Титул Мідни. Вона є принцесою сутінкового царства."
  },
  {
    "term": "Hyrule",
    "translation": "Хайрул",
    "notes": "Назва королівства, де відбувається дія гри. Благословенна земля богів."
  },
  {
    "term": "king that rules the twilight",
    "translation": "король, що править сутінками",
    "notes": "Антагоніст, який перетворив Хайрул на світ тіней."
  },
  {
    "term": "world of shadows",
    "translation": "світ тіней",
    "notes": "Перетворене царство Хайрул, де панують створіння, що уникають світла."
  },
  {
    "term": "Zelda",
    "translation": "Зельда",
    "notes": "Ім'я принцеси Хайрулу, яка залишилася після падіння королівства."
  },
  {
    "term": "shadow beasts",
    "translation": "тіньові звірі",
    "notes": "Створіння темряви, які шукають Мідну по всьому світу."
  },
  {
    "term": "twilight",
    "translation": "сутінки",
    "notes": "Стан між світлом і темрявою, в який занурене королівство."
  },
  {
    "term": "darkened realm",
    "translation": "затемнене царство",
    "notes": "Альтернативна назва сутінкового світу, звідки вийшов герой."
  },
  {
    "term": "four light spirits",
    "translation": "чотири духи світла",
    "notes": "Божественні істоти, які захищають Хайрул за велінням богів."
  },
  {
    "term": "Ordona",
    "translation": "Ордона",
    "notes": "Ім'я одного з чотирьох духів світла, який розмовляє з героєм."
  },
  {
    "term": "shadow being",
    "translation": "тіньова істота",
    "notes": "Чорний звір, створіння темряви, яке намагається вкрасти силу світла."
  },
  {
    "term": "power of light",
    "translation": "сила світла",
    "notes": "Божественна енергія, якою володіють духи світла."
  },
  {
    "term": "light",
    "translation": "світло",
    "notes": "Священна сила, яку вкрали тіньові звірі у духів."
  },
  {
    "term": "fell beasts",
    "translation": "зловісні звірі",
    "notes": "Прокляті створіння, які вкрали світло у духів."
  },
  {
    "term": "netherworld",
    "translation": "потойбічний світ",
    "notes": "Стан, до якого було зведене королівство під владою темряви."
  },
  {
    "term": "world of light",
    "translation": "світ світла",
    "notes": "Нормальний світ, який перебуває під загрозою захоплення королем сутінків."
  },
  {
    "term": "king of twilight",
    "translation": "король сутінків",
    "notes": "Правитель темряви, який загрожує всьому світу світла."
  },
  {
    "term": "three light spirits",
    "translation": "три духи світла",
    "notes": "Духи в Хайрулі, які втратили своє світло і потребують відродження."
  },
  {
    "term": "Faron Woods",
    "translation": "Ліси Фарона",
    "notes": "Місце, де героя вперше було перетворено сутінками."
  },
  {
    "term": "light spirit",
    "translation": "дух світла",
    "notes": "Божественна істота, чия сила може повернути героєві його справжню форму."
  },
  {
    "term": "blue-eyed beast",
    "translation": "синьоокий звір",
    "notes": "Форма, в яку було перетворено героя в царстві тіней."
  },
  {
    "term": "tear",
    "translation": "сльоза",
    "notes": "Предмет або сутність, яку потрібно зібрати для відновлення світла."
  }
]
```
============================================================

==================== 2026-05-22 20:34:19.410 ====================
Task Type: build_glossary
--- MESSAGES SENT ---
[
  {
    "role": "system",
    "content": "You are a linguistic assistant creating a glossary for a video game translation from English to Ukrainian. Analyze the provided text chunk and identify key terms: proper names, locations, items, recurring phrases, and unique concepts. Return them as a JSON array of objects. Each object must include the keys 'term' (original English term), 'translation' (Ukrainian translation), and 'notes' (a short Ukrainian description of what the term means or how it is used). Do not add any extra text outside of the JSON array."
  },
  {
    "role": "user",
    "content": "Here is the text chunk to analyze:\n\n---\n\n255:000001}bow ,\nand aim with   before you release.\nWhy don't you try aiming for that\nscarecrow?\nUse your  bow  to aim at distant\nfoes. After setting the  bow  to  ,\npress   to draw it, aim the red\nreticule, and release the button.\nWanna go back to my mama? \n Go back!\n Not yet.\nOK! I wanna stay here too!\nYou got it! Mama, here we come! \nSo... You know where we are yet?\n  Eee hee!\nWell...if you go to the top, you\nmight figure it out!\nHey, you can climb up here!\nH-Hurry...to where...Princess\nZelda...waits...\nYou found a play wooden sword!\n It's Talo's...\nEven though you change shape,\nI still understand you.\n ... Hurry up and\nreturn to your true self...\n\n\n\n\n\n\n\n\n\n\n\n\n\n\n\n\n\n\n\n\n\n\n\n\n\n\n\n\n\n\n\n\n\n\n\n\n\n\n\n\n\n\n\n\n\n\n\n\n\n\n\n\n\n\n\n\n\n\n\n\n\n\n\n\n\n\n\n\n\n\n\n\n\n\n\n\n\n\n\n\n\n\n\n\n\n\n\n\n\n\n\n\n\n\n\n\n\n\n\n\n\n\n\n\n\n\n\n\n\n\n\n\n\n\n\n\n\n\n\n\n\n\n\n\n\n\n\n\n\n\n\n\n\n\n\n\n\n\n\n\n\n\n\n\n\n\n\n\n\n\n\n\n\n\n\n\n\n\n\n\n\n\n\n\n\n\n\n\n\n\n\n\n\n\n\n\n\n\n\n\n\n\n\n\n\n\n\n\n\n\n\n\n\n\n\n\n\n\n\n\n\n\n\n\n\n\n\n\n\n\n\n\n\n\n\n\n\n\n\n\n\n\n\n\n\n\n\n\n\n\n\n\n\n\n\n\n\n\n\n\n\n\n\n\n\n\n\n\n\n\n\n\n\n\n\n\n\n\n\n\n\n\n\n\n\n\n\n\n\n\n You got  bombs (5) ! \n Set them to   on the   screen.\nLift them with   and then place\nthem with   or  .\nPress   while running to throw\nthem.\n You got  bombs (10) ! \n Set them to   on the   screen.\nLift them with   and then place\nthem with   or  .\nPress   while running to throw\nthem.\n You got  bombs (20) ! \n Set them to   on the   screen.\nLift them with   and then place\nthem with   or  .\nPress   while running to throw\nthem.\n You got  bombs (30) ! \n Set them to   on the   screen.\nLift them with   and then place\nthem with   or  .\nPress   while running to throw\nthem.\n\n\n\n\n\n\n\n\n You got  water bombs (5) ! \n You can use these bombs in\nwater, but not while swimming.\n\nSet them to   on the   screen.\nLift them with   and place them\nwith   or  . Press   or  \nwhile running to throw them.\n You got  water bombs (10) ! \n You can use these bombs in\nwater, but not while swimming.\n\nSet them to   on the   screen.\nLift them with   and place them\nwith   or  . Press   or  \nwhile running to throw them.\n You got  water bombs (15) ! \n You can use these bombs in\nwater, but not while swimming.\n\nSet them to   on the   screen.\nLift them with   and place them\nwith   or  . Press   or  \nwhile running to throw them.\n You got  water bombs (3) ! \n You can use these bombs in\nwater, but not while swimming.\n\nSet them to   on the   screen.\nLift them with   and place them\nwith   or  . Press   or  \nwhile running to throw them.\n You got  bomblings (5) ! \nRelease them and they'll travel\nforward and explode if they hit\nsomething or after some time.\n Set them to   on the   screen\nand use them with  .\n You got  bomblings (10) ! \nRelease them and they'll travel\nforward and explode if they hit\nsomething or after some time.\n Set them to   on the   screen\nand use them with  . \n You got  bomblings (3) ! \nRelease them and they'll travel\nforward and explode if they hit\nsomething or after some time.\n Set them to   on the   screen\nand use them with  . \n\n You caught a  fairy  in a bottle! \n This faithful friend will\nreplenish your  hearts  if you fall\nin combat.\nSet it to   on the   screen and\nuse it with   to replenish  8\nhearts  immediately.\n\n\n\n\n You got the  dungeon map ! \n Press   to view it and   to\ntoggle the minimap on and off.\nYou've visited  green rooms .\nThe  yellow arrow  shows your\ncurrent location. Tilt     to\nchange floors.\n\n You met  Ooccoo ! \n If you call her in a dungeon,\nshe will let you out and allow\nyou to  return  when you want.\nOn the   screen, set her to  \nand call her with  . If you set\nher to  , then you can use\nher without having to swap  .\n\n\n\n\n You got the  Ordon shield ! \n Press   to defend yourself,\nbut beware: if it's touched by\nfire, it will burn.\n You got the  wooden shield ! \n Press   to defend yourself,\nbut beware: if it's touched\nby fire, it will burn!\n You got the  Hylian shield ! \n Press   to defend yourself.\nIt's metal and will never burn.\n\n\n\n\n\n\n You reunited with  Ooccoo ! \n This kind character can let you\nout of dungeons and return you\nto where you were.\nSet her to   on the   screen\nand call her with  . If you set\nher to  , then you can use\nher without having to swap  .\n\n\n\n\n\n\n\n\n\n\n You got the  Hawkeye ! \n This nifty eyewear can zoom in\non distant things.\n\nSet it to   on the   screen and\nuse it with  . Zoom in and out\nwith the onscreen icons.\n\nCombine it with the  Hero's Bow\n by pressing   on the   screen\nto aim at distant targets more\neasily.\n You got the  wooden sword ! \n It was returned to you fully\nrepaired. It's easy to use: just\nswing  !\n You got the  Gale Boomerang ! \n This mysterious boomerang\nhouses the Fairy of Winds. \n\nOn the   screen, set it to  .\nUse {\n\n---\n\nExtract glossary entries following the instructions. For each item include 'term', 'translation', and 'notes' (1-2 short Ukrainian sentences)."
  }
]
============================================================

==================== 2026-05-22 20:34:49.335 ====================
Task Type: build_glossary
--- MESSAGES SENT ---
[
  {
    "role": "system",
    "content": "You are a linguistic assistant creating a glossary for a video game translation from English to Ukrainian. Analyze the provided text chunk and identify key terms: proper names, locations, items, recurring phrases, and unique concepts. Return them as a JSON array of objects. Each object must include the keys 'term' (original English term), 'translation' (Ukrainian translation), and 'notes' (a short Ukrainian description of what the term means or how it is used). Do not add any extra text outside of the JSON array."
  },
  {
    "role": "user",
    "content": "Here is the text chunk to analyze:\n\n---\n\n255:000001}bow ,\nand aim with   before you release.\nWhy don't you try aiming for that\nscarecrow?\nUse your  bow  to aim at distant\nfoes. After setting the  bow  to  ,\npress   to draw it, aim the red\nreticule, and release the button.\nWanna go back to my mama? \n Go back!\n Not yet.\nOK! I wanna stay here too!\nYou got it! Mama, here we come! \nSo... You know where we are yet?\n  Eee hee!\nWell...if you go to the top, you\nmight figure it out!\nHey, you can climb up here!\nH-Hurry...to where...Princess\nZelda...waits...\nYou found a play wooden sword!\n It's Talo's...\nEven though you change shape,\nI still understand you.\n ... Hurry up and\nreturn to your true self...\n\n\n\n\n\n\n\n\n\n\n\n\n\n\n\n\n\n\n\n\n\n\n\n\n\n\n\n\n\n\n\n\n\n\n\n\n\n\n\n\n\n\n\n\n\n\n\n\n\n\n\n\n\n\n\n\n\n\n\n\n\n\n\n\n\n\n\n\n\n\n\n\n\n\n\n\n\n\n\n\n\n\n\n\n\n\n\n\n\n\n\n\n\n\n\n\n\n\n\n\n\n\n\n\n\n\n\n\n\n\n\n\n\n\n\n\n\n\n\n\n\n\n\n\n\n\n\n\n\n\n\n\n\n\n\n\n\n\n\n\n\n\n\n\n\n\n\n\n\n\n\n\n\n\n\n\n\n\n\n\n\n\n\n\n\n\n\n\n\n\n\n\n\n\n\n\n\n\n\n\n\n\n\n\n\n\n\n\n\n\n\n\n\n\n\n\n\n\n\n\n\n\n\n\n\n\n\n\n\n\n\n\n\n\n\n\n\n\n\n\n\n\n\n\n\n\n\n\n\n\n\n\n\n\n\n\n\n\n\n\n\n\n\n\n\n\n\n\n\n\n\n\n\n\n\n\n\n\n\n\n\n\n\n\n\n\n\n\n\n\n You got  bombs (5) ! \n Set them to   on the   screen.\nLift them with   and then place\nthem with   or  .\nPress   while running to throw\nthem.\n You got  bombs (10) ! \n Set them to   on the   screen.\nLift them with   and then place\nthem with   or  .\nPress   while running to throw\nthem.\n You got  bombs (20) ! \n Set them to   on the   screen.\nLift them with   and then place\nthem with   or  .\nPress   while running to throw\nthem.\n You got  bombs (30) ! \n Set them to   on the   screen.\nLift them with   and then place\nthem with   or  .\nPress   while running to throw\nthem.\n\n\n\n\n\n\n\n\n You got  water bombs (5) ! \n You can use these bombs in\nwater, but not while swimming.\n\nSet them to   on the   screen.\nLift them with   and place them\nwith   or  . Press   or  \nwhile running to throw them.\n You got  water bombs (10) ! \n You can use these bombs in\nwater, but not while swimming.\n\nSet them to   on the   screen.\nLift them with   and place them\nwith   or  . Press   or  \nwhile running to throw them.\n You got  water bombs (15) ! \n You can use these bombs in\nwater, but not while swimming.\n\nSet them to   on the   screen.\nLift them with   and place them\nwith   or  . Press   or  \nwhile running to throw them.\n You got  water bombs (3) ! \n You can use these bombs in\nwater, but not while swimming.\n\nSet them to   on the   screen.\nLift them with   and place them\nwith   or  . Press   or  \nwhile running to throw them.\n You got  bomblings (5) ! \nRelease them and they'll travel\nforward and explode if they hit\nsomething or after some time.\n Set them to   on the   screen\nand use them with  .\n You got  bomblings (10) ! \nRelease them and they'll travel\nforward and explode if they hit\nsomething or after some time.\n Set them to   on the   screen\nand use them with  . \n You got  bomblings (3) ! \nRelease them and they'll travel\nforward and explode if they hit\nsomething or after some time.\n Set them to   on the   screen\nand use them with  . \n\n You caught a  fairy  in a bottle! \n This faithful friend will\nreplenish your  hearts  if you fall\nin combat.\nSet it to   on the   screen and\nuse it with   to replenish  8\nhearts  immediately.\n\n\n\n\n You got the  dungeon map ! \n Press   to view it and   to\ntoggle the minimap on and off.\nYou've visited  green rooms .\nThe  yellow arrow  shows your\ncurrent location. Tilt     to\nchange floors.\n\n You met  Ooccoo ! \n If you call her in a dungeon,\nshe will let you out and allow\nyou to  return  when you want.\nOn the   screen, set her to  \nand call her with  . If you set\nher to  , then you can use\nher without having to swap  .\n\n\n\n\n You got the  Ordon shield ! \n Press   to defend yourself,\nbut beware: if it's touched by\nfire, it will burn.\n You got the  wooden shield ! \n Press   to defend yourself,\nbut beware: if it's touched\nby fire, it will burn!\n You got the  Hylian shield ! \n Press   to defend yourself.\nIt's metal and will never burn.\n\n\n\n\n\n\n You reunited with  Ooccoo ! \n This kind character can let you\nout of dungeons and return you\nto where you were.\nSet her to   on the   screen\nand call her with  . If you set\nher to  , then you can use\nher without having to swap  .\n\n\n\n\n\n\n\n\n\n\n You got the  Hawkeye ! \n This nifty eyewear can zoom in\non distant things.\n\nSet it to   on the   screen and\nuse it with  . Zoom in and out\nwith the onscreen icons.\n\nCombine it with the  Hero's Bow\n by pressing   on the   screen\nto aim at distant targets more\neasily.\n You got the  wooden sword ! \n It was returned to you fully\nrepaired. It's easy to use: just\nswing  !\n You got the  Gale Boomerang ! \n This mysterious boomerang\nhouses the Fairy of Winds. \n\nOn the   screen, set it to  .\nUse {\n\n---\n\nExtract glossary entries following the instructions. For each item include 'term', 'translation', and 'notes' (1-2 short Ukrainian sentences)."
  }
]
--- RESPONSE RECEIVED ---
```json
[
  {
    "term": "bow",
    "translation": "лук",
    "notes": "Зброя дальнього бою, якою гравець цілиться та стріляє стрілами. Використовується для ураження ворогів на відстані."
  },
  {
    "term": "scarecrow",
    "translation": "опудало",
    "notes": "Тренувальна ціль для практики стрільби з лука."
  },
  {
    "term": "reticule",
    "translation": "приціл",
    "notes": "Червоний маркер на екрані для наведення зброї на ціль."
  },
  {
    "term": "Princess Zelda",
    "translation": "Принцеса Зельда",
    "notes": "Головний персонаж серії ігор, принцеса королівства Хайрул."
  },
  {
    "term": "wooden sword",
    "translation": "дерев'яний меч",
    "notes": "Іграшкова або тренувальна зброя ближнього бою."
  },
  {
    "term": "Talo",
    "translation": "Тало",
    "notes": "Ім'я персонажа, якому належить дерев'яний меч."
  },
  {
    "term": "bombs",
    "translation": "бомби",
    "notes": "Вибухові предмети, які можна підняти, покласти або кинути для знищення перешкод та ворогів."
  },
  {
    "term": "water bombs",
    "translation": "водяні бомби",
    "notes": "Спеціальні бомби, які можна використовувати у воді, але не під час плавання."
  },
  {
    "term": "bomblings",
    "translation": "бомблінги",
    "notes": "Живі бомби, які рухаються вперед і вибухають при зіткненні або через певний час."
  },
  {
    "term": "fairy",
    "translation": "фея",
    "notes": "Магічна істота в пляшці, яка відновлює здоров'я гравця у разі поразки в бою."
  },
  {
    "term": "hearts",
    "translation": "серця",
    "notes": "Одиниці здоров'я персонажа в грі."
  },
  {
    "term": "dungeon map",
    "translation": "карта підземелля",
    "notes": "Предмет, що показує планування підземелля з відвіданими кімнатами та поточним розташуванням гравця."
  },
  {
    "term": "Ooccoo",
    "translation": "Уку",
    "notes": "Персонаж-помічник, який дозволяє виходити з підземелля та повертатися назад."
  },
  {
    "term": "Ordon shield",
    "translation": "щит Ордона",
    "notes": "Дерев'яний щит для захисту, який може згоріти від вогню."
  },
  {
    "term": "Hylian shield",
    "translation": "хайрульський щит",
    "notes": "Металевий щит, який ніколи не згорить від вогню."
  },
  {
    "term": "Hawkeye",
    "translation": "Яструбине око",
    "notes": "Окуляри, які дозволяють наближати віддалені об'єкти. Можна комбінувати з луком для точнішого прицілювання."
  },
  {
    "term": "Gale Boomerang",
    "translation": "Буревійний бумеранг",
    "notes": "Таємничий бумеранг, в якому живе Фея Вітрів."
  },
  {
    "term": "Hero's Bow",
    "translation": "Лук Героя",
    "notes": "Основна зброя дальнього бою головного героя."
  }
]
```
============================================================

==================== 2026-05-22 20:34:49.337 ====================
Task Type: build_glossary
--- MESSAGES SENT ---
[
  {
    "role": "system",
    "content": "You are a linguistic assistant creating a glossary for a video game translation from English to Ukrainian. Analyze the provided text chunk and identify key terms: proper names, locations, items, recurring phrases, and unique concepts. Return them as a JSON array of objects. Each object must include the keys 'term' (original English term), 'translation' (Ukrainian translation), and 'notes' (a short Ukrainian description of what the term means or how it is used). Do not add any extra text outside of the JSON array."
  },
  {
    "role": "user",
    "content": "Here is the text chunk to analyze:\n\n---\n\nescape:3:000e} to find targets and\npress   to throw it and suck\nthings up with gale force.\nLock on to objects with a   by\npressing   while holding  .\nYou can lock on to and strike\nas many as  five  things at once!\n You got the  Spinner ! \n An ancient machine designed to\nfloat over land.\n\nSet it to   on the   screen\nand hop on with   for a smooth\nride even over sand. It can also\nride along wall rails.\nPress   while on board to\nattack enemies with spin power!\n You got the  Ball and Chain ! \n Set it to   and swing to\ncause great damage.\n\nSet it to   on the   screen\nand swing it with   to release\na strong attack.\n You got the  Hero's Bow ! \n This Goron treasure once\nbelonged to a hero of legend.\n\nSet it to   on the   screen\nand shoot with  . Aim at\ntargets with   and press   to\nshoot.\nYou can hold up to  30 arrows .\n You got the  Clawshot ! \nIt's a long chain with a claw.\n\n\nSet it to   on the   screen.\nAim with   and fire with  .\n\n\nHook the claw to distant spots\nwith a   to jump there. When\nhanging from a ceiling, move up\nand down with  .\n You got the  Iron Boots ! \n Wear these and you'll become\nso heavy, not even a Goron will\nbe able to move you!\nSet them to   on the   screen\nand wear them with  . If you\nset them to  , you won't have\nto swap  .\n You got the  Dominion Rod ! \nThis mystical artifact breathes\nlife into ancient statues.\n\nSet it to   on the   screen,\nuse   to aim  , and press\n  to swing the rod.\n\nStatues that have received its\nlight and been filled with life\nwill move like their master.\n You got another  Clawshot ! \n Now you're holding a pair!\nThey're  Double Clawshots !\n\nSet it to   on the   screen\nthen press and hold   to arm\nand release   to fire. While\nhanging, press   to fire again.\nYou can latch on to any place\nyou see a  . When hanging\nfrom the ceiling, you can move\nup and down with  .\n You got the  lantern ! \n It's a must for lighting dark\nareas. \n\nSet it to   on the   screen to\nuse it. Light it with   and then\npress   while standing still to\nput it out.\nOnce lit, you can set things on\nfire by pressing   again.\nIf you run out of fuel, the light\nwill go out, so be careful.\n\n You got a  fishing rod ! \n A simple fishing rod with a\nbobber.\n\nSet it to   on the   screen and\npress   to hold it. Lower   to\ncast into the water and raise it\nto pull it in.\nYou can fish with just the hook,\nbut you can catch a wider\nvariety of fish if you use bait!\n You got the  slingshot ! \n Children LOVE this item.\nYou can hold up to  50 pellets .\n\nSet it to   on the   screen.\nAim   with   and press   to fire!\nTarget with   to aim perfectly.\n\n\n\n\n You got a  bag with bombs ! \n Set it to   on the   screen.\nLift a bomb with   and set it\ndown with   or  .\nPress   or   while running \nto throw one.\n You got a  bag with bombs ! \n Set it to   on the   screen.\nLift a bomb with   and set it\ndown with   or  .\nPress   or   while running \nto throw one.\n\n\nWhen empty, you can fill the bag\nwith one type of bomb at a time.\nThe maximum number of bombs\ndepends on the type.\n\n\n\n\n\n\n\n\n\n\n\n\n\n\n You got an  empty bottle ! \n Use it by setting it to  .\n\n\nYou can use this to hold water\nor anything else you need.\n You got some  red potion ! \n Set it to   on the   screen and\nuse it to replenish  8 hearts .\n\n You got some  blue potion ! \n Set it to   on the   screen and\nuse it to completely replenish\n life energy .\n You got  milk !  \n One bottle holds  two  helpings!\n\n\nSet it to   on the   screen and\nuse it to replenish  3 hearts .\n You got  milk in a bottle ! \n ...But this bottle's half-empty!\n\n\nSet it to   on the   screen and\nuse it to replenish  3 hearts !\n\n\nWhen the bottle's empty, you\ncan swing it to fill it with\nsomething else by pressing  .\n You got  lantern oil ! \n You can't light your lantern\nwithout this precious fuel.\n\nTo fill your lantern with fuel,\nequip the lantern and use the\noil with  .\n You put  water  in your bottle! \n Set it to   on the   screen and\npour it on various objects.\n You scooped up some  lantern\noil  into a bottle! \n You can't light your lantern\nwithout this precious fuel.\nTo fill your lantern with fuel,\nequip the lantern and use the\noil with  .\n You put  red potion  in the bottle! \n Set it to   on the   screen\nand use it to  replenish 8 hearts !\n You put  nasty soup  in the\nbottle!  This is Coro's \"special\"\nrecipe.\n\n Set it to   on the   screen and\nuse it. The only way to find out\nwhat it tastes like is to drink it.\n You put  hot springwater  in a\nbottle!  It's full of nutrients, but\ndrink it while it's warm.\n\n Set it to   on the   screen and\ndrink it to  \n\n---\n\nExtract glossary entries following the instructions. For each item include 'term', 'translation', and 'notes' (1-2 short Ukrainian sentences)."
  }
]
============================================================

==================== 2026-05-22 20:35:17.430 ====================
Task Type: build_glossary
--- MESSAGES SENT ---
[
  {
    "role": "system",
    "content": "You are a linguistic assistant creating a glossary for a video game translation from English to Ukrainian. Analyze the provided text chunk and identify key terms: proper names, locations, items, recurring phrases, and unique concepts. Return them as a JSON array of objects. Each object must include the keys 'term' (original English term), 'translation' (Ukrainian translation), and 'notes' (a short Ukrainian description of what the term means or how it is used). Do not add any extra text outside of the JSON array."
  },
  {
    "role": "user",
    "content": "Here is the text chunk to analyze:\n\n---\n\nescape:3:000e} to find targets and\npress   to throw it and suck\nthings up with gale force.\nLock on to objects with a   by\npressing   while holding  .\nYou can lock on to and strike\nas many as  five  things at once!\n You got the  Spinner ! \n An ancient machine designed to\nfloat over land.\n\nSet it to   on the   screen\nand hop on with   for a smooth\nride even over sand. It can also\nride along wall rails.\nPress   while on board to\nattack enemies with spin power!\n You got the  Ball and Chain ! \n Set it to   and swing to\ncause great damage.\n\nSet it to   on the   screen\nand swing it with   to release\na strong attack.\n You got the  Hero's Bow ! \n This Goron treasure once\nbelonged to a hero of legend.\n\nSet it to   on the   screen\nand shoot with  . Aim at\ntargets with   and press   to\nshoot.\nYou can hold up to  30 arrows .\n You got the  Clawshot ! \nIt's a long chain with a claw.\n\n\nSet it to   on the   screen.\nAim with   and fire with  .\n\n\nHook the claw to distant spots\nwith a   to jump there. When\nhanging from a ceiling, move up\nand down with  .\n You got the  Iron Boots ! \n Wear these and you'll become\nso heavy, not even a Goron will\nbe able to move you!\nSet them to   on the   screen\nand wear them with  . If you\nset them to  , you won't have\nto swap  .\n You got the  Dominion Rod ! \nThis mystical artifact breathes\nlife into ancient statues.\n\nSet it to   on the   screen,\nuse   to aim  , and press\n  to swing the rod.\n\nStatues that have received its\nlight and been filled with life\nwill move like their master.\n You got another  Clawshot ! \n Now you're holding a pair!\nThey're  Double Clawshots !\n\nSet it to   on the   screen\nthen press and hold   to arm\nand release   to fire. While\nhanging, press   to fire again.\nYou can latch on to any place\nyou see a  . When hanging\nfrom the ceiling, you can move\nup and down with  .\n You got the  lantern ! \n It's a must for lighting dark\nareas. \n\nSet it to   on the   screen to\nuse it. Light it with   and then\npress   while standing still to\nput it out.\nOnce lit, you can set things on\nfire by pressing   again.\nIf you run out of fuel, the light\nwill go out, so be careful.\n\n You got a  fishing rod ! \n A simple fishing rod with a\nbobber.\n\nSet it to   on the   screen and\npress   to hold it. Lower   to\ncast into the water and raise it\nto pull it in.\nYou can fish with just the hook,\nbut you can catch a wider\nvariety of fish if you use bait!\n You got the  slingshot ! \n Children LOVE this item.\nYou can hold up to  50 pellets .\n\nSet it to   on the   screen.\nAim   with   and press   to fire!\nTarget with   to aim perfectly.\n\n\n\n\n You got a  bag with bombs ! \n Set it to   on the   screen.\nLift a bomb with   and set it\ndown with   or  .\nPress   or   while running \nto throw one.\n You got a  bag with bombs ! \n Set it to   on the   screen.\nLift a bomb with   and set it\ndown with   or  .\nPress   or   while running \nto throw one.\n\n\nWhen empty, you can fill the bag\nwith one type of bomb at a time.\nThe maximum number of bombs\ndepends on the type.\n\n\n\n\n\n\n\n\n\n\n\n\n\n\n You got an  empty bottle ! \n Use it by setting it to  .\n\n\nYou can use this to hold water\nor anything else you need.\n You got some  red potion ! \n Set it to   on the   screen and\nuse it to replenish  8 hearts .\n\n You got some  blue potion ! \n Set it to   on the   screen and\nuse it to completely replenish\n life energy .\n You got  milk !  \n One bottle holds  two  helpings!\n\n\nSet it to   on the   screen and\nuse it to replenish  3 hearts .\n You got  milk in a bottle ! \n ...But this bottle's half-empty!\n\n\nSet it to   on the   screen and\nuse it to replenish  3 hearts !\n\n\nWhen the bottle's empty, you\ncan swing it to fill it with\nsomething else by pressing  .\n You got  lantern oil ! \n You can't light your lantern\nwithout this precious fuel.\n\nTo fill your lantern with fuel,\nequip the lantern and use the\noil with  .\n You put  water  in your bottle! \n Set it to   on the   screen and\npour it on various objects.\n You scooped up some  lantern\noil  into a bottle! \n You can't light your lantern\nwithout this precious fuel.\nTo fill your lantern with fuel,\nequip the lantern and use the\noil with  .\n You put  red potion  in the bottle! \n Set it to   on the   screen\nand use it to  replenish 8 hearts !\n You put  nasty soup  in the\nbottle!  This is Coro's \"special\"\nrecipe.\n\n Set it to   on the   screen and\nuse it. The only way to find out\nwhat it tastes like is to drink it.\n You put  hot springwater  in a\nbottle!  It's full of nutrients, but\ndrink it while it's warm.\n\n Set it to   on the   screen and\ndrink it to  \n\n---\n\nExtract glossary entries following the instructions. For each item include 'term', 'translation', and 'notes' (1-2 short Ukrainian sentences)."
  }
]
--- RESPONSE RECEIVED ---
```json
[
  {
    "term": "Spinner",
    "translation": "Спінер",
    "notes": "Стародавній механізм, що дозволяє ковзати по землі та піску, а також рухатися по настінних рейках."
  },
  {
    "term": "Ball and Chain",
    "translation": "Куля на ланцюгу",
    "notes": "Зброя, яку можна розкручувати для завдання великої шкоди ворогам."
  },
  {
    "term": "Hero's Bow",
    "translation": "Лук Героя",
    "notes": "Скарб горонів, що колись належав легендарному герою. Використовується для стрільби стрілами."
  },
  {
    "term": "Clawshot",
    "translation": "Гак-кіготь",
    "notes": "Довгий ланцюг з гаком, що дозволяє чіплятися за віддалені точки та переміщуватися до них."
  },
  {
    "term": "Double Clawshots",
    "translation": "Подвійні Гаки-кігті",
    "notes": "Пара гаків-кігтів, що дозволяє чіплятися послідовно за різні точки."
  },
  {
    "term": "Iron Boots",
    "translation": "Залізні чоботи",
    "notes": "Чоботи, що роблять персонажа настільки важким, що навіть горон не зможе його зрушити."
  },
  {
    "term": "Dominion Rod",
    "translation": "Жезл Влади",
    "notes": "Містичний артефакт, що оживляє стародавні статуї та дозволяє керувати ними."
  },
  {
    "term": "lantern",
    "translation": "ліхтар",
    "notes": "Необхідний для освітлення темних місць. Потребує палива для роботи."
  },
  {
    "term": "fishing rod",
    "translation": "вудка",
    "notes": "Проста вудка з поплавцем для ловлі риби. Можна використовувати з принадою."
  },
  {
    "term": "slingshot",
    "translation": "рогатка",
    "notes": "Улюблена іграшка дітей. Стріляє кульками, можна носити до 50 кульок."
  },
  {
    "term": "pellets",
    "translation": "кульки",
    "notes": "Боєприпаси для рогатки."
  },
  {
    "term": "bombs",
    "translation": "бомби",
    "notes": "Вибухівка, яку можна підняти, покласти або кинути під час бігу."
  },
  {
    "term": "empty bottle",
    "translation": "порожня пляшка",
    "notes": "Може використовуватися для зберігання води або інших речовин."
  },
  {
    "term": "red potion",
    "translation": "червоне зілля",
    "notes": "Відновлює 8 сердець здоров'я."
  },
  {
    "term": "blue potion",
    "translation": "синє зілля",
    "notes": "Повністю відновлює життєву енергію."
  },
  {
    "term": "milk",
    "translation": "молоко",
    "notes": "Одна пляшка містить дві порції. Відновлює 3 серця."
  },
  {
    "term": "lantern oil",
    "translation": "олія для ліхтаря",
    "notes": "Паливо, необхідне для роботи ліхтаря."
  },
  {
    "term": "hearts",
    "translation": "серця",
    "notes": "Одиниці здоров'я персонажа."
  },
  {
    "term": "life energy",
    "translation": "життєва енергія",
    "notes": "Загальний показник здоров'я персонажа."
  },
  {
    "term": "nasty soup",
    "translation": "огидний суп",
    "notes": "Особливий рецепт Коро. Ефект невідомий до вживання."
  },
  {
    "term": "hot springwater",
    "translation": "гаряча джерельна вода",
    "notes": "Повна поживних речовин, але пити треба поки тепла."
  },
  {
    "term": "Goron",
    "translation": "Горон",
    "notes": "Раса сильних кам'яних істот у світі гри."
  },
  {
    "term": "Coro",
    "translation": "Коро",
    "notes": "Персонаж, який готує особливий суп."
  }
]
```
============================================================

==================== 2026-05-22 20:35:17.432 ====================
Task Type: build_glossary
--- MESSAGES SENT ---
[
  {
    "role": "system",
    "content": "You are a linguistic assistant creating a glossary for a video game translation from English to Ukrainian. Analyze the provided text chunk and identify key terms: proper names, locations, items, recurring phrases, and unique concepts. Return them as a JSON array of objects. Each object must include the keys 'term' (original English term), 'translation' (Ukrainian translation), and 'notes' (a short Ukrainian description of what the term means or how it is used). Do not add any extra text outside of the JSON array."
  },
  {
    "role": "user",
    "content": "Here is the text chunk to analyze:\n\n---\n\nreplenish all your\nhearts ! If it cools, it will be\nplain  water .\n You caught a  fairy  in a bottle! \n When you fall in combat, this\nfaithful friend gives you hearts.\n\nSet it to   on the   screen and\nuse it with   to have the fairy\nrestore  8 hearts  right away.\n You got  hot springwater ! \nIt's full of nutrients, but\ndrink it while it's hot.\n\n Set it to   on the   screen and\nuse it to  replenish all of your\nhearts . If it gets cold, it'll just\nbe ordinary  water .\n You got  oil  in your lantern! \n With this filled, you'll be safe \nthrough the night!\n You got  oil  in your lantern! \n With this filled, you'll be safe\nthrough the night!\n You got  bombs ! \n Set them to   on the   screen.\nHold them with   and place\nthem with   or  .\nYou can also throw them by\npressing   or   while running.\n\n\nSet your  Hero's Bow  on the  \nscreen and combine it with\n bombs  using   to shoot  bomb\narrows .\n You got  water bombs ! \n You can use these bombs\nwhile underwater, but not while\nyou're swimming.\nHold them with   and place\nthem with   or  . Press   or\n  while running to throw them.\n\nSet your  Hero's Bow  on the  \nscreen and combine it with\n water bombs  using   to shoot\n bomb arrows .\n You got  bomblings ! \n\n\n\n They'll run a bit and explode!\nSet them to   on the   screen,\nand press   to use them.\n\nSet your  Hero's Bow  on the  \nscreen and combine it with\n bomblings  using   to make\n bomb arrows .\n You got the  Great Fairy's Tears ! \n This sacred water contains the\nGreat Fairy's prayers.\n\nSet it to   on the   screen and\ndrink it with   to replenish\n all hearts  and  briefly boost\nattack strength !\n You caught a  worm  in a bottle! \n Fish love these!\n\n\nWith the fishing rod equipped,\nset the worm to   on the  \nscreen and use it to attach the\nworm as bait.\n You got the  Great Fairy's Tears ! \n This  bottle  holds   sacred water\nthat contains the Great Fairy's\nprayers.\nSet it to   on the   screen and\ndrink it with   to replenish\n all hearts  and briefly boost\n attack strength !\n You caught  bee larva  in a bottle! \n Fish love these, but you can\neat them, too!\n\nWith your fishing rod in hand,\nset it and use it with   to use\nit as bait.\n\nWithout your rod, set it to and\nuse it with   to eat them and\n replenish a quarter-heart per\nlarva !\nIf you have larva on your fishing\nrod and you use it, you'll eat it!\n You put  rare Chu Jelly  in your\nbottle! \n\n\n Set it to   on the   screen,\nand drink it with   to  replenish\nall hearts  and  briefly boost\nattack strength !\n You put  red Chu Jelly  in your\nbottle!   Set it to   on the  \nscreen and drink it with   to\n replenish 8 hearts .\n You put  blue Chu Jelly  in your\nbottle!   Set it to   on the  \nscreen and drink it with   to\n replenish all hearts !\n\n You put  yellow Chu Jelly  in your\nbottle! \n\n\n With your lantern equipped, set\nit to   on the   screen and\nuse it to fill your lantern.\n You put  purple Chu Jelly  in your\nbottle!   You can set it to   on\nyour   screen and drink it.\n\nWho knows what will happen...\n You put  simple soup  in your\nbottle!   It smells like fish broth.\n\n\n Set it to   on the   screen,\nand drink it with   to\nreplenish  2 hearts !\n You put  good soup  in your\nbottle!   It smells sweet, like\npumpkins.\n\n Set it to   on the   screen,\nand drink it with   to\nreplenish  4 hearts .\n You put  superb soup  in your\nbottle!   It smells deliciously\ncheesy!\n \n Set it to   on the   screen,\nand drink it with   to\nreplenish  8 hearts .\n You got  Renado's letter ! \n It carefully details how to treat\nIlia to get her memory back.\n\nSet it to   on the   screen and\nuse   to show it. If you set it\nto  , then you won't have to\nswap out  .\n You got the  invoice ! \n This invoice is for the town\ndoctor's running tab, which is\nan astronomical sum.\nSet it to   on the   screen and\nuse   to show it. If you set it\nto  , then you won't have to\nswap out  .\n You got the  wooden statue ! \n This oddly shaped statue\nonce belonged to Ilia. It's a\nclue to restoring Ilia's memory.\nSet it to   on the   screen and\nuse   to show it. If you set it\nto  , then you won't have to\nswap out  .\n You got  Ilia's charm{escape:255:000000\n\n---\n\nExtract glossary entries following the instructions. For each item include 'term', 'translation', and 'notes' (1-2 short Ukrainian sentences)."
  }
]
============================================================

==================== 2026-05-22 20:35:44.799 ====================
Task Type: build_glossary
--- MESSAGES SENT ---
[
  {
    "role": "system",
    "content": "You are a linguistic assistant creating a glossary for a video game translation from English to Ukrainian. Analyze the provided text chunk and identify key terms: proper names, locations, items, recurring phrases, and unique concepts. Return them as a JSON array of objects. Each object must include the keys 'term' (original English term), 'translation' (Ukrainian translation), and 'notes' (a short Ukrainian description of what the term means or how it is used). Do not add any extra text outside of the JSON array."
  },
  {
    "role": "user",
    "content": "Here is the text chunk to analyze:\n\n---\n\nreplenish all your\nhearts ! If it cools, it will be\nplain  water .\n You caught a  fairy  in a bottle! \n When you fall in combat, this\nfaithful friend gives you hearts.\n\nSet it to   on the   screen and\nuse it with   to have the fairy\nrestore  8 hearts  right away.\n You got  hot springwater ! \nIt's full of nutrients, but\ndrink it while it's hot.\n\n Set it to   on the   screen and\nuse it to  replenish all of your\nhearts . If it gets cold, it'll just\nbe ordinary  water .\n You got  oil  in your lantern! \n With this filled, you'll be safe \nthrough the night!\n You got  oil  in your lantern! \n With this filled, you'll be safe\nthrough the night!\n You got  bombs ! \n Set them to   on the   screen.\nHold them with   and place\nthem with   or  .\nYou can also throw them by\npressing   or   while running.\n\n\nSet your  Hero's Bow  on the  \nscreen and combine it with\n bombs  using   to shoot  bomb\narrows .\n You got  water bombs ! \n You can use these bombs\nwhile underwater, but not while\nyou're swimming.\nHold them with   and place\nthem with   or  . Press   or\n  while running to throw them.\n\nSet your  Hero's Bow  on the  \nscreen and combine it with\n water bombs  using   to shoot\n bomb arrows .\n You got  bomblings ! \n\n\n\n They'll run a bit and explode!\nSet them to   on the   screen,\nand press   to use them.\n\nSet your  Hero's Bow  on the  \nscreen and combine it with\n bomblings  using   to make\n bomb arrows .\n You got the  Great Fairy's Tears ! \n This sacred water contains the\nGreat Fairy's prayers.\n\nSet it to   on the   screen and\ndrink it with   to replenish\n all hearts  and  briefly boost\nattack strength !\n You caught a  worm  in a bottle! \n Fish love these!\n\n\nWith the fishing rod equipped,\nset the worm to   on the  \nscreen and use it to attach the\nworm as bait.\n You got the  Great Fairy's Tears ! \n This  bottle  holds   sacred water\nthat contains the Great Fairy's\nprayers.\nSet it to   on the   screen and\ndrink it with   to replenish\n all hearts  and briefly boost\n attack strength !\n You caught  bee larva  in a bottle! \n Fish love these, but you can\neat them, too!\n\nWith your fishing rod in hand,\nset it and use it with   to use\nit as bait.\n\nWithout your rod, set it to and\nuse it with   to eat them and\n replenish a quarter-heart per\nlarva !\nIf you have larva on your fishing\nrod and you use it, you'll eat it!\n You put  rare Chu Jelly  in your\nbottle! \n\n\n Set it to   on the   screen,\nand drink it with   to  replenish\nall hearts  and  briefly boost\nattack strength !\n You put  red Chu Jelly  in your\nbottle!   Set it to   on the  \nscreen and drink it with   to\n replenish 8 hearts .\n You put  blue Chu Jelly  in your\nbottle!   Set it to   on the  \nscreen and drink it with   to\n replenish all hearts !\n\n You put  yellow Chu Jelly  in your\nbottle! \n\n\n With your lantern equipped, set\nit to   on the   screen and\nuse it to fill your lantern.\n You put  purple Chu Jelly  in your\nbottle!   You can set it to   on\nyour   screen and drink it.\n\nWho knows what will happen...\n You put  simple soup  in your\nbottle!   It smells like fish broth.\n\n\n Set it to   on the   screen,\nand drink it with   to\nreplenish  2 hearts !\n You put  good soup  in your\nbottle!   It smells sweet, like\npumpkins.\n\n Set it to   on the   screen,\nand drink it with   to\nreplenish  4 hearts .\n You put  superb soup  in your\nbottle!   It smells deliciously\ncheesy!\n \n Set it to   on the   screen,\nand drink it with   to\nreplenish  8 hearts .\n You got  Renado's letter ! \n It carefully details how to treat\nIlia to get her memory back.\n\nSet it to   on the   screen and\nuse   to show it. If you set it\nto  , then you won't have to\nswap out  .\n You got the  invoice ! \n This invoice is for the town\ndoctor's running tab, which is\nan astronomical sum.\nSet it to   on the   screen and\nuse   to show it. If you set it\nto  , then you won't have to\nswap out  .\n You got the  wooden statue ! \n This oddly shaped statue\nonce belonged to Ilia. It's a\nclue to restoring Ilia's memory.\nSet it to   on the   screen and\nuse   to show it. If you set it\nto  , then you won't have to\nswap out  .\n You got  Ilia's charm{escape:255:000000\n\n---\n\nExtract glossary entries following the instructions. For each item include 'term', 'translation', and 'notes' (1-2 short Ukrainian sentences)."
  }
]
--- RESPONSE RECEIVED ---
```json
[
  {
    "term": "hearts",
    "translation": "серця",
    "notes": "Одиниці здоров'я персонажа у грі. Коли всі серця втрачені, персонаж падає в бою."
  },
  {
    "term": "fairy",
    "translation": "фея",
    "notes": "Магічна істота, яку можна зловити в пляшку. Автоматично відновлює 8 сердець, коли персонаж падає в бою."
  },
  {
    "term": "hot springwater",
    "translation": "гаряча джерельна вода",
    "notes": "Цілюща вода з гарячого джерела, яка відновлює всі серця. Втрачає властивості, коли охолоне."
  },
  {
    "term": "oil",
    "translation": "олія",
    "notes": "Паливо для ліхтаря, яке дозволяє безпечно подорожувати вночі."
  },
  {
    "term": "lantern",
    "translation": "ліхтар",
    "notes": "Предмет спорядження, який освітлює темряву та потребує олії для роботи."
  },
  {
    "term": "bombs",
    "translation": "бомби",
    "notes": "Вибухові предмети, які можна розміщувати або кидати під час бігу."
  },
  {
    "term": "Hero's Bow",
    "translation": "Лук Героя",
    "notes": "Зброя для стрільби стрілами, яку можна комбінувати з бомбами для створення вибухових стріл."
  },
  {
    "term": "bomb arrows",
    "translation": "вибухові стріли",
    "notes": "Стріли, створені комбінуванням Лука Героя з бомбами або бомблінгами."
  },
  {
    "term": "water bombs",
    "translation": "водяні бомби",
    "notes": "Спеціальні бомби для використання під водою, але не під час плавання."
  },
  {
    "term": "bomblings",
    "translation": "бомблінги",
    "notes": "Живі бомби, які пробігають невелику відстань перед вибухом."
  },
  {
    "term": "Great Fairy's Tears",
    "translation": "Сльози Великої Феї",
    "notes": "Священна вода з молитвами Великої Феї. Відновлює всі серця та тимчасово підсилює атаку."
  },
  {
    "term": "worm",
    "translation": "черв'як",
    "notes": "Наживка для риболовлі, яку риба дуже любить."
  },
  {
    "term": "fishing rod",
    "translation": "вудка",
    "notes": "Знаряддя для риболовлі, на яке можна прикріпити наживку."
  },
  {
    "term": "bee larva",
    "translation": "личинки бджіл",
    "notes": "Наживка для риболовлі, яку також можна з'їсти для відновлення чверті серця за личинку."
  },
  {
    "term": "Chu Jelly",
    "translation": "желе Чу",
    "notes": "Желеподібна субстанція від ворогів Чу, яка має різні властивості залежно від кольору."
  },
  {
    "term": "rare Chu Jelly",
    "translation": "рідкісне желе Чу",
    "notes": "Найрідкісніший вид желе Чу. Відновлює всі серця та тимчасово підсилює атаку."
  },
  {
    "term": "red Chu Jelly",
    "translation": "червоне желе Чу",
    "notes": "Червоне желе, яке відновлює 8 сердець."
  },
  {
    "term": "blue Chu Jelly",
    "translation": "синє желе Чу",
    "notes": "Синє желе, яке відновлює всі серця."
  },
  {
    "term": "yellow Chu Jelly",
    "translation": "жовте желе Чу",
    "notes": "Жовте желе, яке можна використати для заправки ліхтаря."
  },
  {
    "term": "purple Chu Jelly",
    "translation": "фіолетове желе Чу",
    "notes": "Загадкове желе з непередбачуваним ефектом."
  },
  {
    "term": "simple soup",
    "translation": "простий суп",
    "notes": "Суп з рибним бульйоном, який відновлює 2 серця."
  },
  {
    "term": "good soup",
    "translation": "добрий суп",
    "notes": "Суп з солодким гарбузовим ароматом, який відновлює 4 серця."
  },
  {
    "term": "superb soup",
    "translation": "чудовий суп",
    "notes": "Суп з сирним ароматом, який відновлює 8 сердець."
  },
  {
    "term": "Renado's letter",
    "translation": "лист Ренадо",
    "notes": "Лист з детальними інструкціями щодо лікування Ілії для відновлення її пам'яті."
  },
  {
    "term": "invoice",
    "translation": "рахунок",
    "notes": "Рахунок міського лікаря з астрономічною сумою боргу."
  },
  {
    "term": "wooden statue",
    "translation": "дерев'яна статуетка",
    "notes": "Статуетка незвичайної форми, що належала Ілії. Ключ до відновлення її пам'яті."
  },
  {
    "term": "Ilia",
    "translation": "Ілія",
    "notes": "Персонаж гри, який втратив пам'ять і потребує лікування."
  },
  {
    "term": "Ilia's charm",
    "translation": "амулет Ілії",
    "notes": "Особистий предмет Ілії."
  },
  {
    "term": "bottle",
    "translation": "пляшка",
    "notes": "Контейнер для зберігання різних рідин, зілля та дрібних предметів."
  }
]
```
============================================================

==================== 2026-05-22 20:35:44.801 ====================
Task Type: build_glossary
--- MESSAGES SENT ---
[
  {
    "role": "system",
    "content": "You are a linguistic assistant creating a glossary for a video game translation from English to Ukrainian. Analyze the provided text chunk and identify key terms: proper names, locations, items, recurring phrases, and unique concepts. Return them as a JSON array of objects. Each object must include the keys 'term' (original English term), 'translation' (Ukrainian translation), and 'notes' (a short Ukrainian description of what the term means or how it is used). Do not add any extra text outside of the JSON array."
  },
  {
    "role": "user",
    "content": "Here is the text chunk to analyze:\n\n---\n\n}! \n Ilia left this charm with the\nwoman who saved her. It's a\nclue to restoring Ilia's memory.\nSet it to   on the   screen and\nuse   to show it. If you set it\nto  , then you won't have to\nswap out  .\n You got the  horse call ! \n Ilia made this just for\n .\n\nNow you can call  \neven when you can't find horse\ngrass.\n\nSet it to   on the   screen and\nuse it with   while outside.\nIf you set it to  , then you\nwon't have to swap  .\n\n\n\n\n\n\n\n\n\n\n\n You got  Auru's memo ! \n Auru wrote this to Fyer of\nLake Hylia.\n\nSet it to   on the   screen and\nuse   to show it. If you set it\nto  , then you won't have to\nswap out  .\n You got  Ashei's sketch ! \n This hastily drawn picture\nshows the creature Ashei saw\nholding a  red fish .\nSet it to   on the   screen and\nuse   to show it. If you set it\nto  , then you won't have to\nswap out  .\n\n\n\n\n\n\n\n\n\n\n\n You got the  bottle of oil ! \n You need this to light your\nlantern.\n\nSet your lantern to   and then\npress   to use the oil, filling\nyour lantern.\n You got the  bee larva ! \n Fish love these, but you can\neat them too.\n\nEquip your fishing rod and set\nthese to   on the   screen,\nthen press   to put one on\nyour rod as bait.\nIf you use it without your rod,\nyou will eat larva to  recover  a\n quarter-heart per larva !\n\nIf you have larva on your fishing\nrod and you use it, you'll eat it!\n You put  black Chu Jelly  in your\nbottle!   Ugh! That color! It looks\nreally bad for you.\n\nYou can set it to   on the  \nscreen and use   to drink it,\nbut... Ewwwww!\n\n You got the  Vessel of Light ! \n Use this to collect the  tears\n that cut through the darkness.\n\nWhen the vessel is full of tears,\nyou can dispel the twilight and\nreturn the land to its light-filled\nstate.\nTo see the evils that consume\nthe  tears , press     to use your\n senses .\n You got the  Vessel of Light ! \n Use this to collect the  tears\n that cut through the darkness.\n\nWhen the vessel is full of tears,\nyou can dispel the twilight and\nreturn the land to its light-filled\nstate.\nTo see the evils that consume\nthe  tears , press     to use your\n senses .\n You got the  Vessel of Light ! \n Use this to collect the  tears\n that cut through the darkness.\n\nWhen the vessel is full of tears,\nyou can dispel the twilight and\nreturn the land to its light-filled\nstate.\nTo see the evils that consume\nthe  tears , press     to use your\n senses .\n\n\n\n\n\n\n\n\n\n\n\n\n\n\n\n\n\n\n\n\n\n\n\n\n\n\n\n\n\n\n\n\n\n\n\n\n\n\n\nEpona Rodeo strategy (Rescue Epona)\nFlag  56  has been turned  ON .\nSaw the demo where Colin is abducted.\nFlag  53  has been turned  ON .\nSaw the demo where Colin is saved.\nFlag  85  has been turned  ON .\nSaw the demo of Prince Zora being saved.\n(Convory sucessful)\nFlag  68  has been turned  ON .\nNorth south bridge mirror space big small mysterious shield\ntest 20060713 22:11pm\n...Well, I won't use these, but I'll\nhang on to them for you!\nAll right, a promise is a promise...\nI trust you enough to help.\nIn exchange for my help, though,\nI need you to gather  some things\n for me.\nLook, I can't tell you all the details\nnow, but it'll be easy, trust me...\nBut enough about that. Do you hear\nthat noise? It's the lamentation of\nthe  spirit  that had its light stolen...\nWhere in the world could it be?\n Eee hee!\nBetter get going, don't you think?\nDon't blame me for your world's\nfate if you don't hurry up and find\nthat light!\nCome on! Snap to it!\n\n\n\n\nWelcome, Hero...\nPlease receive the blessings of the \nfairies...\nIf you ever have need of me, come to\nthis place.\nYou have come to receive the blessings\nof the fairies...but you haven't a\n container ..\nIf you ever have need of me, come to\nthis place.\n\nAww, but it was so nice here in the\ntwilight... What's so great about a\nworld of light, anyway?\nEee hee hee! See you later! \nMy name is  Faron .\nI am one of the spirits of light who\ndwell in Hyrule. By the order of the\ngods, I protect this forest.\nO brave youth...\nIn the land covered in  twilight ,\nwhere people roam as spirits, you\nwere transformed into a blue-eyed\n beast ...\nThat was a sign...\nIt was a sign that the  powers of the\nchosen one  rest within you...and\nthat they are awakening.\nLook at your awakened form...\nThe green tunic that is your garb\nonce belonged to the ancient hero\nchosen by the gods...\nHis power is yours. His is the true\npower that slept within you.\nYour name is  .\nYou are the hero chosen by the\ngods. \nBrave  ...\nA  dark power  rests in the  temple\n deep within these woods.\nIt is a  forbidden power . Long, long\nago, I and the other spirits of light\nlocked it away.\nBecause of its nature, it is a power\nthat should never be touched by\nany who dwell in the light.\nBut this world weeps beneath a\nmantle of shadows, and so there\nis no choice... You must match the\npower of the king of shadows.\nIf you would seek this forbidden\npower, then proceed to the  temple\n in the  forest depths .\n\n\n\n\n\n\n\n\n\n\n\n\n\n\n\n\n\n\n\n\n\nCripes! I don't see those black\nbrutes anywhere...\nThey've gotta be hidin' somewhere,\nwaitin' for their helpless little prey\nto come out! Then they'll FEAST!\nShaman! I'm scared!\nWe are safe as long as we remain in\nhere, child. Be at ease.\nOh yeah? I wonder if the monsters\nout there agree with you...\nThey sure didn't seem impressed\nby my bombs! How long do you\nthink we can hold this sanctuary\nagainst beasts that strong, huh?\nOnce they attack, it's OVER!\nRemember the lady from the\ngeneral store? Just one of those\nthings attacked her, and a whole\ngang from town went to save her!\nAnd what happened? She was\nalread\n\n---\n\nExtract glossary entries following the instructions. For each item include 'term', 'translation', and 'notes' (1-2 short Ukrainian sentences)."
  }
]
============================================================

==================== 2026-05-22 20:36:23.350 ====================
Task Type: build_glossary
--- MESSAGES SENT ---
[
  {
    "role": "system",
    "content": "You are a linguistic assistant creating a glossary for a video game translation from English to Ukrainian. Analyze the provided text chunk and identify key terms: proper names, locations, items, recurring phrases, and unique concepts. Return them as a JSON array of objects. Each object must include the keys 'term' (original English term), 'translation' (Ukrainian translation), and 'notes' (a short Ukrainian description of what the term means or how it is used). Do not add any extra text outside of the JSON array."
  },
  {
    "role": "user",
    "content": "Here is the text chunk to analyze:\n\n---\n\n}! \n Ilia left this charm with the\nwoman who saved her. It's a\nclue to restoring Ilia's memory.\nSet it to   on the   screen and\nuse   to show it. If you set it\nto  , then you won't have to\nswap out  .\n You got the  horse call ! \n Ilia made this just for\n .\n\nNow you can call  \neven when you can't find horse\ngrass.\n\nSet it to   on the   screen and\nuse it with   while outside.\nIf you set it to  , then you\nwon't have to swap  .\n\n\n\n\n\n\n\n\n\n\n\n You got  Auru's memo ! \n Auru wrote this to Fyer of\nLake Hylia.\n\nSet it to   on the   screen and\nuse   to show it. If you set it\nto  , then you won't have to\nswap out  .\n You got  Ashei's sketch ! \n This hastily drawn picture\nshows the creature Ashei saw\nholding a  red fish .\nSet it to   on the   screen and\nuse   to show it. If you set it\nto  , then you won't have to\nswap out  .\n\n\n\n\n\n\n\n\n\n\n\n You got the  bottle of oil ! \n You need this to light your\nlantern.\n\nSet your lantern to   and then\npress   to use the oil, filling\nyour lantern.\n You got the  bee larva ! \n Fish love these, but you can\neat them too.\n\nEquip your fishing rod and set\nthese to   on the   screen,\nthen press   to put one on\nyour rod as bait.\nIf you use it without your rod,\nyou will eat larva to  recover  a\n quarter-heart per larva !\n\nIf you have larva on your fishing\nrod and you use it, you'll eat it!\n You put  black Chu Jelly  in your\nbottle!   Ugh! That color! It looks\nreally bad for you.\n\nYou can set it to   on the  \nscreen and use   to drink it,\nbut... Ewwwww!\n\n You got the  Vessel of Light ! \n Use this to collect the  tears\n that cut through the darkness.\n\nWhen the vessel is full of tears,\nyou can dispel the twilight and\nreturn the land to its light-filled\nstate.\nTo see the evils that consume\nthe  tears , press     to use your\n senses .\n You got the  Vessel of Light ! \n Use this to collect the  tears\n that cut through the darkness.\n\nWhen the vessel is full of tears,\nyou can dispel the twilight and\nreturn the land to its light-filled\nstate.\nTo see the evils that consume\nthe  tears , press     to use your\n senses .\n You got the  Vessel of Light ! \n Use this to collect the  tears\n that cut through the darkness.\n\nWhen the vessel is full of tears,\nyou can dispel the twilight and\nreturn the land to its light-filled\nstate.\nTo see the evils that consume\nthe  tears , press     to use your\n senses .\n\n\n\n\n\n\n\n\n\n\n\n\n\n\n\n\n\n\n\n\n\n\n\n\n\n\n\n\n\n\n\n\n\n\n\n\n\n\n\nEpona Rodeo strategy (Rescue Epona)\nFlag  56  has been turned  ON .\nSaw the demo where Colin is abducted.\nFlag  53  has been turned  ON .\nSaw the demo where Colin is saved.\nFlag  85  has been turned  ON .\nSaw the demo of Prince Zora being saved.\n(Convory sucessful)\nFlag  68  has been turned  ON .\nNorth south bridge mirror space big small mysterious shield\ntest 20060713 22:11pm\n...Well, I won't use these, but I'll\nhang on to them for you!\nAll right, a promise is a promise...\nI trust you enough to help.\nIn exchange for my help, though,\nI need you to gather  some things\n for me.\nLook, I can't tell you all the details\nnow, but it'll be easy, trust me...\nBut enough about that. Do you hear\nthat noise? It's the lamentation of\nthe  spirit  that had its light stolen...\nWhere in the world could it be?\n Eee hee!\nBetter get going, don't you think?\nDon't blame me for your world's\nfate if you don't hurry up and find\nthat light!\nCome on! Snap to it!\n\n\n\n\nWelcome, Hero...\nPlease receive the blessings of the \nfairies...\nIf you ever have need of me, come to\nthis place.\nYou have come to receive the blessings\nof the fairies...but you haven't a\n container ..\nIf you ever have need of me, come to\nthis place.\n\nAww, but it was so nice here in the\ntwilight... What's so great about a\nworld of light, anyway?\nEee hee hee! See you later! \nMy name is  Faron .\nI am one of the spirits of light who\ndwell in Hyrule. By the order of the\ngods, I protect this forest.\nO brave youth...\nIn the land covered in  twilight ,\nwhere people roam as spirits, you\nwere transformed into a blue-eyed\n beast ...\nThat was a sign...\nIt was a sign that the  powers of the\nchosen one  rest within you...and\nthat they are awakening.\nLook at your awakened form...\nThe green tunic that is your garb\nonce belonged to the ancient hero\nchosen by the gods...\nHis power is yours. His is the true\npower that slept within you.\nYour name is  .\nYou are the hero chosen by the\ngods. \nBrave  ...\nA  dark power  rests in the  temple\n deep within these woods.\nIt is a  forbidden power . Long, long\nago, I and the other spirits of light\nlocked it away.\nBecause of its nature, it is a power\nthat should never be touched by\nany who dwell in the light.\nBut this world weeps beneath a\nmantle of shadows, and so there\nis no choice... You must match the\npower of the king of shadows.\nIf you would seek this forbidden\npower, then proceed to the  temple\n in the  forest depths .\n\n\n\n\n\n\n\n\n\n\n\n\n\n\n\n\n\n\n\n\n\nCripes! I don't see those black\nbrutes anywhere...\nThey've gotta be hidin' somewhere,\nwaitin' for their helpless little prey\nto come out! Then they'll FEAST!\nShaman! I'm scared!\nWe are safe as long as we remain in\nhere, child. Be at ease.\nOh yeah? I wonder if the monsters\nout there agree with you...\nThey sure didn't seem impressed\nby my bombs! How long do you\nthink we can hold this sanctuary\nagainst beasts that strong, huh?\nOnce they attack, it's OVER!\nRemember the lady from the\ngeneral store? Just one of those\nthings attacked her, and a whole\ngang from town went to save her!\nAnd what happened? She was\nalread\n\n---\n\nExtract glossary entries following the instructions. For each item include 'term', 'translation', and 'notes' (1-2 short Ukrainian sentences)."
  }
]
--- RESPONSE RECEIVED ---
```json
[
  {
    "term": "Ilia",
    "translation": "Ілія",
    "notes": "Ім'я персонажа, яка втратила пам'ять. Залишила амулет жінці, що її врятувала."
  },
  {
    "term": "horse call",
    "translation": "поклик коня",
    "notes": "Предмет, який дозволяє кликати коня навіть без трави для коней. Створений Ілією спеціально для героя."
  },
  {
    "term": "Epona",
    "translation": "Епона",
    "notes": "Ім'я коня головного героя."
  },
  {
    "term": "Auru's memo",
    "translation": "записка Ауру",
    "notes": "Лист, написаний Ауру для Файєра з озера Гілія."
  },
  {
    "term": "Fyer",
    "translation": "Файєр",
    "notes": "Персонаж, який знаходиться біля озера Гілія."
  },
  {
    "term": "Lake Hylia",
    "translation": "озеро Гілія",
    "notes": "Локація у грі, де знаходиться Файєр."
  },
  {
    "term": "Ashei's sketch",
    "translation": "малюнок Ашей",
    "notes": "Швидко намальована картинка істоти, яку Ашей бачила з червоною рибою."
  },
  {
    "term": "red fish",
    "translation": "червона риба",
    "notes": "Риба, яку тримала істота на малюнку Ашей."
  },
  {
    "term": "bottle of oil",
    "translation": "пляшка олії",
    "notes": "Олія, необхідна для заправки ліхтаря."
  },
  {
    "term": "bee larva",
    "translation": "личинка бджоли",
    "notes": "Наживка для риболовлі, яку також можна з'їсти для відновлення чверті серця."
  },
  {
    "term": "black Chu Jelly",
    "translation": "чорне желе Чу",
    "notes": "Субстанція поганого вигляду, яку можна випити, але це виглядає дуже неприємно."
  },
  {
    "term": "Vessel of Light",
    "translation": "Посудина Світла",
    "notes": "Використовується для збору сліз, що пронизують темряву. Коли посудина наповнена, можна розвіяти сутінки."
  },
  {
    "term": "tears",
    "translation": "сльози",
    "notes": "Сльози, що пронизують темряву, які потрібно зібрати у Посудину Світла."
  },
  {
    "term": "twilight",
    "translation": "сутінки",
    "notes": "Темна сила, що покриває землю. Коли Посудина Світла наповнена, сутінки можна розвіяти."
  },
  {
    "term": "senses",
    "translation": "чуття",
    "notes": "Здатність бачити зло, що поглинає сльози."
  },
  {
    "term": "Colin",
    "translation": "Колін",
    "notes": "Персонаж, якого викрадають, а потім рятують."
  },
  {
    "term": "Prince Zora",
    "translation": "принц Зора",
    "notes": "Персонаж, якого рятують у грі."
  },
  {
    "term": "Faron",
    "translation": "Фарон",
    "notes": "Один з духів світла, що живуть у Хайрулі. Захищає ліс за наказом богів."
  },
  {
    "term": "Hyrule",
    "translation": "Хайрул",
    "notes": "Назва світу/королівства, де відбувається дія гри."
  },
  {
    "term": "blue-eyed beast",
    "translation": "синьоокий звір",
    "notes": "Форма, в яку перетворюється герой у землі, покритій сутінками."
  },
  {
    "term": "green tunic",
    "translation": "зелена туніка",
    "notes": "Одяг, що колись належав стародавньому герою, обраному богами."
  },
  {
    "term": "chosen one",
    "translation": "обраний",
    "notes": "Герой, обраний богами, в якому прокидаються особливі сили."
  },
  {
    "term": "dark power",
    "translation": "темна сила",
    "notes": "Заборонена сила, що знаходиться в храмі глибоко в лісі."
  },
  {
    "term": "temple",
    "translation": "храм",
    "notes": "Місце в глибині лісу, де знаходиться заборонена темна сила."
  },
  {
    "term": "spirits of light",
    "translation": "духи світла",
    "notes": "Духи, що живуть у Хайрулі та захищають землі за наказом богів."
  },
  {
    "term": "king of shadows",
    "translation": "король тіней",
    "notes": "Ворог, силі якого має протистояти герой."
  },
  {
    "term": "sanctuary",
    "translation": "святилище",
    "notes": "Безпечне місце, де ховаються люди від чудовиськ."
  }
]
```
============================================================

==================== 2026-05-22 20:36:23.352 ====================
Task Type: build_glossary
--- MESSAGES SENT ---
[
  {
    "role": "system",
    "content": "You are a linguistic assistant creating a glossary for a video game translation from English to Ukrainian. Analyze the provided text chunk and identify key terms: proper names, locations, items, recurring phrases, and unique concepts. Return them as a JSON array of objects. Each object must include the keys 'term' (original English term), 'translation' (Ukrainian translation), and 'notes' (a short Ukrainian description of what the term means or how it is used). Do not add any extra text outside of the JSON array."
  },
  {
    "role": "user",
    "content": "Here is the text chunk to analyze:\n\n---\n\ny gone, and there were\nTWO monsters waitin'!\n...You connectin' the dots? That\nmeans that if we get attacked by\nthem, then we'll be...\n BARNES! \nBeth? Are you OK?\nLook, Renado... All I mean to say\nis that it's risky here, too! Ain't\nyou got some place we can hide?\nThere is...a  cellar .\nWHAAT?! You've got a  CELLAR ?!\nWhere's the entrance, man?\nThe  entrance  to the cellar is\ndesigned to  open  when  all  of the\ncandles have been  lit ...\nWhy didn't you say so sooner?\nC'mon, now! Let's hide in there!\n...I...would not do that.\nWhen Father instructed me to\nsecure the  cellar , I saw  insects\n like the beasts outside...\nDon't cry, Beth! It'll be OK!\n  is coming to save\nus all!\n...I can feel it!\nThe tears you hold... They are blessed...\nDrink them and you shall better endure\nthe dangers that await you.\nYour power is a gift given only to\nthose with confidence to wield it.\n\nHuh? What is it?\nSo...  Where could that pitiful\nlight-stripped  spirit  be?\n\nDon't you think heading to the\n temple  deep within  Faron Woods\n sounds like a good idea?\n\nAw, I was just starting to have fun!\nDon't forget that  Fused Shadow !\nEee hee hee! See you later! \nMy name is  Eldin .\n\n\n\nI am one of the light spirits of\nHyrule. I am the spirit that guards\nthese lands.\n\nO great hero chosen by the gods...\nThe  dark power  you seek lies in\nthe  sacred grounds  of the proud\n mountain dwellers .\nBut already those grounds have\nbeen defiled, draped in shadow\nand seeded with evil.\n You must go to those sacred\ngrounds and cleanse them.\n  ?!\nHa ha ha! See, Beth?! I TOLD you\n  would save us!\n...You are the one from Ordon\nwhom these children spoke of?\nWe are well met. I am  Renado ,\nshaman of this town.\n And this...\nThis is my daughter,  Luda .\nThe beasts took us and left us to\ndie...but Mr. Renado found us.\nAt first, I couldn't believe they had\ncome from so distant a place as the\nOrdona Province...\nYeah, I... We don't remember much.\nAll of a sudden everyone was\ncaptured, and then...until now...it's\nbeen like...\n...A nightmare.\nYeah! It was like a terrible dream\nand we couldn't wake up...\nMmm... Nightmares are everywhere\nthese days, it seems. This village\nhas certainly seen its share of\nrecent hardships...\nThe dark beasts attacked, but even\nworse was the sudden and\ninexplicable change in the\n mountain-dwelling Goron tribe .\nThey had long been our friends,\nbut suddenly treated us as foes.\nEven now they refuse to permit us\nentry into their  mines .\nIt strains the limits of belief...\nTo think that such a gentle and\n proud tribe  could change so\nsuddenly...\nIt makes me wonder if something\nin those  mines  is the  cause  of this\nchange...\nIn any case, you must take these\nchildren and flee this village before\nmore nightmares descend.\nI, of course, cannot leave my village\nin such a time. There is no telling\nwhat may happen to us here...\n...But it is my job to try to coax the\nGorons back from their recent\nchange of heart.\nI mean, the thing I'm looking for is\nthere, so maybe you'll find your\nfriends there as well!\nHey, remember that  spirit ...  I bet\nit has some good news for you!\nGo talk to her and get the good\nword!\nWhat I'm looking for is supposed\nto be in the  temple  deep   in this\n forest .\n\n\n\n\n\n\n\n\n\n\n\n  ...\nIs everyone...OK?\n...Good.\nBeth... I'm sorry. You know...for\nshoving you. Are you mad?\nI... I think I finally understand.\nI understand what my dad meant\nwhen he told me I needed to be\nstronger, like you,  ...\nHe wasn't talking about strength,\nlike lifting stuff. He was talking\nabout being brave...\n ... You saved me,\ndidn't you?\nYou... You can do anything.\nYou can do something to help the\nGorons in the mine too, can't you,\n ?\nHeroic  ...\n North  of here, across the plain and\npast the great stone bridge, in the\nlands guarded by the  spirit\nLanayru...\nYou shall find one who you seek...\n ...\nIlia...\nYou've got to save Ilia!\nThose monsters left me with the\nother kids, but they must have\ntaken her somewhere else!\nWhenever I thought I couldn't go\non, I would think of you and Ilia\nand hold on,  ...\nSee? I... I'm fine now.\nRemember what I told you back in\nOrdon,  ?\nWhen I grow up, I'm going to be\njust like you,  !\nSo you don't have to worry about\nme anymore! Go help Ilia!\nLeave the children to me. I will\nwatch over them, I swear it.\nDo not let their fates trouble you.\nGo to those who need you.\nIn Hyrule, countless tales are told\nof the ancient hero...and your\ndeeds bring them all to mind.\nMay the graces of the great\ngoddesses who shaped Hyrule bear\nyou on your way.\nI really, REALLY need to get it, so \nkeep your eyes peeled!\nThere are  two  more  Fused\nShadows ... Let's get a move on and\nfind them both!\n Hurry! We need to head to the\n Eldin Province  to the  east !\n\n\n\n\n\n\n\n\n\n\n\n\n\n\n\n\n\n\n Alter pitch  Howl\nSomething's happened...\nIf you want to cross Kakariko\nGorge, we need to find something\nto span it...\nWe need to get back to Faron\nWoods and look for something we\ncan use.\nEnough already. Quiet down and\nlook for the  light spirit   Eldin ...\n\n\n\n\n\n\n\n\n\n\n\n\n\n\nYou make sure to get that last\n Fused Shadow , now!\nEee hee! See you later! \nMy name is  Lanayru .\nYour efforts have at last restored\neach of us  light spirits  in Hyrule.\nO hero chosen by the gods...\nThe  dark power  that you seek...\nIt waits in a temple set in the bed\nof  Lake Hylia .\n...But before seeking it, you must\nnow bear witness to something...\nand never forget it.\nYou must know that it was the will\nof the goddesses that we lock away\nthe  forbidden power ...\nWhen all was chaos, the goddesses\ndescended and gave order and life\nto the world. \nThey granted power equally to all\nwho dwelt in the light, and then\nreturned to the heavens. \nThe lands where the goddesses\ndescended came to be known as\nthe Sacred Realm. \nFor ages, the people lived at ease,\ncontent in mind and body... \nBut soon, word of the Sacred Realm\nspread through Hyrule, and a great\n battle  ensued... \nAmong those living in the light,\n interlopers  who excelled at  magic \n\n\n---\n\nExtract glossary entries following the instructions. For each item include 'term', 'translation', and 'notes' (1-2 short Ukrainian sentences)."
  }
]
============================================================

==================== 2026-05-22 20:36:46.910 ====================
Task Type: build_glossary
--- MESSAGES SENT ---
[
  {
    "role": "system",
    "content": "You are a linguistic assistant creating a glossary for a video game translation from English to Ukrainian. Analyze the provided text chunk and identify key terms: proper names, locations, items, recurring phrases, and unique concepts. Return them as a JSON array of objects. Each object must include the keys 'term' (original English term), 'translation' (Ukrainian translation), and 'notes' (a short Ukrainian description of what the term means or how it is used). Do not add any extra text outside of the JSON array."
  },
  {
    "role": "user",
    "content": "Here is the text chunk to analyze:\n\n---\n\ny gone, and there were\nTWO monsters waitin'!\n...You connectin' the dots? That\nmeans that if we get attacked by\nthem, then we'll be...\n BARNES! \nBeth? Are you OK?\nLook, Renado... All I mean to say\nis that it's risky here, too! Ain't\nyou got some place we can hide?\nThere is...a  cellar .\nWHAAT?! You've got a  CELLAR ?!\nWhere's the entrance, man?\nThe  entrance  to the cellar is\ndesigned to  open  when  all  of the\ncandles have been  lit ...\nWhy didn't you say so sooner?\nC'mon, now! Let's hide in there!\n...I...would not do that.\nWhen Father instructed me to\nsecure the  cellar , I saw  insects\n like the beasts outside...\nDon't cry, Beth! It'll be OK!\n  is coming to save\nus all!\n...I can feel it!\nThe tears you hold... They are blessed...\nDrink them and you shall better endure\nthe dangers that await you.\nYour power is a gift given only to\nthose with confidence to wield it.\n\nHuh? What is it?\nSo...  Where could that pitiful\nlight-stripped  spirit  be?\n\nDon't you think heading to the\n temple  deep within  Faron Woods\n sounds like a good idea?\n\nAw, I was just starting to have fun!\nDon't forget that  Fused Shadow !\nEee hee hee! See you later! \nMy name is  Eldin .\n\n\n\nI am one of the light spirits of\nHyrule. I am the spirit that guards\nthese lands.\n\nO great hero chosen by the gods...\nThe  dark power  you seek lies in\nthe  sacred grounds  of the proud\n mountain dwellers .\nBut already those grounds have\nbeen defiled, draped in shadow\nand seeded with evil.\n You must go to those sacred\ngrounds and cleanse them.\n  ?!\nHa ha ha! See, Beth?! I TOLD you\n  would save us!\n...You are the one from Ordon\nwhom these children spoke of?\nWe are well met. I am  Renado ,\nshaman of this town.\n And this...\nThis is my daughter,  Luda .\nThe beasts took us and left us to\ndie...but Mr. Renado found us.\nAt first, I couldn't believe they had\ncome from so distant a place as the\nOrdona Province...\nYeah, I... We don't remember much.\nAll of a sudden everyone was\ncaptured, and then...until now...it's\nbeen like...\n...A nightmare.\nYeah! It was like a terrible dream\nand we couldn't wake up...\nMmm... Nightmares are everywhere\nthese days, it seems. This village\nhas certainly seen its share of\nrecent hardships...\nThe dark beasts attacked, but even\nworse was the sudden and\ninexplicable change in the\n mountain-dwelling Goron tribe .\nThey had long been our friends,\nbut suddenly treated us as foes.\nEven now they refuse to permit us\nentry into their  mines .\nIt strains the limits of belief...\nTo think that such a gentle and\n proud tribe  could change so\nsuddenly...\nIt makes me wonder if something\nin those  mines  is the  cause  of this\nchange...\nIn any case, you must take these\nchildren and flee this village before\nmore nightmares descend.\nI, of course, cannot leave my village\nin such a time. There is no telling\nwhat may happen to us here...\n...But it is my job to try to coax the\nGorons back from their recent\nchange of heart.\nI mean, the thing I'm looking for is\nthere, so maybe you'll find your\nfriends there as well!\nHey, remember that  spirit ...  I bet\nit has some good news for you!\nGo talk to her and get the good\nword!\nWhat I'm looking for is supposed\nto be in the  temple  deep   in this\n forest .\n\n\n\n\n\n\n\n\n\n\n\n  ...\nIs everyone...OK?\n...Good.\nBeth... I'm sorry. You know...for\nshoving you. Are you mad?\nI... I think I finally understand.\nI understand what my dad meant\nwhen he told me I needed to be\nstronger, like you,  ...\nHe wasn't talking about strength,\nlike lifting stuff. He was talking\nabout being brave...\n ... You saved me,\ndidn't you?\nYou... You can do anything.\nYou can do something to help the\nGorons in the mine too, can't you,\n ?\nHeroic  ...\n North  of here, across the plain and\npast the great stone bridge, in the\nlands guarded by the  spirit\nLanayru...\nYou shall find one who you seek...\n ...\nIlia...\nYou've got to save Ilia!\nThose monsters left me with the\nother kids, but they must have\ntaken her somewhere else!\nWhenever I thought I couldn't go\non, I would think of you and Ilia\nand hold on,  ...\nSee? I... I'm fine now.\nRemember what I told you back in\nOrdon,  ?\nWhen I grow up, I'm going to be\njust like you,  !\nSo you don't have to worry about\nme anymore! Go help Ilia!\nLeave the children to me. I will\nwatch over them, I swear it.\nDo not let their fates trouble you.\nGo to those who need you.\nIn Hyrule, countless tales are told\nof the ancient hero...and your\ndeeds bring them all to mind.\nMay the graces of the great\ngoddesses who shaped Hyrule bear\nyou on your way.\nI really, REALLY need to get it, so \nkeep your eyes peeled!\nThere are  two  more  Fused\nShadows ... Let's get a move on and\nfind them both!\n Hurry! We need to head to the\n Eldin Province  to the  east !\n\n\n\n\n\n\n\n\n\n\n\n\n\n\n\n\n\n\n Alter pitch  Howl\nSomething's happened...\nIf you want to cross Kakariko\nGorge, we need to find something\nto span it...\nWe need to get back to Faron\nWoods and look for something we\ncan use.\nEnough already. Quiet down and\nlook for the  light spirit   Eldin ...\n\n\n\n\n\n\n\n\n\n\n\n\n\n\nYou make sure to get that last\n Fused Shadow , now!\nEee hee! See you later! \nMy name is  Lanayru .\nYour efforts have at last restored\neach of us  light spirits  in Hyrule.\nO hero chosen by the gods...\nThe  dark power  that you seek...\nIt waits in a temple set in the bed\nof  Lake Hylia .\n...But before seeking it, you must\nnow bear witness to something...\nand never forget it.\nYou must know that it was the will\nof the goddesses that we lock away\nthe  forbidden power ...\nWhen all was chaos, the goddesses\ndescended and gave order and life\nto the world. \nThey granted power equally to all\nwho dwelt in the light, and then\nreturned to the heavens. \nThe lands where the goddesses\ndescended came to be known as\nthe Sacred Realm. \nFor ages, the people lived at ease,\ncontent in mind and body... \nBut soon, word of the Sacred Realm\nspread through Hyrule, and a great\n battle  ensued... \nAmong those living in the light,\n interlopers  who excelled at  magic \n\n\n---\n\nExtract glossary entries following the instructions. For each item include 'term', 'translation', and 'notes' (1-2 short Ukrainian sentences)."
  }
]
--- RESPONSE RECEIVED ---
```json
[
  {
    "term": "cellar",
    "translation": "підвал",
    "notes": "Підземне приміщення, вхід до якого відкривається після запалення всіх свічок. Використовується як укриття."
  },
  {
    "term": "Fused Shadow",
    "translation": "Злита Тінь",
    "notes": "Артефакт темної сили, який потрібно знайти. Всього їх три."
  },
  {
    "term": "Eldin",
    "translation": "Елдін",
    "notes": "Один із духів світла Хайрулу, що охороняє певні землі."
  },
  {
    "term": "light spirit",
    "translation": "дух світла",
    "notes": "Духовна істота, що охороняє землі Хайрулу від темряви."
  },
  {
    "term": "Hyrule",
    "translation": "Хайрул",
    "notes": "Назва королівства, де відбуваються події гри."
  },
  {
    "term": "dark power",
    "translation": "темна сила",
    "notes": "Заборонена сила, яку шукає герой у священних місцях."
  },
  {
    "term": "sacred grounds",
    "translation": "священні землі",
    "notes": "Святі місця гірських мешканців, осквернені темрявою."
  },
  {
    "term": "mountain dwellers",
    "translation": "гірські мешканці",
    "notes": "Племя горонів, що живе в горах."
  },
  {
    "term": "Renado",
    "translation": "Ренадо",
    "notes": "Шаман села, батько Луди."
  },
  {
    "term": "Luda",
    "translation": "Луда",
    "notes": "Дочка Ренадо."
  },
  {
    "term": "Ordon",
    "translation": "Ордон",
    "notes": "Провінція Ордона, звідки родом герой та діти."
  },
  {
    "term": "Goron",
    "translation": "горон",
    "notes": "Представник гірського племені, що раптово змінило ставлення до людей."
  },
  {
    "term": "mines",
    "translation": "шахти",
    "notes": "Копальні горонів, куди вони не пускають людей."
  },
  {
    "term": "Faron Woods",
    "translation": "Ліси Фарон",
    "notes": "Лісова локація, де знаходиться храм."
  },
  {
    "term": "temple",
    "translation": "храм",
    "notes": "Священне місце в глибині лісу або на дні озера."
  },
  {
    "term": "spirit",
    "translation": "дух",
    "notes": "Духовна істота, що може давати поради герою."
  },
  {
    "term": "Lanayru",
    "translation": "Ланайру",
    "notes": "Дух світла, що охороняє певні землі Хайрулу."
  },
  {
    "term": "Eldin Province",
    "translation": "Провінція Елдін",
    "notes": "Східна провінція, яку охороняє дух Елдін."
  },
  {
    "term": "Kakariko Gorge",
    "translation": "Ущелина Какаріко",
    "notes": "Ущелина, яку потрібно перетнути."
  },
  {
    "term": "Lake Hylia",
    "translation": "Озеро Хілія",
    "notes": "Озеро, на дні якого знаходиться храм з темною силою."
  },
  {
    "term": "Sacred Realm",
    "translation": "Священне Царство",
    "notes": "Землі, де зійшли богині та дарували порядок світу."
  },
  {
    "term": "goddesses",
    "translation": "богині",
    "notes": "Божества, що створили порядок у світі та замкнули заборонену силу."
  },
  {
    "term": "interlopers",
    "translation": "чужинці",
    "notes": "Ті, хто жив у світлі та володів магією, спричинивши велику битву."
  },
  {
    "term": "Ilia",
    "translation": "Ілія",
    "notes": "Дівчина з Ордона, яку викрали монстри окремо від інших дітей."
  },
  {
    "term": "Beth",
    "translation": "Бет",
    "notes": "Одна з дітей, врятованих героєм."
  },
  {
    "term": "Barnes",
    "translation": "Барнс",
    "notes": "Ім'я персонажа, згадане в діалозі."
  }
]
```
============================================================

==================== 2026-05-22 20:36:46.912 ====================
Task Type: build_glossary
--- MESSAGES SENT ---
[
  {
    "role": "system",
    "content": "You are a linguistic assistant creating a glossary for a video game translation from English to Ukrainian. Analyze the provided text chunk and identify key terms: proper names, locations, items, recurring phrases, and unique concepts. Return them as a JSON array of objects. Each object must include the keys 'term' (original English term), 'translation' (Ukrainian translation), and 'notes' (a short Ukrainian description of what the term means or how it is used). Do not add any extra text outside of the JSON array."
  },
  {
    "role": "user",
    "content": "Here is the text chunk to analyze:\n\n---\n\nappeared. \nWielding powerful  sorcery , they\ntried to establish dominion over\nthe Sacred Realm. \nIt was then that the goddesses\nordered us three  light spirits  to\nintervene. \nWe sealed away the  great magic\n those individuals had mastered. \nYou know this  magic ... \nIt is the dark power you seek...\nthe  Fused Shadow . \nO hero chosen by the goddesses...\nBeware... \nThose who do not know the danger\nof wielding  power  will, before long,\nbe  ruled  by it. \nNever forget that... \nYou have a bark, right? Then you\nshould also have a bite! ATTACK!\nIf you don't help the spirit, we\nwon't have a chance of finding that\nFused Shadow.\nHey, don't think for a second that I\ncare about your world of light...\nI don't! I'm helping you because I\nhave to! You remember that!\nThe  dark power  is in the  sacred\nland  of the proud  mountain people .\n ...At least, I THINK that's what the\nspirit said.\nThe place you need to go...\n You know where that is, right?\nHey...  The light spirit is waiting \nfor you.\n\nThat is a Zora child! This is beyond\nmy expertise! Hmmmph!\nDoctor, wait! If something isn't\ndone, this child will...\nWell, this isn't good. A human\ndoctor won't do, huh...\nThat old coot reminded me,\nthough... I've heard of a  shaman  in\n Kakariko Village , in the Eldin lands,\nwho's tended Gorons and Zoras.\nIs that true? Perhaps if we take him\nthere...\nInadvisable! Too dangerous!\n\n\n\nBut we can't turn a blind eye to a\npretty girl in need, either.\n\n\nYes, we'd better escort you!\nAm I right, boys?!\n Well, isn't that nice.\nTo reach  Kakariko , we've got to\ncross two plains that are each\ninfested by  dangerous beasts .\n\nBut we'll be safe now!\n\nCowards! Don't EVER show your\nfaces here again!\nOh my!\nLooks like we've got one young\nswordsman left!\nAnd not only that, but it looks like\nthis brave young man will escort us,\nso get ready to go, honey. Pronto!\nYou know that girl, don't you?\nIt's a real shame... She can't even\nremember her own name right now.\nBless her heart...\nShe found this poor boy collapsed\nin the road, so she did all she\ncould to save him.\nMore courage in that girl than in all\nthe soldiers of Hyrule, for sure!\nYou lend your strength to her,\nyou hear me?\n So you say the bridge to the east\nhas been destroyed, huh? Then our\nonly option is to  cross the bridge\nto the west .\nYou see what that means?\nYou'll have to deal with that thing!\nTh-Thank you so much for this.\nUm, if you don't mind me asking,\nwhat's your name?\n... ?!\nI will never in all my life forget your\nkindness,  .\nLittle lady, I think you'd best save\nyour thanks until we're safe in\n Kakariko ...\nThis swordsman of ours has great\neyes, honey. They're proud and\nwild...like a feral beast.\nWe need a beast right now, to keep\nthe true ones at bay. If we make it\nto  Kakariko  safely, we'll just thank\nhim then, OK?\nHurry up and listen to what it has\nto say!\nSounds like a Fused Shadow is\nsomewhere up that mountain...\nso all we can do is climb!\nI don't know what that Goron's\nproblem is, but you'd better come\nup with a way to get up that\nmountain...and quick!\n...WHAT?! What are you talking to\nme for? You have to help that kid!\n Ugh...   Look, hurry up so you can get\nback to finding more Fused\nShadows for me!\nThat HAS to be the treasure that\nthe spirits entrusted to the\nGorons...\nWhat in the world are you doing?!\nHurry up and find the Goron mines!\nThe person you're looking for is in \n Lanayru Province , right?  Well, good\nfor you.\nHead to the  twilight that has fallen\nnorth  of Kakariko Village.\nThe  Fused Shadow  should be there\ntoo, so don't forget!\nUgh! Where can that last Fused\nShadow be?\n\n...He has passed through the worst\nof it. As long as he rests, he should\nrecover in due time.\nDo you know the fate of his\nmother?\nHer welfare consumes him. He has\nbeen mumbling deliriously about\nher almost constantly...\n...I can see the knowledge grieves\nyou. It must be an awful memory.\nI'll stay with him until he's better!\nNo matter how long it takes!\nIs that so? Thank you, Colin.\nHey,  , about Ilia...\nIs it true, what they said about\nher?\nYes, she has lost her memory,\nColin, and regaining it will be no\nsimple task.\nBut it will be all right, child.\n\nYou learned the    !\nForget the     and\nlearn a new smell? \n Yes \n No\n\nBut it won't fit in your wallet\nnow, so let's put it back.\nBut it won't fit in your wallet\nnow, so let's put it back.\nBut it won't fit in your wallet\nnow, so let's put it back.\nBut it won't fit in your wallet\nnow, so let's put it back.\n\n\n\n\n\n\n\n\n\n\n\n\n\n\n\n\n\n\n\n\n\n\n\n\n\n\n\n\n\n\n\n\n\n\n\n\n\n\n\n\n\n\n\n\n\n\n\n\n\n\n\n\n\n\n\n\n\n\n\n\n\n\n\n\n\nSkills\nIf we just give her some time, I am\ncertain that Ilia will find her heart\nagain.\nSo, Colin, I'd like to ask you to\nstay in this village until then.\nIt is our turn to show the courage\nthat you have already displayed.\nNice to see there's still hope here.\nAnd it's always good to see happy\nresults repay your efforts...\nThose skills of yours... Any chance\nyou're of the mind to put them to\nuse for Hyrule?\nWhat hope there is in our kingdom\nis frail and dying...but there's still\na group trying to do what it can.\nAnd I'm a member of that group.\nCall me  Telma .\nI may just stay here a bit longer.\nI'm still worried about Ilia, and...\nWell, never mind about the rest.\n , I want to see you\nagain at my bar, you hear me?\nThe bar is actually a kind of safe\nhouse for my friends. There's a\n passageway that leads to the castle \nfrom in there, as well.\nIf you ever need anything, stop by.\nI'll be waiting for you, honey!\n... ... H-Hurry...\nHurry...to...Zelda...\nThe  Master Sword  is deep within\nFaron Woods, in the  Sacred Grove .\nGet that sword and let's undo the\ncurse that Zant put on you!\nI don't even know where the  Mirror of\nTwilight  is...\nBut we might find a clue in the bustle\nof  Castle Town ...\nThe  mirror shards  lie in  deep mountain\nsnows , within an  ancient wood , and\nsomewhere in the  sky ...\nHurry up and collect all the shards \nso we can return the mirror to its\noriginal state!\n\nWait... That should have revived the\nspirit...\n...Oh no!\nZant! \nDid you honestly mean to take an\nancient and withered power like\nthis and turn it against me?\nYou are a foolish traitor, Midna.\nWhy do you defy your king?\nI'll use my power to take you to \nthe location of the open  portal ...\n Pick where you want to go.\nWhen most people enter the\ntwilight, they can't come out this\neasily. Y\n\n---\n\nExtract glossary entries following the instructions. For each item include 'term', 'translation', and 'notes' (1-2 short Ukrainian sentences)."
  }
]
============================================================

==================== 2026-05-22 20:37:30.526 ====================
Task Type: build_glossary
--- MESSAGES SENT ---
[
  {
    "role": "system",
    "content": "You are a linguistic assistant creating a glossary for a video game translation from English to Ukrainian. Analyze the provided text chunk and identify key terms: proper names, locations, items, recurring phrases, and unique concepts. Return them as a JSON array of objects. Each object must include the keys 'term' (original English term), 'translation' (Ukrainian translation), and 'notes' (a short Ukrainian description of what the term means or how it is used). Do not add any extra text outside of the JSON array."
  },
  {
    "role": "user",
    "content": "Here is the text chunk to analyze:\n\n---\n\nappeared. \nWielding powerful  sorcery , they\ntried to establish dominion over\nthe Sacred Realm. \nIt was then that the goddesses\nordered us three  light spirits  to\nintervene. \nWe sealed away the  great magic\n those individuals had mastered. \nYou know this  magic ... \nIt is the dark power you seek...\nthe  Fused Shadow . \nO hero chosen by the goddesses...\nBeware... \nThose who do not know the danger\nof wielding  power  will, before long,\nbe  ruled  by it. \nNever forget that... \nYou have a bark, right? Then you\nshould also have a bite! ATTACK!\nIf you don't help the spirit, we\nwon't have a chance of finding that\nFused Shadow.\nHey, don't think for a second that I\ncare about your world of light...\nI don't! I'm helping you because I\nhave to! You remember that!\nThe  dark power  is in the  sacred\nland  of the proud  mountain people .\n ...At least, I THINK that's what the\nspirit said.\nThe place you need to go...\n You know where that is, right?\nHey...  The light spirit is waiting \nfor you.\n\nThat is a Zora child! This is beyond\nmy expertise! Hmmmph!\nDoctor, wait! If something isn't\ndone, this child will...\nWell, this isn't good. A human\ndoctor won't do, huh...\nThat old coot reminded me,\nthough... I've heard of a  shaman  in\n Kakariko Village , in the Eldin lands,\nwho's tended Gorons and Zoras.\nIs that true? Perhaps if we take him\nthere...\nInadvisable! Too dangerous!\n\n\n\nBut we can't turn a blind eye to a\npretty girl in need, either.\n\n\nYes, we'd better escort you!\nAm I right, boys?!\n Well, isn't that nice.\nTo reach  Kakariko , we've got to\ncross two plains that are each\ninfested by  dangerous beasts .\n\nBut we'll be safe now!\n\nCowards! Don't EVER show your\nfaces here again!\nOh my!\nLooks like we've got one young\nswordsman left!\nAnd not only that, but it looks like\nthis brave young man will escort us,\nso get ready to go, honey. Pronto!\nYou know that girl, don't you?\nIt's a real shame... She can't even\nremember her own name right now.\nBless her heart...\nShe found this poor boy collapsed\nin the road, so she did all she\ncould to save him.\nMore courage in that girl than in all\nthe soldiers of Hyrule, for sure!\nYou lend your strength to her,\nyou hear me?\n So you say the bridge to the east\nhas been destroyed, huh? Then our\nonly option is to  cross the bridge\nto the west .\nYou see what that means?\nYou'll have to deal with that thing!\nTh-Thank you so much for this.\nUm, if you don't mind me asking,\nwhat's your name?\n... ?!\nI will never in all my life forget your\nkindness,  .\nLittle lady, I think you'd best save\nyour thanks until we're safe in\n Kakariko ...\nThis swordsman of ours has great\neyes, honey. They're proud and\nwild...like a feral beast.\nWe need a beast right now, to keep\nthe true ones at bay. If we make it\nto  Kakariko  safely, we'll just thank\nhim then, OK?\nHurry up and listen to what it has\nto say!\nSounds like a Fused Shadow is\nsomewhere up that mountain...\nso all we can do is climb!\nI don't know what that Goron's\nproblem is, but you'd better come\nup with a way to get up that\nmountain...and quick!\n...WHAT?! What are you talking to\nme for? You have to help that kid!\n Ugh...   Look, hurry up so you can get\nback to finding more Fused\nShadows for me!\nThat HAS to be the treasure that\nthe spirits entrusted to the\nGorons...\nWhat in the world are you doing?!\nHurry up and find the Goron mines!\nThe person you're looking for is in \n Lanayru Province , right?  Well, good\nfor you.\nHead to the  twilight that has fallen\nnorth  of Kakariko Village.\nThe  Fused Shadow  should be there\ntoo, so don't forget!\nUgh! Where can that last Fused\nShadow be?\n\n...He has passed through the worst\nof it. As long as he rests, he should\nrecover in due time.\nDo you know the fate of his\nmother?\nHer welfare consumes him. He has\nbeen mumbling deliriously about\nher almost constantly...\n...I can see the knowledge grieves\nyou. It must be an awful memory.\nI'll stay with him until he's better!\nNo matter how long it takes!\nIs that so? Thank you, Colin.\nHey,  , about Ilia...\nIs it true, what they said about\nher?\nYes, she has lost her memory,\nColin, and regaining it will be no\nsimple task.\nBut it will be all right, child.\n\nYou learned the    !\nForget the     and\nlearn a new smell? \n Yes \n No\n\nBut it won't fit in your wallet\nnow, so let's put it back.\nBut it won't fit in your wallet\nnow, so let's put it back.\nBut it won't fit in your wallet\nnow, so let's put it back.\nBut it won't fit in your wallet\nnow, so let's put it back.\n\n\n\n\n\n\n\n\n\n\n\n\n\n\n\n\n\n\n\n\n\n\n\n\n\n\n\n\n\n\n\n\n\n\n\n\n\n\n\n\n\n\n\n\n\n\n\n\n\n\n\n\n\n\n\n\n\n\n\n\n\n\n\n\n\nSkills\nIf we just give her some time, I am\ncertain that Ilia will find her heart\nagain.\nSo, Colin, I'd like to ask you to\nstay in this village until then.\nIt is our turn to show the courage\nthat you have already displayed.\nNice to see there's still hope here.\nAnd it's always good to see happy\nresults repay your efforts...\nThose skills of yours... Any chance\nyou're of the mind to put them to\nuse for Hyrule?\nWhat hope there is in our kingdom\nis frail and dying...but there's still\na group trying to do what it can.\nAnd I'm a member of that group.\nCall me  Telma .\nI may just stay here a bit longer.\nI'm still worried about Ilia, and...\nWell, never mind about the rest.\n , I want to see you\nagain at my bar, you hear me?\nThe bar is actually a kind of safe\nhouse for my friends. There's a\n passageway that leads to the castle \nfrom in there, as well.\nIf you ever need anything, stop by.\nI'll be waiting for you, honey!\n... ... H-Hurry...\nHurry...to...Zelda...\nThe  Master Sword  is deep within\nFaron Woods, in the  Sacred Grove .\nGet that sword and let's undo the\ncurse that Zant put on you!\nI don't even know where the  Mirror of\nTwilight  is...\nBut we might find a clue in the bustle\nof  Castle Town ...\nThe  mirror shards  lie in  deep mountain\nsnows , within an  ancient wood , and\nsomewhere in the  sky ...\nHurry up and collect all the shards \nso we can return the mirror to its\noriginal state!\n\nWait... That should have revived the\nspirit...\n...Oh no!\nZant! \nDid you honestly mean to take an\nancient and withered power like\nthis and turn it against me?\nYou are a foolish traitor, Midna.\nWhy do you defy your king?\nI'll use my power to take you to \nthe location of the open  portal ...\n Pick where you want to go.\nWhen most people enter the\ntwilight, they can't come out this\neasily. Y\n\n---\n\nExtract glossary entries following the instructions. For each item include 'term', 'translation', and 'notes' (1-2 short Ukrainian sentences)."
  }
]
--- RESPONSE RECEIVED ---
```json
[
  {
    "term": "sorcery",
    "translation": "чаклунство",
    "notes": "Потужна магія, якою володіли ті, хто намагався захопити Священне Царство."
  },
  {
    "term": "Sacred Realm",
    "translation": "Священне Царство",
    "notes": "Святе місце, над яким намагалися встановити панування володарі темної магії."
  },
  {
    "term": "light spirits",
    "translation": "духи світла",
    "notes": "Три духи, яких богині наказали втрутитися та запечатати темну магію."
  },
  {
    "term": "Fused Shadow",
    "translation": "Злита Тінь",
    "notes": "Темна сила, запечатана духами світла. Артефакт великої магічної могутності."
  },
  {
    "term": "dark power",
    "translation": "темна сила",
    "notes": "Небезпечна магія, втілена у Злитій Тіні."
  },
  {
    "term": "shaman",
    "translation": "шаман",
    "notes": "Цілитель у селі Какаріко, який лікує ґоронів та зора."
  },
  {
    "term": "Kakariko Village",
    "translation": "село Какаріко",
    "notes": "Поселення в землях Елдін, де живе шаман-цілитель."
  },
  {
    "term": "Eldin",
    "translation": "Елдін",
    "notes": "Регіон, де розташоване село Какаріко."
  },
  {
    "term": "Gorons",
    "translation": "ґорони",
    "notes": "Гірський народ, якому духи довірили скарб."
  },
  {
    "term": "Zoras",
    "translation": "зора",
    "notes": "Водний народ. У тексті згадується дитина зора, яка потребує лікування."
  },
  {
    "term": "dangerous beasts",
    "translation": "небезпечні звірі",
    "notes": "Загроза на рівнинах по дорозі до Какаріко."
  },
  {
    "term": "Hyrule",
    "translation": "Хайрул",
    "notes": "Королівство, в якому відбуваються події."
  },
  {
    "term": "Lanayru Province",
    "translation": "провінція Ланайру",
    "notes": "Регіон на північ від села Какаріко, вкритий сутінками."
  },
  {
    "term": "twilight",
    "translation": "сутінки",
    "notes": "Темна область, що поширилася на землі. Люди не можуть легко вийти з неї."
  },
  {
    "term": "Telma",
    "translation": "Тельма",
    "notes": "Власниця бару, який служить таємним притулком для групи опору."
  },
  {
    "term": "Master Sword",
    "translation": "Меч Майстра",
    "notes": "Легендарний меч у Священній Гаї в глибині лісу Фарон."
  },
  {
    "term": "Sacred Grove",
    "translation": "Священна Гай",
    "notes": "Місце в лісі Фарон, де знаходиться Меч Майстра."
  },
  {
    "term": "Faron Woods",
    "translation": "ліс Фарон",
    "notes": "Лісова місцевість, де розташована Священна Гай."
  },
  {
    "term": "Mirror of Twilight",
    "translation": "Дзеркало Сутінків",
    "notes": "Артефакт, розбитий на осколки, які треба зібрати."
  },
  {
    "term": "mirror shards",
    "translation": "осколки дзеркала",
    "notes": "Фрагменти Дзеркала Сутінків, розкидані в горах, лісі та небі."
  },
  {
    "term": "Castle Town",
    "translation": "Замкове Місто",
    "notes": "Жваве місто, де можна знайти підказки про Дзеркало Сутінків."
  },
  {
    "term": "Zant",
    "translation": "Зант",
    "notes": "Лиходій, який наклав прокляття. Називає себе королем."
  },
  {
    "term": "Midna",
    "translation": "Мідна",
    "notes": "Персонаж, якого Зант називає зрадницею."
  },
  {
    "term": "portal",
    "translation": "портал",
    "notes": "Прохід між світами або локаціями."
  },
  {
    "term": "Ilia",
    "translation": "Ілія",
    "notes": "Дівчина, яка втратила пам'ять після травматичних подій."
  },
  {
    "term": "Colin",
    "translation": "Колін",
    "notes": "Хлопчик, який одужує після поранення та турбується про свою матір."
  }
]
```
============================================================

==================== 2026-05-22 20:37:30.528 ====================
Task Type: build_glossary
--- MESSAGES SENT ---
[
  {
    "role": "system",
    "content": "You are a linguistic assistant creating a glossary for a video game translation from English to Ukrainian. Analyze the provided text chunk and identify key terms: proper names, locations, items, recurring phrases, and unique concepts. Return them as a JSON array of objects. Each object must include the keys 'term' (original English term), 'translation' (Ukrainian translation), and 'notes' (a short Ukrainian description of what the term means or how it is used). Do not add any extra text outside of the JSON array."
  },
  {
    "role": "user",
    "content": "Here is the text chunk to analyze:\n\n---\n\nou'd better be grateful!\nYou can't warp from this province\nuntil you find a new portal!\n\nYou can't right now... That guy's\nwatching us...\nWhat are you doing?  Pick which \none you want!\nNo!  This isn't the right place!\n Get serious!  Do it over!\nHey!  Are you  doing that on\npurpose to make me mad?!\nAre you trying to drive me crazy,\nbringing me to a place like this?!\n Give me a break!\nLooks like the path's impassable...\n but I can get you up it if you want\nto go.\nWhat do you want to do? I'll help\nyou if you want to go.\nHey...  Look...\nThe Faron Woods that you know\nso well... They're now covered in\n twilight .\nYou might not be able to come\nback here, but...  Do you still want\nto go? \n Yes\n No\nIt really doesn't matter to me\nwhat you do...\nThe only thing that'll happen if you\njust stand here is the steady\nspread of twilight...    Eee hee!\nWant me to let you into the\ntwilight? \n Yes\n No\nYou changed your mind?\nThat won't work!  Give it up!\nDid you hear me?  You can't return\nto the world of light that easily!\n ... ...\nIf you want to go into twilight...\ncrawl under...the bridge...\n...I should tell you... You can enter\nthe Twilight Realm...even without\nmy help...\nI'm sorry...\nIf you transform here, it would\nscare someone! You don't want to\ndo that, do you?\nNo! No! Someone will see you!\nTransform where there's no one\naround.\nHuh? What is it? \n Warp\n Talk to Midna\n Transform into wolf\n Warp\n Talk to Midna\nMy KING? You, who do nothing\nbut abuse the magic of your tribe?\nYou must be joking!\nHow dare you?! Are you implying\nthat my power is...our  old magic ?\nNow THAT is a joke!\nThis power is granted to me by  my\ngod ! It is the magic of the King of\nTwilight, and you WILL respect it! \nMy Midna... Did you forget? That\nbeast is one of the light dwellers\nwho oppressed our people.\nNo matter how much you may\ndesire otherwise, you will never be\nmore than a shadow in their world.\nYou cannot consort with their kind!\nBut if we can make their world\nours, Midna... light  and  darkness \nwill meet at last.\nOur tribe will take back their\nrealm...and sweet darkness will blot\nout this harsh light!\nAnd that, Midna, is why...\nI need you.\nNot just for me, but for all of our\npeople... Lend me your power.\nSo be it... I will return you to the\n light world  you covet!\n , hero chosen by the\ngoddesses...\nGo to the  princess  locked away in\nthe  castle .\nThat  princess  holds the key that\ncan unlock you from your shadow\nform...\nThere are two  mirror shards  left!\nThere should be one hidden in an\n ancient wood  and another somewhere\nin the  sky .\nHurry up and collect the last two\nshards so we can return the mirror\nto its original state!\nThere's one more mirror shard to\nfind...  Somehow, we have to get to\nthe  sky ...\nDoesn't someone know the spell \nthat will restore power to the\nDominion Rod?\nAll right! Up to the  sky  to find that \nlast mirror shard!\nYou've collected all the shards of\nthe Mirror of Twilight...\nNow,  , let's hurry!\nTo the  Mirror Chamber !\nZant is in the Twilight Realm!\nI want to help Zelda and the people\nof Hyrule... I truly do.\n\nMidna!\nPlease... Please tell me... How do\nwe break...the curse on this one?\nThis...is the one... You need him...\nto save your world!\nThat's why... Princess... Please...\nYou must help  ...\nWhat binds him is a different magic\nthan what transformed him when he\nfirst passed the curtain of twilight.\nIt is an  evil power .\nOur world is one of balance...\nJust as there is light to drive away\ndarkness, so, too, is there\nbenevolence to banish evil.\nHead for the  sacred grove  that lies\n deep  within the lands guarded by the\nspirit  Faron .\nThere you will find  the blade of\nevil's bane  that was crafted by\nthe wisdom of the ancient sages...\nthe  Master Sword .\nThe Master Sword is a sacred blade\nthat evil can never touch.\nEvil cloaks you like a dark veil...\nand that blade is the only thing\nthat can cleave it.\n ... Hero sent by the\ngoddesses...\nLike you, I have been granted\n special powers by the goddesses ...\nFine...  ... You can...\nYou can get to the woods...on your\nown, right?\nPrincess... I have one last\nrequest...\nCan you tell him...where to find the\n Mirror of Twilight ?\nMidna... I believe I understand now\njust who and what you are...\nDespite your mortal injuries, you\nact in our stead...\nThese dark times are the result of\nour deeds, yet it is you who have\nreaped the penalty.\nAccept this now, Midna. I pass it to\nyou...\nNo!  ! STOP HER! \nWe go back,  ! Back to\n Faron Woods !\nZelda... I've taken all that you had\nto give...though I did not want it.\nPlease,  ... Help me.\nHelp me defeat Zant!\nWe must save Princess Zelda,\n ! We must!\nTo Hyrule Castle!\nHurry, let's head to the  Eldin \nProvince  to the  west !\nThere should be a spirit whose\nlight was stolen somewhere in\nthese lands, too...\nYou know what to do, right? \nFirst we need to find the spirit or\nwe won't be able to return the\nlight to this land!\nThey said we can't get to the\nspirit's spring...  What's that\nsupposed to mean?\n\nThe sword accepted you as its\nmaster...\nThis thing is the embodiment of the\n evil magic  that Zant cast on you.\nIt's definitely different from  our\ntribe's shadow magic ...\nCareful... If you touch it, you'll turn\nback into a beast!\nThis thing is too dangerous...\nIt's probably for the best if we\njust leave it here, huh?\nBut on the other hand...if we  kept \n it , you'd be able to  transform  into\na  beast  anytime you wanted...\nYes, since Zant was kind enough\nto give this to us, we should be\nthankful and use it all we can!\nIf you need it, just  call me . I want\nto keep a low profile, so I'll hide in\nyour shadow when you're human,\nbut I can change you whenever.\nYou can be a  wolf  anytime you like!\nAlso, thanks to this thing, you can\nwarp whenever you want by\nswitching into wolf form...\nSTAFF CREDITS\n\nDIRECTOR\nEiji Aonuma\n\nSUB-DIRECTORS\nMakoto Miyanaga\nYoichi Yamada \nThe darkness has been in Kakariko\nVillage has been lifted.\nFlag  61  has been turned  ON.\nCarriage convoy game start\nFlag  66  has bee\n\n---\n\nExtract glossary entries following the instructions. For each item include 'term', 'translation', and 'notes' (1-2 short Ukrainian sentences)."
  }
]
============================================================

==================== 2026-05-22 20:38:02.381 ====================
Task Type: build_glossary
--- MESSAGES SENT ---
[
  {
    "role": "system",
    "content": "You are a linguistic assistant creating a glossary for a video game translation from English to Ukrainian. Analyze the provided text chunk and identify key terms: proper names, locations, items, recurring phrases, and unique concepts. Return them as a JSON array of objects. Each object must include the keys 'term' (original English term), 'translation' (Ukrainian translation), and 'notes' (a short Ukrainian description of what the term means or how it is used). Do not add any extra text outside of the JSON array."
  },
  {
    "role": "user",
    "content": "Here is the text chunk to analyze:\n\n---\n\nou'd better be grateful!\nYou can't warp from this province\nuntil you find a new portal!\n\nYou can't right now... That guy's\nwatching us...\nWhat are you doing?  Pick which \none you want!\nNo!  This isn't the right place!\n Get serious!  Do it over!\nHey!  Are you  doing that on\npurpose to make me mad?!\nAre you trying to drive me crazy,\nbringing me to a place like this?!\n Give me a break!\nLooks like the path's impassable...\n but I can get you up it if you want\nto go.\nWhat do you want to do? I'll help\nyou if you want to go.\nHey...  Look...\nThe Faron Woods that you know\nso well... They're now covered in\n twilight .\nYou might not be able to come\nback here, but...  Do you still want\nto go? \n Yes\n No\nIt really doesn't matter to me\nwhat you do...\nThe only thing that'll happen if you\njust stand here is the steady\nspread of twilight...    Eee hee!\nWant me to let you into the\ntwilight? \n Yes\n No\nYou changed your mind?\nThat won't work!  Give it up!\nDid you hear me?  You can't return\nto the world of light that easily!\n ... ...\nIf you want to go into twilight...\ncrawl under...the bridge...\n...I should tell you... You can enter\nthe Twilight Realm...even without\nmy help...\nI'm sorry...\nIf you transform here, it would\nscare someone! You don't want to\ndo that, do you?\nNo! No! Someone will see you!\nTransform where there's no one\naround.\nHuh? What is it? \n Warp\n Talk to Midna\n Transform into wolf\n Warp\n Talk to Midna\nMy KING? You, who do nothing\nbut abuse the magic of your tribe?\nYou must be joking!\nHow dare you?! Are you implying\nthat my power is...our  old magic ?\nNow THAT is a joke!\nThis power is granted to me by  my\ngod ! It is the magic of the King of\nTwilight, and you WILL respect it! \nMy Midna... Did you forget? That\nbeast is one of the light dwellers\nwho oppressed our people.\nNo matter how much you may\ndesire otherwise, you will never be\nmore than a shadow in their world.\nYou cannot consort with their kind!\nBut if we can make their world\nours, Midna... light  and  darkness \nwill meet at last.\nOur tribe will take back their\nrealm...and sweet darkness will blot\nout this harsh light!\nAnd that, Midna, is why...\nI need you.\nNot just for me, but for all of our\npeople... Lend me your power.\nSo be it... I will return you to the\n light world  you covet!\n , hero chosen by the\ngoddesses...\nGo to the  princess  locked away in\nthe  castle .\nThat  princess  holds the key that\ncan unlock you from your shadow\nform...\nThere are two  mirror shards  left!\nThere should be one hidden in an\n ancient wood  and another somewhere\nin the  sky .\nHurry up and collect the last two\nshards so we can return the mirror\nto its original state!\nThere's one more mirror shard to\nfind...  Somehow, we have to get to\nthe  sky ...\nDoesn't someone know the spell \nthat will restore power to the\nDominion Rod?\nAll right! Up to the  sky  to find that \nlast mirror shard!\nYou've collected all the shards of\nthe Mirror of Twilight...\nNow,  , let's hurry!\nTo the  Mirror Chamber !\nZant is in the Twilight Realm!\nI want to help Zelda and the people\nof Hyrule... I truly do.\n\nMidna!\nPlease... Please tell me... How do\nwe break...the curse on this one?\nThis...is the one... You need him...\nto save your world!\nThat's why... Princess... Please...\nYou must help  ...\nWhat binds him is a different magic\nthan what transformed him when he\nfirst passed the curtain of twilight.\nIt is an  evil power .\nOur world is one of balance...\nJust as there is light to drive away\ndarkness, so, too, is there\nbenevolence to banish evil.\nHead for the  sacred grove  that lies\n deep  within the lands guarded by the\nspirit  Faron .\nThere you will find  the blade of\nevil's bane  that was crafted by\nthe wisdom of the ancient sages...\nthe  Master Sword .\nThe Master Sword is a sacred blade\nthat evil can never touch.\nEvil cloaks you like a dark veil...\nand that blade is the only thing\nthat can cleave it.\n ... Hero sent by the\ngoddesses...\nLike you, I have been granted\n special powers by the goddesses ...\nFine...  ... You can...\nYou can get to the woods...on your\nown, right?\nPrincess... I have one last\nrequest...\nCan you tell him...where to find the\n Mirror of Twilight ?\nMidna... I believe I understand now\njust who and what you are...\nDespite your mortal injuries, you\nact in our stead...\nThese dark times are the result of\nour deeds, yet it is you who have\nreaped the penalty.\nAccept this now, Midna. I pass it to\nyou...\nNo!  ! STOP HER! \nWe go back,  ! Back to\n Faron Woods !\nZelda... I've taken all that you had\nto give...though I did not want it.\nPlease,  ... Help me.\nHelp me defeat Zant!\nWe must save Princess Zelda,\n ! We must!\nTo Hyrule Castle!\nHurry, let's head to the  Eldin \nProvince  to the  west !\nThere should be a spirit whose\nlight was stolen somewhere in\nthese lands, too...\nYou know what to do, right? \nFirst we need to find the spirit or\nwe won't be able to return the\nlight to this land!\nThey said we can't get to the\nspirit's spring...  What's that\nsupposed to mean?\n\nThe sword accepted you as its\nmaster...\nThis thing is the embodiment of the\n evil magic  that Zant cast on you.\nIt's definitely different from  our\ntribe's shadow magic ...\nCareful... If you touch it, you'll turn\nback into a beast!\nThis thing is too dangerous...\nIt's probably for the best if we\njust leave it here, huh?\nBut on the other hand...if we  kept \n it , you'd be able to  transform  into\na  beast  anytime you wanted...\nYes, since Zant was kind enough\nto give this to us, we should be\nthankful and use it all we can!\nIf you need it, just  call me . I want\nto keep a low profile, so I'll hide in\nyour shadow when you're human,\nbut I can change you whenever.\nYou can be a  wolf  anytime you like!\nAlso, thanks to this thing, you can\nwarp whenever you want by\nswitching into wolf form...\nSTAFF CREDITS\n\nDIRECTOR\nEiji Aonuma\n\nSUB-DIRECTORS\nMakoto Miyanaga\nYoichi Yamada \nThe darkness has been in Kakariko\nVillage has been lifted.\nFlag  61  has been turned  ON.\nCarriage convoy game start\nFlag  66  has bee\n\n---\n\nExtract glossary entries following the instructions. For each item include 'term', 'translation', and 'notes' (1-2 short Ukrainian sentences)."
  }
]
--- RESPONSE RECEIVED ---
```json
[
  {
    "term": "warp",
    "translation": "телепортація",
    "notes": "Здатність миттєво переміщуватися між локаціями. Доступна у формі вовка."
  },
  {
    "term": "portal",
    "translation": "портал",
    "notes": "Точка телепортації, яку потрібно знайти для активації варпу."
  },
  {
    "term": "province",
    "translation": "провінція",
    "notes": "Регіон або область на карті світу гри."
  },
  {
    "term": "Faron Woods",
    "translation": "Ліси Фарон",
    "notes": "Лісова локація, яку охороняє дух Фарон."
  },
  {
    "term": "twilight",
    "translation": "сутінки",
    "notes": "Темна магічна сила, що покриває землі. Альтернативний вимір темряви."
  },
  {
    "term": "Twilight Realm",
    "translation": "Сутінкове Царство",
    "notes": "Паралельний світ темряви, звідки походить Мідна."
  },
  {
    "term": "world of light",
    "translation": "світ світла",
    "notes": "Звичайний світ Хайрулу, протилежний Сутінковому Царству."
  },
  {
    "term": "light world",
    "translation": "світлий світ",
    "notes": "Те саме, що світ світла - звичайний вимір."
  },
  {
    "term": "Midna",
    "translation": "Мідна",
    "notes": "Персонаж-супутник з Сутінкового Царства, що допомагає герою."
  },
  {
    "term": "transform into wolf",
    "translation": "перетворитися на вовка",
    "notes": "Здатність головного героя змінювати форму на звіра."
  },
  {
    "term": "King of Twilight",
    "translation": "Король Сутінків",
    "notes": "Титул правителя Сутінкового Царства."
  },
  {
    "term": "light dwellers",
    "translation": "мешканці світла",
    "notes": "Жителі звичайного світу Хайрулу."
  },
  {
    "term": "princess",
    "translation": "принцеса",
    "notes": "Принцеса Зельда, правителька Хайрулу."
  },
  {
    "term": "castle",
    "translation": "замок",
    "notes": "Замок Хайрулу, де утримується принцеса."
  },
  {
    "term": "mirror shards",
    "translation": "уламки дзеркала",
    "notes": "Фрагменти Дзеркала Сутінків, які потрібно зібрати."
  },
  {
    "term": "ancient wood",
    "translation": "стародавній ліс",
    "notes": "Давня лісова локація, деховається уламок дзеркала."
  },
  {
    "term": "sky",
    "translation": "небо",
    "notes": "Небесна локація, де знаходиться один з уламків."
  },
  {
    "term": "Dominion Rod",
    "translation": "Жезл Влади",
    "notes": "Магічний артефакт, що потребує відновлення сили."
  },
  {
    "term": "Mirror of Twilight",
    "translation": "Дзеркало Сутінків",
    "notes": "Артефакт, що з'єднує світ світла та Сутінкове Царство."
  },
  {
    "term": "Mirror Chamber",
    "translation": "Дзеркальна Зала",
    "notes": "Місце, де знаходиться Дзеркало Сутінків."
  },
  {
    "term": "Zant",
    "translation": "Зант",
    "notes": "Головний антагоніст, узурпатор влади в Сутінковому Царстві."
  },
  {
    "term": "Hyrule",
    "translation": "Хайрул",
    "notes": "Назва королівства, де відбуваються події гри."
  },
  {
    "term": "curtain of twilight",
    "translation": "завіса сутінків",
    "notes": "Межа між світлом та сутінками, що перетворює на звіра."
  },
  {
    "term": "evil power",
    "translation": "зла сила",
    "notes": "Темна магія, відмінна від магії Сутінкового Царства."
  },
  {
    "term": "sacred grove",
    "translation": "священна гаща",
    "notes": "Таємне місце глибоко в лісах Фарон."
  },
  {
    "term": "Faron",
    "translation": "Фарон",
    "notes": "Дух-охоронець лісової провінції."
  },
  {
    "term": "blade of evil's bane",
    "translation": "клинок прокляття зла",
    "notes": "Опис Майстер Меча - зброї проти зла."
  },
  {
    "term": "Master Sword",
    "translation": "Майстер Меч",
    "notes": "Священний меч, створений мудрецями, що може розвіяти зло."
  },
  {
    "term": "ancient sages",
    "translation": "стародавні мудреці",
    "notes": "Давні мудреці, що створили Майстер Меч."
  },
  {
    "term": "goddesses",
    "translation": "богині",
    "notes": "Божества, що обрали героя та дарують силу."
  },
  {
    "term": "hero",
    "translation": "герой",
    "notes": "Головний персонаж, обраний богинями."
  },
  {
    "term": "Eldin Province",
    "translation": "Провінція Елдін",
    "notes": "Західний регіон Хайрулу."
  },
  {
    "term": "spirit",
    "translation": "дух",
    "notes": "Дух-охоронець провінції, чиє світло було вкрадене."
  },
  {
    "term": "spirit's spring",
    "translation": "джерело духа",
    "notes": "Священне місце, де перебуває дух-охоронець."
  },
  {
    "term": "shadow magic",
    "translation": "магія тіні",
    "notes": "Магія племені Сутінкового Царства."
  },
  {
    "term": "evil magic",
    "translation": "зла магія",
    "notes": "Темна магія Занта, відмінна від магії тіні."
  },
  {
    "term": "beast",
    "translation": "звір",
    "notes": "Форма вовка, в яку перетворюється герой."
  },
  {
    "term": "wolf",
    "translation": "вовк",
    "notes": "Звірина форма головного героя."
  },
  {
    "term": "Kakariko Village",
    "translation": "Село Какаріко",
    "notes": "Поселення в Хайрулі, що було покрите темрявою."
  },
  {
    "term": "Zelda",
    "translation": "Зельда",
    "notes": "Ім'я принцеси Хайрулу."
  },
  {
    "term": "Hyrule Castle",
    "translation": "Замок Хайрулу",
    "notes": "Головний замок королівства."
  }
]
```
============================================================

==================== 2026-05-22 20:38:02.383 ====================
Task Type: build_glossary
--- MESSAGES SENT ---
[
  {
    "role": "system",
    "content": "You are a linguistic assistant creating a glossary for a video game translation from English to Ukrainian. Analyze the provided text chunk and identify key terms: proper names, locations, items, recurring phrases, and unique concepts. Return them as a JSON array of objects. Each object must include the keys 'term' (original English term), 'translation' (Ukrainian translation), and 'notes' (a short Ukrainian description of what the term means or how it is used). Do not add any extra text outside of the JSON array."
  },
  {
    "role": "user",
    "content": "Here is the text chunk to analyze:\n\n---\n\nn turned  ON .\nLava fusion event temporary demo \n Please end the dark cargo (big) event \n(Event flag  84  = please turn it  ON)\nAfter seeing the lava fusion on Death Mountain\nFlag  65  has been turned  ON .\n(Condition: Even flag  84  has been turned  ON )\n \nSUB-DIRECTORS\nShinichi Ikematsu\nDaiji Imai\nKoji Kitagawa\nHiromasa Shikata\nKentaro Tominaga \nSCRIPT\nAya Kyogoku\nTakayuki Ikkaku \nLEVEL PLANNING\nRyutaro Kanno\nMinoru Narita\nYugo Hayashi\nKosuke Yabuki\nKosono Okina \nBOSS BATTLE PLANNING\nKenta Usui\n\nDATA MANAGEMENT\nShigeo Kimura\nHajime Nakamura \nPROGRAM DIRECTORS\nKazuaki Morita\nToshio Iwawaki \nMAIN PROGRAMMING\nMakoto Sasaki\n\nPLAYER PROGRAMMING\nHiroshi Umemiya \nUI SYSTEM PROGRAMMING\nNobuo Okajima\nAtsushi Sakaguchi\nShigeki Yoshida \nHey, but listen,  ...\nI've got a little favor to ask...\nWould you mind coming with me to\nfind something called the  Mirror of\nTwilight ? It's hidden somewhere\nin Hyrule...\nYes, the  Mirror of Twilight ...\nOur last potential link to Zant!\nWell, if there's a spirit in  Lake\nHylia , then we need to go there.\nAll right... I wonder where the\n spirit Eldin  could be?\n\nA  cursed mirror  that sends people\nto another realm... That sounds like\nthe  Mirror of Twilight .\n , hurry.\nIf you put on that armor the Zora\nqueen gave you, you should be able\nto dive even to the bottom of the\nlake with ease.\nI know it's been a lot of trouble,\nbut we've got the last Fused\nShadow almost in our grasp...\nWe're headed for  the underwater\ntemple  in  Lake Hylia ... so make sure\nyou're prepared!\n\nWait,  .\nBefore we go on, there's something\nI want you to hear.\n...Do you remember what the spirit\nsaid about the  Fused Shadows ?\nWhat do you think happened to\nthe magic wielders who tried to\nrule the Sacred Realm?\nThey were banished. They were\nchased across the sacred lands of\nHyrule and driven into another\nrealm by the goddesses.\nIt was another world entirely...\nThe antithesis of Hyrule, where the\nsun shines bright.\nIts denizens became  shadows  that\ncould not mingle with the light.\nEventually, most came to call it the\n Twilight Realm , and from it, none\ncould return to the world of light...\nThey were forever doomed to live in\nthe twilight, flitting in the half-light\nof dusk, mere shadows of Hyrule...\nThis is the history of the  Twili  as it\nhas been passed down from our\nancestors...\nDo you now understand what I am?\nI'm a  descendant  of the tribe that\nwas banished to the  Twilight Realm !\nIt was a peaceful place...until Zant\ntook control of the  Twilight Realm\n and transformed all of the Twili\ninto shadow beasts.\nIt's clear to me now that he\nsomehow gained a  great evil power \npreviously unknown to our tribe...\nIn any case, I was sent from there,\nand could no longer get into the\n Twilight Realm  without his power.\n...But there's another tale told by\nmy people.\nThough the goddesses forbade us\nto return to the world of light, they\nleft one  link  between the  light  and\nthe  darkness .\nSomething called the  Mirror of\nTwilight  was passed to the\nprotectors of Hyrule...\nIt's our only path to the  Twilight\nRealm ...and we must get there!\nYou'll come with me...won't you?\nWhat's going on around here?!\n I don't understand...\nI think the spirit's spring should be\naround here somewhere. Let's look\naround some more...\nWhy don't you start by looking\naround here?\n\n\nIt sure does seem like something\nstrange is going on in this lake...\nAll you have to do is find the  dark\ninsects  and reclaim all the Tears of\nLight, right?\n Use the map to find the locations\nof the bugs. It's so simple!\n That just leaves using your   \nsenses  and attacking!  Hurry up and\nstart looking!\nIf you don't help the light spirits,\nthis world will forever be covered\nin twilight as it is now.\n\nSome call our realm a  world of\nshadows , but that makes it sound\nunpleasant...\nThe twilight there holds a serene\nbeauty... You have seen it yourself\nas the sun sets on this world.\nBathed in that light, all people were\npure and gentle...\nBut things changed once that  foul\npower  pervaded the world...\nIt was all our doing...\nWe overestimated our abilities as\nsages and attempted to put an end\nto Ganondorf's evil magic...\nI hope you can find it in yourself\nto forgive our carelessness...\n O  Twilight Princess .\nWhat? So...you knew?\nAs a ruler who fled her people, I'm\nhardly qualified to forgive you.\nIn our world, we've long believed\nthat the Hero would appear as a\n divine beast .\nThat's why when I found you,\nI thought I could use you,\n .\nAnd I only cared about returning\nour world to normal...\nI didn't care what happened to the\nworld of light, not at all.\nBut after witnessing the selfless\nlengths that Princess Zelda and you\nhave gone to... Your sacrifices...\nI now know, in the bottom of my\nheart, that I must save this world,\ntoo. There is no other way.\nIf we can just defeat Zant, the\ncurse on me will dissolve, and we\nmay be able to revive Zelda.\nLet's go,  ! For Zelda!\nFor all of this world!\n\n\nA dark entity lurks in the twilight...\nIt houses an evil power...\nYou who are guided by fate...\nYou who possess the crest of the\ngoddesses... Hear us.\nAt the command of the goddesses,\nwe sages have guarded the  Mirror\nof Twilight  since ancient times.\nYou seek it...but the  Mirror of\nTwilight  has been fragmented by\n mighty magic .\nThat magic is a  dark  power that\nonly  he  possesses...\nHis name is...\n Ganondorf .\nHe was the leader of a band of\nthieves who invaded Hyrule in the\nhopes of establishing dominion\nover the Sacred Realm. \nHe was known as a demon thief, an\nevil-magic wielder renowned for\nhis ruthlessness... \nBut he was blind... \nIn all of his fury and might, he was\nblind to any danger, and thus was\nhe exposed, subdued, and brought\nto justice. \nYet... \nBy some divine prank, he, too,\nhad been blessed with the  chosen\npower of the gods . \nHis abiding hatred and lust for\npower turned to purest malice...\nPerhaps that  evil power  has been\npassed on to Zant...\nYou're just now figuring out where\nZant got his power? It's far too\nlate...\nOnly the {escap\n\n---\n\nExtract glossary entries following the instructions. For each item include 'term', 'translation', and 'notes' (1-2 short Ukrainian sentences)."
  }
]
============================================================

==================== 2026-05-22 20:38:33.662 ====================
Task Type: build_glossary
--- MESSAGES SENT ---
[
  {
    "role": "system",
    "content": "You are a linguistic assistant creating a glossary for a video game translation from English to Ukrainian. Analyze the provided text chunk and identify key terms: proper names, locations, items, recurring phrases, and unique concepts. Return them as a JSON array of objects. Each object must include the keys 'term' (original English term), 'translation' (Ukrainian translation), and 'notes' (a short Ukrainian description of what the term means or how it is used). Do not add any extra text outside of the JSON array."
  },
  {
    "role": "user",
    "content": "Here is the text chunk to analyze:\n\n---\n\nn turned  ON .\nLava fusion event temporary demo \n Please end the dark cargo (big) event \n(Event flag  84  = please turn it  ON)\nAfter seeing the lava fusion on Death Mountain\nFlag  65  has been turned  ON .\n(Condition: Even flag  84  has been turned  ON )\n \nSUB-DIRECTORS\nShinichi Ikematsu\nDaiji Imai\nKoji Kitagawa\nHiromasa Shikata\nKentaro Tominaga \nSCRIPT\nAya Kyogoku\nTakayuki Ikkaku \nLEVEL PLANNING\nRyutaro Kanno\nMinoru Narita\nYugo Hayashi\nKosuke Yabuki\nKosono Okina \nBOSS BATTLE PLANNING\nKenta Usui\n\nDATA MANAGEMENT\nShigeo Kimura\nHajime Nakamura \nPROGRAM DIRECTORS\nKazuaki Morita\nToshio Iwawaki \nMAIN PROGRAMMING\nMakoto Sasaki\n\nPLAYER PROGRAMMING\nHiroshi Umemiya \nUI SYSTEM PROGRAMMING\nNobuo Okajima\nAtsushi Sakaguchi\nShigeki Yoshida \nHey, but listen,  ...\nI've got a little favor to ask...\nWould you mind coming with me to\nfind something called the  Mirror of\nTwilight ? It's hidden somewhere\nin Hyrule...\nYes, the  Mirror of Twilight ...\nOur last potential link to Zant!\nWell, if there's a spirit in  Lake\nHylia , then we need to go there.\nAll right... I wonder where the\n spirit Eldin  could be?\n\nA  cursed mirror  that sends people\nto another realm... That sounds like\nthe  Mirror of Twilight .\n , hurry.\nIf you put on that armor the Zora\nqueen gave you, you should be able\nto dive even to the bottom of the\nlake with ease.\nI know it's been a lot of trouble,\nbut we've got the last Fused\nShadow almost in our grasp...\nWe're headed for  the underwater\ntemple  in  Lake Hylia ... so make sure\nyou're prepared!\n\nWait,  .\nBefore we go on, there's something\nI want you to hear.\n...Do you remember what the spirit\nsaid about the  Fused Shadows ?\nWhat do you think happened to\nthe magic wielders who tried to\nrule the Sacred Realm?\nThey were banished. They were\nchased across the sacred lands of\nHyrule and driven into another\nrealm by the goddesses.\nIt was another world entirely...\nThe antithesis of Hyrule, where the\nsun shines bright.\nIts denizens became  shadows  that\ncould not mingle with the light.\nEventually, most came to call it the\n Twilight Realm , and from it, none\ncould return to the world of light...\nThey were forever doomed to live in\nthe twilight, flitting in the half-light\nof dusk, mere shadows of Hyrule...\nThis is the history of the  Twili  as it\nhas been passed down from our\nancestors...\nDo you now understand what I am?\nI'm a  descendant  of the tribe that\nwas banished to the  Twilight Realm !\nIt was a peaceful place...until Zant\ntook control of the  Twilight Realm\n and transformed all of the Twili\ninto shadow beasts.\nIt's clear to me now that he\nsomehow gained a  great evil power \npreviously unknown to our tribe...\nIn any case, I was sent from there,\nand could no longer get into the\n Twilight Realm  without his power.\n...But there's another tale told by\nmy people.\nThough the goddesses forbade us\nto return to the world of light, they\nleft one  link  between the  light  and\nthe  darkness .\nSomething called the  Mirror of\nTwilight  was passed to the\nprotectors of Hyrule...\nIt's our only path to the  Twilight\nRealm ...and we must get there!\nYou'll come with me...won't you?\nWhat's going on around here?!\n I don't understand...\nI think the spirit's spring should be\naround here somewhere. Let's look\naround some more...\nWhy don't you start by looking\naround here?\n\n\nIt sure does seem like something\nstrange is going on in this lake...\nAll you have to do is find the  dark\ninsects  and reclaim all the Tears of\nLight, right?\n Use the map to find the locations\nof the bugs. It's so simple!\n That just leaves using your   \nsenses  and attacking!  Hurry up and\nstart looking!\nIf you don't help the light spirits,\nthis world will forever be covered\nin twilight as it is now.\n\nSome call our realm a  world of\nshadows , but that makes it sound\nunpleasant...\nThe twilight there holds a serene\nbeauty... You have seen it yourself\nas the sun sets on this world.\nBathed in that light, all people were\npure and gentle...\nBut things changed once that  foul\npower  pervaded the world...\nIt was all our doing...\nWe overestimated our abilities as\nsages and attempted to put an end\nto Ganondorf's evil magic...\nI hope you can find it in yourself\nto forgive our carelessness...\n O  Twilight Princess .\nWhat? So...you knew?\nAs a ruler who fled her people, I'm\nhardly qualified to forgive you.\nIn our world, we've long believed\nthat the Hero would appear as a\n divine beast .\nThat's why when I found you,\nI thought I could use you,\n .\nAnd I only cared about returning\nour world to normal...\nI didn't care what happened to the\nworld of light, not at all.\nBut after witnessing the selfless\nlengths that Princess Zelda and you\nhave gone to... Your sacrifices...\nI now know, in the bottom of my\nheart, that I must save this world,\ntoo. There is no other way.\nIf we can just defeat Zant, the\ncurse on me will dissolve, and we\nmay be able to revive Zelda.\nLet's go,  ! For Zelda!\nFor all of this world!\n\n\nA dark entity lurks in the twilight...\nIt houses an evil power...\nYou who are guided by fate...\nYou who possess the crest of the\ngoddesses... Hear us.\nAt the command of the goddesses,\nwe sages have guarded the  Mirror\nof Twilight  since ancient times.\nYou seek it...but the  Mirror of\nTwilight  has been fragmented by\n mighty magic .\nThat magic is a  dark  power that\nonly  he  possesses...\nHis name is...\n Ganondorf .\nHe was the leader of a band of\nthieves who invaded Hyrule in the\nhopes of establishing dominion\nover the Sacred Realm. \nHe was known as a demon thief, an\nevil-magic wielder renowned for\nhis ruthlessness... \nBut he was blind... \nIn all of his fury and might, he was\nblind to any danger, and thus was\nhe exposed, subdued, and brought\nto justice. \nYet... \nBy some divine prank, he, too,\nhad been blessed with the  chosen\npower of the gods . \nHis abiding hatred and lust for\npower turned to purest malice...\nPerhaps that  evil power  has been\npassed on to Zant...\nYou're just now figuring out where\nZant got his power? It's far too\nlate...\nOnly the {escap\n\n---\n\nExtract glossary entries following the instructions. For each item include 'term', 'translation', and 'notes' (1-2 short Ukrainian sentences)."
  }
]
--- RESPONSE RECEIVED ---
```json
[
  {
    "term": "Lava fusion event",
    "translation": "Подія злиття лави",
    "notes": "Тимчасова демонстраційна подія, пов'язана з Гірою Смерті."
  },
  {
    "term": "Death Mountain",
    "translation": "Гора Смерті",
    "notes": "Назва локації у грі, вулканічна гора."
  },
  {
    "term": "Mirror of Twilight",
    "translation": "Дзеркало Сутінків",
    "notes": "Артефакт, що з'єднує світ світла та Сутінкове Царство."
  },
  {
    "term": "Hyrule",
    "translation": "Хайрул",
    "notes": "Назва основного королівства, де відбувається дія гри."
  },
  {
    "term": "Lake Hylia",
    "translation": "Озеро Хайлія",
    "notes": "Велике озеро в Хайрулі з підводним храмом."
  },
  {
    "term": "spirit Eldin",
    "translation": "дух Елдін",
    "notes": "Один із духів-охоронців Хайрулу."
  },
  {
    "term": "Fused Shadows",
    "translation": "Злиті Тіні",
    "notes": "Могутні магічні артефакти темної сили."
  },
  {
    "term": "Sacred Realm",
    "translation": "Священне Царство",
    "notes": "Святе місце, яким намагалися заволодіти чаклуни."
  },
  {
    "term": "Twilight Realm",
    "translation": "Сутінкове Царство",
    "notes": "Інший світ, куди богині вигнали темних чаклунів."
  },
  {
    "term": "Twili",
    "translation": "Твілі",
    "notes": "Народ, що був вигнаний до Сутінкового Царства."
  },
  {
    "term": "Zant",
    "translation": "Зант",
    "notes": "Головний антагоніст, що захопив владу в Сутінковому Царстві."
  },
  {
    "term": "shadow beasts",
    "translation": "тіньові звірі",
    "notes": "Перетворені Твілі, що стали монстрами."
  },
  {
    "term": "Twilight Princess",
    "translation": "Сутінкова Принцеса",
    "notes": "Титул правительки Сутінкового Царства."
  },
  {
    "term": "dark insects",
    "translation": "темні комахи",
    "notes": "Вороги, яких потрібно знищити для збору Сліз Світла."
  },
  {
    "term": "Tears of Light",
    "translation": "Сльози Світла",
    "notes": "Предмети, які потрібно зібрати для очищення регіону від сутінків."
  },
  {
    "term": "Ganondorf",
    "translation": "Ґанондорф",
    "notes": "Лідер злодіїв, що володіє темною силою богів."
  },
  {
    "term": "divine beast",
    "translation": "божественний звір",
    "notes": "Форма, в якій Герой з'являється у Сутінковому Царстві."
  },
  {
    "term": "Princess Zelda",
    "translation": "Принцеса Зельда",
    "notes": "Правителька Хайрулу, що потребує порятунку."
  },
  {
    "term": "sages",
    "translation": "мудреці",
    "notes": "Охоронці Дзеркала Сутінків, що служать богиням."
  },
  {
    "term": "chosen power of the gods",
    "translation": "обрана сила богів",
    "notes": "Божественна сила, якою був благословлений Ґанондорф."
  }
]
```
============================================================

==================== 2026-05-22 20:38:33.664 ====================
Task Type: build_glossary
--- MESSAGES SENT ---
[
  {
    "role": "system",
    "content": "You are a linguistic assistant creating a glossary for a video game translation from English to Ukrainian. Analyze the provided text chunk and identify key terms: proper names, locations, items, recurring phrases, and unique concepts. Return them as a JSON array of objects. Each object must include the keys 'term' (original English term), 'translation' (Ukrainian translation), and 'notes' (a short Ukrainian description of what the term means or how it is used). Do not add any extra text outside of the JSON array."
  },
  {
    "role": "user",
    "content": "Here is the text chunk to analyze:\n\n---\n\ne:255:000001}true leader  of the  Twili \ncan utterly destroy the  Mirror of\nTwilight ...so Zant could merely\nbreak it into pieces.\nOnce broken by magic, the  Mirror\nof Twilight  became  fragments ,\nwhich even now lie  hidden across\nthe land of Hyrule .\nOne is in the  snowy mountain\nheights ...\nOne is in an  ancient grove ...\nAnd one is in  the heavens ...\nYou who have been sent by the\ngoddesses... You should be able to\ngather the  three  pieces...\nBut you must be prepared, for a\ndangerous power resides in those\n fragments ...\nYou'd better fill the Vessel of Light\nwith all of the tears or there's no\ntelling what will happen...   Eee hee!\nNow just use your    senses  and\nattack!  Hurry!\nSo that must mean that we can't\nget to the spirit's spring because\nLake Hylia's dried up, right?\nHmm... First, we'd better do\nsomething about Lake Hylia...\nOh no...  Do I have to hold your\nhand through this?\nAmazing...  There isn't even a drop\nof water in the river...\n\nZant.\nIsn't this ironic? Here we are, all\nthanks to the dark magic curse you\nplaced on  !\nYou speak of magic? Still your\ntongue for a moment, whelp, and I\nwill tell you of both magic and\nthe oppression of ages...\nThe people of our tribe...a tribe\nthat mastered the arts of magic...\nwere locked away in this world like\ninsects in a cage.\nIn the shadows we regressed,\nso much so that we soon knew\nneither anger nor hatred...nor even\nthe faintest bloom of desire.\nAnd all of it was the fault of a\nuseless,  do-nothing royal family \nthat had resigned itself to this\nmiserable  half-existence !\nI had served and endured in that\ndepraved household for far too\nlong, my impudent princess.\nAnd why, you ask? Because I\nbelieved I would be the next to rule\nour people! THAT is why!\nBut would they acknowledge me as\ntheir king? No! And as such, I was\ndenied the  magic powers befitting\nour ruler .\nIt was then, in the thrall of hatred\nand despair, that I turned my eyes\nto the heavens...and found a  god .\nI shall house my power in you... \nIf there is anything you desire,\nthen I shall desire it, too. \n My god  had only one wish... \nTo merge shadow and light...and\nmake  darkness ! \nWe should reach the water source if\nwe stay on this path, right? Right.\nSo let's hurry!\nWho'd have thought that Zora's\nDomain was covered in ice...\nOh no...   I can't believe what we've\ngotten ourselves into.\nUse   and   to check your map\nand find the locations of the bugs.\nIt's so simple!\n\n\nY-You...TRAITORS!\nTraitors, ha! You want to know why\nnone would call you king? It was\nyour eyes, Zant.\n\nAll saw it, a lust for power burning\nin your pupils... Did you think we'd\nforget our ancestors lost their king\nto such greed?\nMidna... Foolish  Twilight Princess ...\nThe  curse  on you cannot be\n broken ...\nIt was placed on you by the magic\nof  my god ! The  power  you held as\n leader of the Twili  will never return!\nAlready he has descended and\nbeen  reborn  in this world...\n\n\nAs long as my master,  Ganon ,\nsurvives, he will resurrect me\nwithout cease!\nI... I used just a fraction of the\npower that's in me now...\nI did THAT using only a fraction\nof my ancestors' magic?!\n ! Now is the time!\nWe must save Zelda!\nThe  evil power  Zant was wielding...\nI couldn't take it from him. But at\nleast I still have the  magic  of my\nancestors...\nWith it, I can return the  cherished\npower  Zelda bestowed upon me...\nNow! Let's go! Princess Zelda is\nwaiting!\n\n\nThis is not a time for idle chitchat!\nHurry up and get it done!\n ! Pay attention!\nThat's your town, right?  Don't ask\nme, you should know in your heart!\nIf you want to save the\ntownspeople, you must go back\ninto the twilight!\nIt's your town, isn't it?! Don't you\nhave some idea of where a  sword\n might be?!\nTake advantage of the way you\nlook! Rather than ask me, why\ndon't you try asking the  animals ?!\n\nWelcome to my castle.\nSo you're...Ganondorf.\nI've been dying to meet you.\nYour people have long amused me,\nMidna. To defy the gods with such\npetty magic, only to be cast aside...\nHow very pathetic.\nPathetic as they were, though, they\nserved me well. Their anguish was\nmy nourishment.\nTheir hatred bled across the void\nand awakened me. I drew deep of\nit and grew strong again.\nYour people had some skill, to be\nsure...but they lacked true power.\nThe kind of  absolute power  that\nthose chosen by the gods wield.\nHe who wields such power would\nmake a suitable king for this world,\ndon't you think?\nHa! Such conceit!\nBut if you are one of the chosen\nwielders of power, as you claim...\nI will risk everything to deny you!\nI will risk everything to deny you!\nShadow has been moved by light,\nit seems...\n...How amusing.\nVery well... Deny me, then!\nYes, try to deny me... You and your\nlittle friend...\nBoth of you, faithless fools who\nwould dare to take up arms against\nthe king of light and shadow...\nI don't know where the  Mirror of\nTwilight  is, but it should be\nsomewhere in Hyrule.\nI want you to help me find the\nmirror, our only connection to\nZant...\n\nYou listening? Look for a  sword\n and  shield  that'll suit me. Got it?\nSounds like there should be a\nshield at the house with the \nwaterwheel.  Sneak in there and\ntake it, will you?\nThe location of the  shield ... \n You know where it is, right?\nGo back to the house with the\nwaterwheel and get it!\nSounds like the  sword  that was\nsupposed to be an offering to\nHyrule was left on top of the sofa...\nThe people around here are so\nnice!  I think we can just take it!\nIf you want to save the\ntownspeople, you should return to\nthe twilight!\nThe  forest  where you were\ntransformed into what you are\nnow...  You know where it is, right?\n\nPr- Princess...  I...  I... \nSay nothing, Midna...\nYour heart and mine were as one,\nhowever briefly...\nSuch suffering you have endured...\n Spirits of the light ! Wielders of the\ngreat power that shines far and\nwide upon the lands of our world... \nIn my hour of need, grant me the\nlight to  banish evil ! \n ...\nChosen hero!\nLend us the last of your power!\nAll right... Now where's that\n shield ?\nHey, come on, why don't you \nhurry up and grab that  shield{escape:255:00000\n\n---\n\nExtract glossary entries following the instructions. For each item include 'term', 'translation', and 'notes' (1-2 short Ukrainian sentences)."
  }
]
============================================================

==================== 2026-05-22 20:38:56.141 ====================
Task Type: build_glossary
--- MESSAGES SENT ---
[
  {
    "role": "system",
    "content": "You are a linguistic assistant creating a glossary for a video game translation from English to Ukrainian. Analyze the provided text chunk and identify key terms: proper names, locations, items, recurring phrases, and unique concepts. Return them as a JSON array of objects. Each object must include the keys 'term' (original English term), 'translation' (Ukrainian translation), and 'notes' (a short Ukrainian description of what the term means or how it is used). Do not add any extra text outside of the JSON array."
  },
  {
    "role": "user",
    "content": "Here is the text chunk to analyze:\n\n---\n\ne:255:000001}true leader  of the  Twili \ncan utterly destroy the  Mirror of\nTwilight ...so Zant could merely\nbreak it into pieces.\nOnce broken by magic, the  Mirror\nof Twilight  became  fragments ,\nwhich even now lie  hidden across\nthe land of Hyrule .\nOne is in the  snowy mountain\nheights ...\nOne is in an  ancient grove ...\nAnd one is in  the heavens ...\nYou who have been sent by the\ngoddesses... You should be able to\ngather the  three  pieces...\nBut you must be prepared, for a\ndangerous power resides in those\n fragments ...\nYou'd better fill the Vessel of Light\nwith all of the tears or there's no\ntelling what will happen...   Eee hee!\nNow just use your    senses  and\nattack!  Hurry!\nSo that must mean that we can't\nget to the spirit's spring because\nLake Hylia's dried up, right?\nHmm... First, we'd better do\nsomething about Lake Hylia...\nOh no...  Do I have to hold your\nhand through this?\nAmazing...  There isn't even a drop\nof water in the river...\n\nZant.\nIsn't this ironic? Here we are, all\nthanks to the dark magic curse you\nplaced on  !\nYou speak of magic? Still your\ntongue for a moment, whelp, and I\nwill tell you of both magic and\nthe oppression of ages...\nThe people of our tribe...a tribe\nthat mastered the arts of magic...\nwere locked away in this world like\ninsects in a cage.\nIn the shadows we regressed,\nso much so that we soon knew\nneither anger nor hatred...nor even\nthe faintest bloom of desire.\nAnd all of it was the fault of a\nuseless,  do-nothing royal family \nthat had resigned itself to this\nmiserable  half-existence !\nI had served and endured in that\ndepraved household for far too\nlong, my impudent princess.\nAnd why, you ask? Because I\nbelieved I would be the next to rule\nour people! THAT is why!\nBut would they acknowledge me as\ntheir king? No! And as such, I was\ndenied the  magic powers befitting\nour ruler .\nIt was then, in the thrall of hatred\nand despair, that I turned my eyes\nto the heavens...and found a  god .\nI shall house my power in you... \nIf there is anything you desire,\nthen I shall desire it, too. \n My god  had only one wish... \nTo merge shadow and light...and\nmake  darkness ! \nWe should reach the water source if\nwe stay on this path, right? Right.\nSo let's hurry!\nWho'd have thought that Zora's\nDomain was covered in ice...\nOh no...   I can't believe what we've\ngotten ourselves into.\nUse   and   to check your map\nand find the locations of the bugs.\nIt's so simple!\n\n\nY-You...TRAITORS!\nTraitors, ha! You want to know why\nnone would call you king? It was\nyour eyes, Zant.\n\nAll saw it, a lust for power burning\nin your pupils... Did you think we'd\nforget our ancestors lost their king\nto such greed?\nMidna... Foolish  Twilight Princess ...\nThe  curse  on you cannot be\n broken ...\nIt was placed on you by the magic\nof  my god ! The  power  you held as\n leader of the Twili  will never return!\nAlready he has descended and\nbeen  reborn  in this world...\n\n\nAs long as my master,  Ganon ,\nsurvives, he will resurrect me\nwithout cease!\nI... I used just a fraction of the\npower that's in me now...\nI did THAT using only a fraction\nof my ancestors' magic?!\n ! Now is the time!\nWe must save Zelda!\nThe  evil power  Zant was wielding...\nI couldn't take it from him. But at\nleast I still have the  magic  of my\nancestors...\nWith it, I can return the  cherished\npower  Zelda bestowed upon me...\nNow! Let's go! Princess Zelda is\nwaiting!\n\n\nThis is not a time for idle chitchat!\nHurry up and get it done!\n ! Pay attention!\nThat's your town, right?  Don't ask\nme, you should know in your heart!\nIf you want to save the\ntownspeople, you must go back\ninto the twilight!\nIt's your town, isn't it?! Don't you\nhave some idea of where a  sword\n might be?!\nTake advantage of the way you\nlook! Rather than ask me, why\ndon't you try asking the  animals ?!\n\nWelcome to my castle.\nSo you're...Ganondorf.\nI've been dying to meet you.\nYour people have long amused me,\nMidna. To defy the gods with such\npetty magic, only to be cast aside...\nHow very pathetic.\nPathetic as they were, though, they\nserved me well. Their anguish was\nmy nourishment.\nTheir hatred bled across the void\nand awakened me. I drew deep of\nit and grew strong again.\nYour people had some skill, to be\nsure...but they lacked true power.\nThe kind of  absolute power  that\nthose chosen by the gods wield.\nHe who wields such power would\nmake a suitable king for this world,\ndon't you think?\nHa! Such conceit!\nBut if you are one of the chosen\nwielders of power, as you claim...\nI will risk everything to deny you!\nI will risk everything to deny you!\nShadow has been moved by light,\nit seems...\n...How amusing.\nVery well... Deny me, then!\nYes, try to deny me... You and your\nlittle friend...\nBoth of you, faithless fools who\nwould dare to take up arms against\nthe king of light and shadow...\nI don't know where the  Mirror of\nTwilight  is, but it should be\nsomewhere in Hyrule.\nI want you to help me find the\nmirror, our only connection to\nZant...\n\nYou listening? Look for a  sword\n and  shield  that'll suit me. Got it?\nSounds like there should be a\nshield at the house with the \nwaterwheel.  Sneak in there and\ntake it, will you?\nThe location of the  shield ... \n You know where it is, right?\nGo back to the house with the\nwaterwheel and get it!\nSounds like the  sword  that was\nsupposed to be an offering to\nHyrule was left on top of the sofa...\nThe people around here are so\nnice!  I think we can just take it!\nIf you want to save the\ntownspeople, you should return to\nthe twilight!\nThe  forest  where you were\ntransformed into what you are\nnow...  You know where it is, right?\n\nPr- Princess...  I...  I... \nSay nothing, Midna...\nYour heart and mine were as one,\nhowever briefly...\nSuch suffering you have endured...\n Spirits of the light ! Wielders of the\ngreat power that shines far and\nwide upon the lands of our world... \nIn my hour of need, grant me the\nlight to  banish evil ! \n ...\nChosen hero!\nLend us the last of your power!\nAll right... Now where's that\n shield ?\nHey, come on, why don't you \nhurry up and grab that  shield{escape:255:00000\n\n---\n\nExtract glossary entries following the instructions. For each item include 'term', 'translation', and 'notes' (1-2 short Ukrainian sentences)."
  }
]
--- RESPONSE RECEIVED ---
```json
[
  {
    "term": "Twili",
    "translation": "Твілі",
    "notes": "Назва народу, що живе у світі сутінків. Це магічна раса, яку боги заслали у тіньовий світ."
  },
  {
    "term": "Mirror of Twilight",
    "translation": "Дзеркало Сутінків",
    "notes": "Магічний артефакт, що з'єднує світ світла зі світом сутінків. Може бути знищене лише справжнім лідером Твілі."
  },
  {
    "term": "Zant",
    "translation": "Зант",
    "notes": "Антагоніст, узурпатор влади Твілі. Використовує темну магію свого бога для завоювання."
  },
  {
    "term": "Hyrule",
    "translation": "Хайрул",
    "notes": "Назва королівства, головна локація гри."
  },
  {
    "term": "fragments",
    "translation": "уламки",
    "notes": "Частини розбитого Дзеркала Сутінків, розкидані по Хайрулу."
  },
  {
    "term": "Vessel of Light",
    "translation": "Посудина Світла",
    "notes": "Магічний предмет, який потрібно наповнити сльозами світла."
  },
  {
    "term": "Lake Hylia",
    "translation": "Озеро Хілія",
    "notes": "Велике озеро в Хайрулі, яке пересохло через прокляття."
  },
  {
    "term": "Zora's Domain",
    "translation": "Володіння Зора",
    "notes": "Територія народу Зора, покрита льодом."
  },
  {
    "term": "Twilight Princess",
    "translation": "Принцеса Сутінків",
    "notes": "Титул Мідни, справжньої правительки народу Твілі."
  },
  {
    "term": "Midna",
    "translation": "Мідна",
    "notes": "Принцеса Сутінків, союзниця головного героя."
  },
  {
    "term": "curse",
    "translation": "прокляття",
    "notes": "Темна магія, накладена на Мідну богом Занта."
  },
  {
    "term": "Ganon",
    "translation": "Ганон",
    "notes": "Головний антагоніст, бог темряви, який керує Зантом."
  },
  {
    "term": "Ganondorf",
    "translation": "Ганондорф",
    "notes": "Людська форма Ганона, король світла і тіні."
  },
  {
    "term": "Zelda",
    "translation": "Зельда",
    "notes": "Принцеса Хайрулу, яку потрібно врятувати."
  },
  {
    "term": "evil power",
    "translation": "темна сила",
    "notes": "Магічна сила, яку використовує Зант."
  },
  {
    "term": "magic",
    "translation": "магія",
    "notes": "Надприродна сила, якою володіють Твілі та інші персонажі."
  },
  {
    "term": "leader of the Twili",
    "translation": "лідер Твілі",
    "notes": "Титул правителя народу Твілі, який володіє особливою магією."
  },
  {
    "term": "absolute power",
    "translation": "абсолютна влада",
    "notes": "Найвища форма сили, дарована богами обраним героям."
  },
  {
    "term": "sword",
    "translation": "меч",
    "notes": "Зброя ближнього бою, необхідна для битви."
  },
  {
    "term": "shield",
    "translation": "щит",
    "notes": "Захисний предмет, який можна знайти в будинку з водяним колесом."
  },
  {
    "term": "twilight",
    "translation": "сутінки",
    "notes": "Тіньовий світ, куди герой потрапляє і де трансформується."
  },
  {
    "term": "Spirits of the light",
    "translation": "Духи світла",
    "notes": "Божественні сутності, що володіють силою світла і допомагають герою."
  },
  {
    "term": "chosen hero",
    "translation": "обраний герой",
    "notes": "Головний персонаж, посланий богинями для порятунку світу."
  },
  {
    "term": "king of light and shadow",
    "translation": "король світла і тіні",
    "notes": "Титул, який присвоює собі Ганондорф."
  }
]
```
============================================================

==================== 2026-05-22 20:38:56.144 ====================
Task Type: build_glossary
--- MESSAGES SENT ---
[
  {
    "role": "system",
    "content": "You are a linguistic assistant creating a glossary for a video game translation from English to Ukrainian. Analyze the provided text chunk and identify key terms: proper names, locations, items, recurring phrases, and unique concepts. Return them as a JSON array of objects. Each object must include the keys 'term' (original English term), 'translation' (Ukrainian translation), and 'notes' (a short Ukrainian description of what the term means or how it is used). Do not add any extra text outside of the JSON array."
  },
  {
    "role": "user",
    "content": "Here is the text chunk to analyze:\n\n---\n\n0}!\nReady? So... The thing that I'm\nlooking for is located in the  temple\n in  Faron Woods .\nQuit lollygagging around here and\nhurry up and look for it!\nAll right, so next we have to look\nfor the sword!\nNow that we've seen it, it's not like\nwe can ignore what's happening in\nZora's Domain.\nUnless we can melt the ice, the\nwater will never be restored to\nLake Hylia.\nWe have to think of a way to melt\nthe ice...\nWe took the long route, but it's \nalmost time to meet the spirit...\nAll right, hurry! Let's go meet the\nspirit of Lake Hylia!\n\nWhen the chosen ones appear...\nThey are always born into this\nworld in perfect balance.\nThat is the destiny of the chosen.\nThat is the fate decreed by your\ngods, the only path for those who\nbear their crests. \nWhen this world brings forth\nanother marked as you are...\nKnow too, that it shall also be\nvisited by one of my blood.\nDo not think this ends here...\nThe history of light and shadow will\nbe written in blood!\nThe Lanayru province is vast, so \nfinding dark bugs in it is a task in\nitself...\n\nUse a portal or that bird that you\ncall near the reed whistles and get\nit done!\n\nWhat? Say something! \nAm I so beautiful that you've no\nwords left? \nWell...I guess this is farewell, huh?\n\n\n\nLight and shadow can't mix, as we\nall know.\n\n\nBut...\n\n\n\nNever forget that there's another\nworld bound to this one.\nShadow and light are two sides of\nthe same coin...\nOne cannot exist without the other.\nI know now the reason the\ngoddesses left the Mirror of\nTwilight in this world...\n\nThey left it because it was their\ndesign that we should meet.\nYes... That is what I believe.\nZelda... Your words are kind, and\nyour heart is true.\nIf all in Hyrule are like you...\nThen maybe you'll do all right.\nThank you...\n\n\n\nWell, the princess spoke truly:\nas long as that mirror's around,\nwe could meet again...\n ... \nI... \nSee you later... \n\n\n\n\n\nI think it's just a matter of time\nbefore light shines on the twilight \nin Lanayru Province.\nHurry! Go get that last Tear of\nLight!\nAll right...  This is the real thing!\n Hurry up and find the last Fused \nShadow!\nI guess it's in the  Lakebed Temple\n of Lake Hylia but... can you swim?\nTo get your hands on the last\nFused Shadow, you have to dive to\nthe bottom of Lake Hylia.\nWell then, why don't you save the\nprince of the Zoras just as the\nZora queen asked?\nThe Zoras are usually the\nprotectors of Lakebed Temple, so\nI think they should help us...\n ! The Mirror of\nTwilight is so close... Let's hurry!\nWho knew that a place like this\nexisted within Faron Woods...\nSounds like the wind...  Do you\nhear something,   ?\n\n\nITEMS\nMAP\nBACK\nPoint the Wii Remote at the screen.\n\n\n\n\n\n\n ... , listen to me.\n You can probably repel those energy\norbs with light from the Twilight\nRealm...\n , your sword has that\npower now...\n\n\n\n\n\n\n\n\n\n\n\n\n\n\n\n\n\n\n\n\n\n\n\n\n\n\n\n\n\n\n\n\n\n\n\n\n\n\n\n\n\n\n\n\n\n\n\n\n\n\n\n\n\n\n\n\n\n\n\n\n\n\n\n\n\n\n\n\n\n\n\n\n\n\n\n\n\n\n\n\n\n\nMost people who enter the\ntwilight can't get out so easily,\nso you'd better be grateful!\nWithin Twilight\n\n Transform into human\n Warp\n Talk to Midna\nWhat is it,  ? \nGive it up!  If you were to go\nsomewhere else now, you wouldn't\nbe able to warp back here!\nIf you want to warp from here, you\nhave to find a portal in this area\nfirst!\nWow, the water's gotten cold...\nNo,  ! The darkness is\ntoo powerful in fog like this.\nRemain in wolf form!\nYour shield burned up...\nLet teachings of old pass to you...\nTake sword in hand and find me...\nNo! Stop! If you change now,\nyou'll only cause more of an\nuproar...\n\n\n\n\n\n\n\n\n\n\n\n\n\n\n\n\n\n\n\n\n\n\n\n\n\n\n\n\n\n\n You got the  Ancient Sky Book ! \n A book written in the ancient\nSky language. A word in it\nseems to be missing letters...\nSet it to   in the   screen and \nshow it to people with  .\nSet it to   and you won't have\nto swap it with  .\n\n The  Ancient Sky Book  is filled\nwith the missing characters! \n It's a clue to finding a path to\nthe sky.\nSet it to   in the   screen and\npress   to show it to people.\nSet it to   and you won't have\nto swap it with  .\n  Ooccoo  is now with you! \n She's a faithful partner who will\nwarp you to the shop of the\nCity in the Sky.\nOn the   screen, set her to  \nand call her with  . If you set\nher to  , you can use her\nwithout having to swap  .\n\n\n\n\n\n\n\n\n\n\n\n\n\n\n\n\n\n\n\n\n\n\n\n\n\n\n\n\n\n\n\n\n\n\n\n\n\n\n\n\n\n\n\n\n\n\n\n\n\n\n\n\n\n\n\n\n\n\n\n\n\n\n\n\n\n\n\n\n\n\n\nThe bomb bag you borrowed from Iza.\n Lift one with   and place it with   or  .\n Use it while running to throw.\n With the  Hero's Bow  equipped, combine\n it on the Items screen with   to create\n  bomb arrows .\n\n\n\n\n\n\n\n\n\n\n\n\n\n\n\n\n\n\n\n\n\nA reliable ally that will refill  hearts  when\nyour life energy is depleted. \n You can set it to and use it with   to\n restore  8 hearts .\n It won't revive you from drowning.\n\n\n\n\n\n\nA friend you made in your travels.\n\n Call her with   and she will get you\n out of a dungeon at any time.\n If you set her to  , you can use her\n without having to swap out  .\n\nOoccoo's one and only son.\n\n Set him to   and call him with   and\n he'll take you right to Ooccoo.\n If you set him to  , you can call him \n without having to swap out  .\nRusl crafted this fine sword.\nIt is inlaid with Ordon goat horns.\nSwing with   or sheathe with  .\nThe blade of evil's bane. Those\nwith evil hearts cannot touch it.\nSwing with   and sheathe with  .\nA traditional Ordon shield.\nDefend against attacks with  .\nKeep it away from fire!\nA popular wooden shield.\nDefend against attacks with  .\nKeep it away from fire!\nA shield with a Hylian crest.\nDefend against attacks with  .\nIt's metal and will never burn.\n\n\n\n\n\n\nA friend you met on your travels.\n\n Call her with   and she will get you\n out of a dungeon at any time.\n If you set her to  , you can use her\n without having to swap out  .\n\n\n\n\n\n\n\n\n\n\nA scope that zooms in on distant objects.\n Use it with   to peer at things.\n If you set it to  , then you can use it\n without having to swap out  .\n Combine it with the  Hero's Bow  on the\n Items screen by pressing  .\n 's beloved wooden sword.\nUse it by swinging  .\nAn enchanted boomerang containing the\nFairy of Winds.\n Set to and use with   to suck up almost\n anything with gale force.\n Press   while holding   to acquire u\n\n---\n\nExtract glossary entries following the instructions. For each item include 'term', 'translation', and 'notes' (1-2 short Ukrainian sentences)."
  }
]
============================================================

==================== 2026-05-22 20:39:16.643 ====================
Task Type: build_glossary
--- MESSAGES SENT ---
[
  {
    "role": "system",
    "content": "You are a linguistic assistant creating a glossary for a video game translation from English to Ukrainian. Analyze the provided text chunk and identify key terms: proper names, locations, items, recurring phrases, and unique concepts. Return them as a JSON array of objects. Each object must include the keys 'term' (original English term), 'translation' (Ukrainian translation), and 'notes' (a short Ukrainian description of what the term means or how it is used). Do not add any extra text outside of the JSON array."
  },
  {
    "role": "user",
    "content": "Here is the text chunk to analyze:\n\n---\n\n0}!\nReady? So... The thing that I'm\nlooking for is located in the  temple\n in  Faron Woods .\nQuit lollygagging around here and\nhurry up and look for it!\nAll right, so next we have to look\nfor the sword!\nNow that we've seen it, it's not like\nwe can ignore what's happening in\nZora's Domain.\nUnless we can melt the ice, the\nwater will never be restored to\nLake Hylia.\nWe have to think of a way to melt\nthe ice...\nWe took the long route, but it's \nalmost time to meet the spirit...\nAll right, hurry! Let's go meet the\nspirit of Lake Hylia!\n\nWhen the chosen ones appear...\nThey are always born into this\nworld in perfect balance.\nThat is the destiny of the chosen.\nThat is the fate decreed by your\ngods, the only path for those who\nbear their crests. \nWhen this world brings forth\nanother marked as you are...\nKnow too, that it shall also be\nvisited by one of my blood.\nDo not think this ends here...\nThe history of light and shadow will\nbe written in blood!\nThe Lanayru province is vast, so \nfinding dark bugs in it is a task in\nitself...\n\nUse a portal or that bird that you\ncall near the reed whistles and get\nit done!\n\nWhat? Say something! \nAm I so beautiful that you've no\nwords left? \nWell...I guess this is farewell, huh?\n\n\n\nLight and shadow can't mix, as we\nall know.\n\n\nBut...\n\n\n\nNever forget that there's another\nworld bound to this one.\nShadow and light are two sides of\nthe same coin...\nOne cannot exist without the other.\nI know now the reason the\ngoddesses left the Mirror of\nTwilight in this world...\n\nThey left it because it was their\ndesign that we should meet.\nYes... That is what I believe.\nZelda... Your words are kind, and\nyour heart is true.\nIf all in Hyrule are like you...\nThen maybe you'll do all right.\nThank you...\n\n\n\nWell, the princess spoke truly:\nas long as that mirror's around,\nwe could meet again...\n ... \nI... \nSee you later... \n\n\n\n\n\nI think it's just a matter of time\nbefore light shines on the twilight \nin Lanayru Province.\nHurry! Go get that last Tear of\nLight!\nAll right...  This is the real thing!\n Hurry up and find the last Fused \nShadow!\nI guess it's in the  Lakebed Temple\n of Lake Hylia but... can you swim?\nTo get your hands on the last\nFused Shadow, you have to dive to\nthe bottom of Lake Hylia.\nWell then, why don't you save the\nprince of the Zoras just as the\nZora queen asked?\nThe Zoras are usually the\nprotectors of Lakebed Temple, so\nI think they should help us...\n ! The Mirror of\nTwilight is so close... Let's hurry!\nWho knew that a place like this\nexisted within Faron Woods...\nSounds like the wind...  Do you\nhear something,   ?\n\n\nITEMS\nMAP\nBACK\nPoint the Wii Remote at the screen.\n\n\n\n\n\n\n ... , listen to me.\n You can probably repel those energy\norbs with light from the Twilight\nRealm...\n , your sword has that\npower now...\n\n\n\n\n\n\n\n\n\n\n\n\n\n\n\n\n\n\n\n\n\n\n\n\n\n\n\n\n\n\n\n\n\n\n\n\n\n\n\n\n\n\n\n\n\n\n\n\n\n\n\n\n\n\n\n\n\n\n\n\n\n\n\n\n\n\n\n\n\n\n\n\n\n\n\n\n\n\n\n\n\n\nMost people who enter the\ntwilight can't get out so easily,\nso you'd better be grateful!\nWithin Twilight\n\n Transform into human\n Warp\n Talk to Midna\nWhat is it,  ? \nGive it up!  If you were to go\nsomewhere else now, you wouldn't\nbe able to warp back here!\nIf you want to warp from here, you\nhave to find a portal in this area\nfirst!\nWow, the water's gotten cold...\nNo,  ! The darkness is\ntoo powerful in fog like this.\nRemain in wolf form!\nYour shield burned up...\nLet teachings of old pass to you...\nTake sword in hand and find me...\nNo! Stop! If you change now,\nyou'll only cause more of an\nuproar...\n\n\n\n\n\n\n\n\n\n\n\n\n\n\n\n\n\n\n\n\n\n\n\n\n\n\n\n\n\n\n You got the  Ancient Sky Book ! \n A book written in the ancient\nSky language. A word in it\nseems to be missing letters...\nSet it to   in the   screen and \nshow it to people with  .\nSet it to   and you won't have\nto swap it with  .\n\n The  Ancient Sky Book  is filled\nwith the missing characters! \n It's a clue to finding a path to\nthe sky.\nSet it to   in the   screen and\npress   to show it to people.\nSet it to   and you won't have\nto swap it with  .\n  Ooccoo  is now with you! \n She's a faithful partner who will\nwarp you to the shop of the\nCity in the Sky.\nOn the   screen, set her to  \nand call her with  . If you set\nher to  , you can use her\nwithout having to swap  .\n\n\n\n\n\n\n\n\n\n\n\n\n\n\n\n\n\n\n\n\n\n\n\n\n\n\n\n\n\n\n\n\n\n\n\n\n\n\n\n\n\n\n\n\n\n\n\n\n\n\n\n\n\n\n\n\n\n\n\n\n\n\n\n\n\n\n\n\n\n\n\nThe bomb bag you borrowed from Iza.\n Lift one with   and place it with   or  .\n Use it while running to throw.\n With the  Hero's Bow  equipped, combine\n it on the Items screen with   to create\n  bomb arrows .\n\n\n\n\n\n\n\n\n\n\n\n\n\n\n\n\n\n\n\n\n\nA reliable ally that will refill  hearts  when\nyour life energy is depleted. \n You can set it to and use it with   to\n restore  8 hearts .\n It won't revive you from drowning.\n\n\n\n\n\n\nA friend you made in your travels.\n\n Call her with   and she will get you\n out of a dungeon at any time.\n If you set her to  , you can use her\n without having to swap out  .\n\nOoccoo's one and only son.\n\n Set him to   and call him with   and\n he'll take you right to Ooccoo.\n If you set him to  , you can call him \n without having to swap out  .\nRusl crafted this fine sword.\nIt is inlaid with Ordon goat horns.\nSwing with   or sheathe with  .\nThe blade of evil's bane. Those\nwith evil hearts cannot touch it.\nSwing with   and sheathe with  .\nA traditional Ordon shield.\nDefend against attacks with  .\nKeep it away from fire!\nA popular wooden shield.\nDefend against attacks with  .\nKeep it away from fire!\nA shield with a Hylian crest.\nDefend against attacks with  .\nIt's metal and will never burn.\n\n\n\n\n\n\nA friend you met on your travels.\n\n Call her with   and she will get you\n out of a dungeon at any time.\n If you set her to  , you can use her\n without having to swap out  .\n\n\n\n\n\n\n\n\n\n\nA scope that zooms in on distant objects.\n Use it with   to peer at things.\n If you set it to  , then you can use it\n without having to swap out  .\n Combine it with the  Hero's Bow  on the\n Items screen by pressing  .\n 's beloved wooden sword.\nUse it by swinging  .\nAn enchanted boomerang containing the\nFairy of Winds.\n Set to and use with   to suck up almost\n anything with gale force.\n Press   while holding   to acquire u\n\n---\n\nExtract glossary entries following the instructions. For each item include 'term', 'translation', and 'notes' (1-2 short Ukrainian sentences)."
  }
]
--- RESPONSE RECEIVED ---
```json
[
  {
    "term": "Faron Woods",
    "translation": "Ліс Фарон",
    "notes": "Локація в грі, лісова область де знаходиться храм."
  },
  {
    "term": "Zora's Domain",
    "translation": "Володіння Зора",
    "notes": "Територія раси Зора, яка покрита льодом."
  },
  {
    "term": "Lake Hylia",
    "translation": "Озеро Хайлія",
    "notes": "Велике озеро, джерело води для регіону."
  },
  {
    "term": "Lanayru province",
    "translation": "Провінція Ланайру",
    "notes": "Велика область в ігровому світі."
  },
  {
    "term": "Mirror of Twilight",
    "translation": "Дзеркало Сутінків",
    "notes": "Артефакт, що з'єднує світ світла та сутінків."
  },
  {
    "term": "Hyrule",
    "translation": "Хайрул",
    "notes": "Назва королівства, де відбуваються події гри."
  },
  {
    "term": "Tear of Light",
    "translation": "Сльоза Світла",
    "notes": "Предмет, який потрібно зібрати для очищення регіону."
  },
  {
    "term": "Fused Shadow",
    "translation": "Злита Тінь",
    "notes": "Могутній артефакт темної магії."
  },
  {
    "term": "Lakebed Temple",
    "translation": "Храм Озерного Дна",
    "notes": "Підводний храм на дні озера Хайлія."
  },
  {
    "term": "Zoras",
    "translation": "Зора",
    "notes": "Раса водяних істот, захисники храму."
  },
  {
    "term": "Ancient Sky Book",
    "translation": "Стародавня Небесна Книга",
    "notes": "Книга написана давньою небесною мовою з відсутніми літерами."
  },
  {
    "term": "City in the Sky",
    "translation": "Місто в Небі",
    "notes": "Локація, розташована високо в небі."
  },
  {
    "term": "Ooccoo",
    "translation": "Уку",
    "notes": "Персонаж-помічник, що допомагає телепортуватися з підземель."
  },
  {
    "term": "Hero's Bow",
    "translation": "Лук Героя",
    "notes": "Зброя дальнього бою, можна комбінувати з бомбами."
  },
  {
    "term": "bomb arrows",
    "translation": "вибухові стріли",
    "notes": "Комбінація лука та бомб для потужних атак."
  },
  {
    "term": "Ordon",
    "translation": "Ордон",
    "notes": "Назва села та регіону, звідки родом головний герой."
  },
  {
    "term": "Rusl",
    "translation": "Русл",
    "notes": "Майстер-коваль, який виготовив меч."
  },
  {
    "term": "Hylian crest",
    "translation": "герб Хайліану",
    "notes": "Символ королівства Хайрул на щиті."
  },
  {
    "term": "Fairy of Winds",
    "translation": "Фея Вітрів",
    "notes": "Чарівна істота, що живе в бумерангу."
  },
  {
    "term": "twilight",
    "translation": "сутінки",
    "notes": "Темна область або стан світу, покритого тінню."
  },
  {
    "term": "Twilight Realm",
    "translation": "Царство Сутінків",
    "notes": "Паралельний світ тіні та темряви."
  },
  {
    "term": "Midna",
    "translation": "Мідна",
    "notes": "Персонаж з Царства Сутінків, супутниця героя."
  },
  {
    "term": "hearts",
    "translation": "серця",
    "notes": "Одиниці здоров'я персонажа в грі."
  }
]
```
============================================================

==================== 2026-05-22 20:39:16.644 ====================
Task Type: build_glossary
--- MESSAGES SENT ---
[
  {
    "role": "system",
    "content": "You are a linguistic assistant creating a glossary for a video game translation from English to Ukrainian. Analyze the provided text chunk and identify key terms: proper names, locations, items, recurring phrases, and unique concepts. Return them as a JSON array of objects. Each object must include the keys 'term' (original English term), 'translation' (Ukrainian translation), and 'notes' (a short Ukrainian description of what the term means or how it is used). Do not add any extra text outside of the JSON array."
  },
  {
    "role": "user",
    "content": "Here is the text chunk to analyze:\n\n---\n\np\n to  5  targets with  .\nAn ancient machine designed to hover.\n\n Set it to   and press   to ride it.\n If you press   while riding, you can\n attack enemies with a spinning surge.\n You can also ride it on wall rails. \nA giant iron ball tethered by a chain.\n\n Get it spinning by pressing  , then\n release   to deal serious damage.\nA Goron treasure said to have been used\nby the ancient hero.\n\n Set it to and hold  , aim   with  , and\n release   to fire.\n You can hold up to    .\nA chain with a claw at the end.\n\n Hold it with  , aim at   spots with\n  , and release   to fly to those spots.\n You can move up and down using  \n when dangling from the ceiling.\nIron boots that make you heavy.\n Take them on and off with  .\n If you set them to  , you can use them\n without swapping  .\n Wear them in the water to sink and walk \n along the bottom.\nAn odd rod that awakens ancient statues.\n\n Set it to  , use   to aim  , then press  \n to throw light and awaken a statue.\n The statue will follow the movement of its\n master.\nA pair of Clawshots.\n Hold them with   and aim with  .\n Press   while hanging to fire again.\n You can latch on to any place with a  .\n You can move up and down using  \n when dangling from the ceiling.\nA valuable lantern that lights dark areas. \n\n Light it with  . Press   while\n standing still to put it out.\n Once lit, set things on fire with  .\n Without fuel, the light will go out.\nThe Master Sword infused with light.\nIn the Twilight Realm, it glows with\ngolden light. Use   to cut darkness!\nA simple rod with a bobber. \n Set it to  , press   to hold it, and use\n   to raise and lower the rod.\n When the bobber sinks, that's your sign.\n Set it with bait from a bottle to catch \n a variety of fish.\nKids LOVE this item.\n\n Hold it with   and aim with  .\n Release   to shoot a pellet.\n Lock on with   to be sure of your aim.\n You can hold up to  50  pellets.\nAn odd rod that awakens ancient statues.\n\n Hold it with   and aim the   with   to\n infuse a statue with life.\n The statue will follow the movement of its\n master.\n\n\n\n\n\n\n\n\n\n\n\n\n\n\nThe rod's hook is baited with  bee larva .\n\n Set it to and use it with  . Lower   to\n drop your line in the water and raise  \n to raise your rod.\n When the float dips, you have a bite.\nThe rod's hook is a  coral earring  that \nreekfish  love.\n Set it to and use it with  . Lower   to\n drop your line in the water and raise  \n to raise your rod.\n When the float dips, you have a bite.\nThe rod's hook is baited with a  worm .\n\n Set it to and use it with  . Lower   to\n drop your line in the water and raise  \n to raise your rod.\n When the float dips, you have a bite.\nThe  earring hook  is baited with  bee larva .\n Set it to and use it with  . Lower   to\n drop your line in the water and raise  \n to raise your rod.\n When the float dips, you have a bite.\nThe  earring hook  is baited with a  worm .\n\n Set it to and use it with  . Lower   to\n drop your line in the water and raise  \n to raise your rod.\n When the float dips, you have a bite.\nAn empty bottle.\n\n Set it to and scoop things up with  .\n It can hold many things.\nSome red potion.\n\n Set it to   and drink it with   to\n replenish  8 hearts .\n\nSome blue potion.\n\n Drink it with   to completely restore\n  all hearts .\nA full bottle of milk ( 2  servings).\n\n Set it to and  drink  it with   to\n  replenish three hearts .\n Drink half at a time.\nA half-full bottle of milk ( 1  serving).\n\n Set it to and drink it with   to\n  replenish three hearts .\nOil for lighting the lantern.\n\n To refill the lantern, equip the lantern\n and set the oil to  , then use it.\nPlain water.\n\n Set it to   to use it with   to sprinkle\n it on different things.\nValuable oil to light the lantern.\n\n With your lantern equipped, set it to  \n and use it to refuel.\nSome red potion.\n\n Set it to   and drink it with   to\n replenish  8 hearts .\n\nCoro's homemade soup.\n\n Set it to   and drink it to see what\n happens...\nDeath Mountain hot springwater.\n\n Set it to   and drink it with   to\n   replenish all hearts. \n  If it cools down, it will be just  water .\nA fairy that will give you strength when\nyour life energy is depleted.\n\n Set it to   and use it to  recover\n   8 hearts  immediately.\n It won't revive you in water.\nDeath Mountain hot springwater.\n\n Set it to and drink it with   to\n  replenish all hearts . \n If it cools down, it will be just  water .\n\n\nNormal bombs. Carry up to    .\n\n Lift with  . Use   or   to place.\n Press   or   while running to throw.\n With the  Hero's Bow  set, press     on\n\n---\n\nExtract glossary entries following the instructions. For each item include 'term', 'translation', and 'notes' (1-2 short Ukrainian sentences)."
  }
]
============================================================

==================== 2026-05-22 20:39:58.180 ====================
Task Type: build_glossary
--- MESSAGES SENT ---
[
  {
    "role": "system",
    "content": "You are a linguistic assistant creating a glossary for a video game translation from English to Ukrainian. Analyze the provided text chunk and identify key terms: proper names, locations, items, recurring phrases, and unique concepts. Return them as a JSON array of objects. Each object must include the keys 'term' (original English term), 'translation' (Ukrainian translation), and 'notes' (a short Ukrainian description of what the term means or how it is used). Do not add any extra text outside of the JSON array."
  },
  {
    "role": "user",
    "content": "Here is the text chunk to analyze:\n\n---\n\np\n to  5  targets with  .\nAn ancient machine designed to hover.\n\n Set it to   and press   to ride it.\n If you press   while riding, you can\n attack enemies with a spinning surge.\n You can also ride it on wall rails. \nA giant iron ball tethered by a chain.\n\n Get it spinning by pressing  , then\n release   to deal serious damage.\nA Goron treasure said to have been used\nby the ancient hero.\n\n Set it to and hold  , aim   with  , and\n release   to fire.\n You can hold up to    .\nA chain with a claw at the end.\n\n Hold it with  , aim at   spots with\n  , and release   to fly to those spots.\n You can move up and down using  \n when dangling from the ceiling.\nIron boots that make you heavy.\n Take them on and off with  .\n If you set them to  , you can use them\n without swapping  .\n Wear them in the water to sink and walk \n along the bottom.\nAn odd rod that awakens ancient statues.\n\n Set it to  , use   to aim  , then press  \n to throw light and awaken a statue.\n The statue will follow the movement of its\n master.\nA pair of Clawshots.\n Hold them with   and aim with  .\n Press   while hanging to fire again.\n You can latch on to any place with a  .\n You can move up and down using  \n when dangling from the ceiling.\nA valuable lantern that lights dark areas. \n\n Light it with  . Press   while\n standing still to put it out.\n Once lit, set things on fire with  .\n Without fuel, the light will go out.\nThe Master Sword infused with light.\nIn the Twilight Realm, it glows with\ngolden light. Use   to cut darkness!\nA simple rod with a bobber. \n Set it to  , press   to hold it, and use\n   to raise and lower the rod.\n When the bobber sinks, that's your sign.\n Set it with bait from a bottle to catch \n a variety of fish.\nKids LOVE this item.\n\n Hold it with   and aim with  .\n Release   to shoot a pellet.\n Lock on with   to be sure of your aim.\n You can hold up to  50  pellets.\nAn odd rod that awakens ancient statues.\n\n Hold it with   and aim the   with   to\n infuse a statue with life.\n The statue will follow the movement of its\n master.\n\n\n\n\n\n\n\n\n\n\n\n\n\n\nThe rod's hook is baited with  bee larva .\n\n Set it to and use it with  . Lower   to\n drop your line in the water and raise  \n to raise your rod.\n When the float dips, you have a bite.\nThe rod's hook is a  coral earring  that \nreekfish  love.\n Set it to and use it with  . Lower   to\n drop your line in the water and raise  \n to raise your rod.\n When the float dips, you have a bite.\nThe rod's hook is baited with a  worm .\n\n Set it to and use it with  . Lower   to\n drop your line in the water and raise  \n to raise your rod.\n When the float dips, you have a bite.\nThe  earring hook  is baited with  bee larva .\n Set it to and use it with  . Lower   to\n drop your line in the water and raise  \n to raise your rod.\n When the float dips, you have a bite.\nThe  earring hook  is baited with a  worm .\n\n Set it to and use it with  . Lower   to\n drop your line in the water and raise  \n to raise your rod.\n When the float dips, you have a bite.\nAn empty bottle.\n\n Set it to and scoop things up with  .\n It can hold many things.\nSome red potion.\n\n Set it to   and drink it with   to\n replenish  8 hearts .\n\nSome blue potion.\n\n Drink it with   to completely restore\n  all hearts .\nA full bottle of milk ( 2  servings).\n\n Set it to and  drink  it with   to\n  replenish three hearts .\n Drink half at a time.\nA half-full bottle of milk ( 1  serving).\n\n Set it to and drink it with   to\n  replenish three hearts .\nOil for lighting the lantern.\n\n To refill the lantern, equip the lantern\n and set the oil to  , then use it.\nPlain water.\n\n Set it to   to use it with   to sprinkle\n it on different things.\nValuable oil to light the lantern.\n\n With your lantern equipped, set it to  \n and use it to refuel.\nSome red potion.\n\n Set it to   and drink it with   to\n replenish  8 hearts .\n\nCoro's homemade soup.\n\n Set it to   and drink it to see what\n happens...\nDeath Mountain hot springwater.\n\n Set it to   and drink it with   to\n   replenish all hearts. \n  If it cools down, it will be just  water .\nA fairy that will give you strength when\nyour life energy is depleted.\n\n Set it to   and use it to  recover\n   8 hearts  immediately.\n It won't revive you in water.\nDeath Mountain hot springwater.\n\n Set it to and drink it with   to\n  replenish all hearts . \n If it cools down, it will be just  water .\n\n\nNormal bombs. Carry up to    .\n\n Lift with  . Use   or   to place.\n Press   or   while running to throw.\n With the  Hero's Bow  set, press     on\n\n---\n\nExtract glossary entries following the instructions. For each item include 'term', 'translation', and 'notes' (1-2 short Ukrainian sentences)."
  }
]
--- RESPONSE RECEIVED ---
```json
[
  {
    "term": "targets",
    "translation": "цілі",
    "notes": "Об'єкти або вороги, по яких можна атакувати або спрямовувати предмети."
  },
  {
    "term": "ancient machine",
    "translation": "стародавня машина",
    "notes": "Механічний пристрій, створений у давнину, здатний літати."
  },
  {
    "term": "wall rails",
    "translation": "настінні рейки",
    "notes": "Спеціальні направляючі на стінах, по яких можна їздити."
  },
  {
    "term": "iron ball",
    "translation": "залізна куля",
    "notes": "Велика куля на ланцюзі, яку можна розкрутити для атаки."
  },
  {
    "term": "Goron treasure",
    "translation": "скарб ґоронів",
    "notes": "Цінний предмет народу ґоронів, використовуваний стародавнім героєм."
  },
  {
    "term": "ancient hero",
    "translation": "стародавній герой",
    "notes": "Легендарний воїн минулого, який використовував особливу зброю."
  },
  {
    "term": "chain",
    "translation": "ланцюг",
    "notes": "Металевий ланцюг з гаком на кінці для переміщення."
  },
  {
    "term": "claw",
    "translation": "гак",
    "notes": "Кігтеподібний пристрій на кінці ланцюга для зачіплення."
  },
  {
    "term": "Iron Boots",
    "translation": "Залізні чоботи",
    "notes": "Важкі чоботи, які дозволяють тонути у воді та ходити по дну."
  },
  {
    "term": "ancient statues",
    "translation": "стародавні статуї",
    "notes": "Кам'яні статуї, які можна оживити за допомогою спеціального жезла."
  },
  {
    "term": "Clawshots",
    "translation": "Подвійні гаки",
    "notes": "Пара гаків-ланцюгів для переміщення між точками зачіплення."
  },
  {
    "term": "lantern",
    "translation": "ліхтар",
    "notes": "Джерело світла для освітлення темних місць, потребує палива."
  },
  {
    "term": "fuel",
    "translation": "паливо",
    "notes": "Олія для заправки ліхтаря, без якої він не горітиме."
  },
  {
    "term": "Master Sword",
    "translation": "Меч Майстра",
    "notes": "Легендарний меч, наповнений світлом, здатний розсікати темряву."
  },
  {
    "term": "Twilight Realm",
    "translation": "Царство Сутінків",
    "notes": "Паралельний світ темряви, де Меч Майстра світиться золотим сяйвом."
  },
  {
    "term": "bobber",
    "translation": "поплавець",
    "notes": "Частина вудки, яка сигналізує про поклювку."
  },
  {
    "term": "bait",
    "translation": "наживка",
    "notes": "Приманка для риби, яку прикріплюють до гачка."
  },
  {
    "term": "pellet",
    "translation": "кулька",
    "notes": "Боєприпас для рогатки, можна носити до 50 штук."
  },
  {
    "term": "bee larva",
    "translation": "личинка бджоли",
    "notes": "Наживка для риболовлі, яку можна прикріпити до гачка."
  },
  {
    "term": "coral earring",
    "translation": "коралова сережка",
    "notes": "Спеціальна приманка, яку полюбляють рибини-рікфіш."
  },
  {
    "term": "reekfish",
    "translation": "рікфіш",
    "notes": "Вид риби, яка ловиться на коралову сережку."
  },
  {
    "term": "worm",
    "translation": "черв'як",
    "notes": "Звичайна наживка для риболовлі."
  },
  {
    "term": "earring hook",
    "translation": "гачок-сережка",
    "notes": "Спеціальний гачок у формі сережки для риболовлі."
  },
  {
    "term": "empty bottle",
    "translation": "порожня пляшка",
    "notes": "Контейнер для зберігання різних рідин та предметів."
  },
  {
    "term": "red potion",
    "translation": "червоне зілля",
    "notes": "Лікувальне зілля, яке відновлює 8 сердець здоров'я."
  },
  {
    "term": "hearts",
    "translation": "сердець",
    "notes": "Одиниці здоров'я персонажа у грі."
  },
  {
    "term": "blue potion",
    "translation": "синє зілля",
    "notes": "Потужне зілля, яке повністю відновлює всі сердця здоров'я."
  },
  {
    "term": "milk",
    "translation": "молоко",
    "notes": "Напій, який відновлює три сердця, можна випити двома порціями."
  },
  {
    "term": "servings",
    "translation": "порцій",
    "notes": "Кількість разів, які можна використати предмет."
  },
  {
    "term": "lantern oil",
    "translation": "олія для ліхтаря",
    "notes": "Паливо для заправки ліхтаря."
  },
  {
    "term": "water",
    "translation": "вода",
    "notes": "Звичайна вода, яку можна розбризкувати на різні об'єкти."
  },
  {
    "term": "Coro's homemade soup",
    "translation": "домашній суп Коро",
    "notes": "Особливий суп з непередбачуваним ефектом."
  },
  {
    "term": "Death Mountain hot springwater",
    "translation": "гаряча вода з джерела Гори Смерті",
    "notes": "Цілюща вода, яка відновлює всі сердця, але охолоджується з часом."
  },
  {
    "term": "fairy",
    "translation": "фея",
    "notes": "Магічна істота, яка відновлює 8 сердець при виснаженні здоров'я."
  },
  {
    "term": "life energy",
    "translation": "життєва енергія",
    "notes": "Здоров'я персонажа, яке вимірюється у сердцях."
  },
  {
    "term": "bombs",
    "translation": "бомби",
    "notes": "Вибухові предмети, які можна класти або кидати, максимум у інвентарі."
  },
  {
    "term": "Hero's Bow",
    "translation": "Лук Героя",
    "notes": "Зброя героя для стрільби стрілами на відстані."
  }
]
```
============================================================

==================== 2026-05-22 20:39:58.183 ====================
Task Type: build_glossary
--- MESSAGES SENT ---
[
  {
    "role": "system",
    "content": "You are a linguistic assistant creating a glossary for a video game translation from English to Ukrainian. Analyze the provided text chunk and identify key terms: proper names, locations, items, recurring phrases, and unique concepts. Return them as a JSON array of objects. Each object must include the keys 'term' (original English term), 'translation' (Ukrainian translation), and 'notes' (a short Ukrainian description of what the term means or how it is used). Do not add any extra text outside of the JSON array."
  },
  {
    "role": "user",
    "content": "Here is the text chunk to analyze:\n\n---\n\n the\n Item Screen to make  bomb arrows .\nUnderwater bombs. Carry up to    .\n\n Lift with  . Press   or   to place. \n Press   or   while running to throw.\n With the  Hero's Bow  set,   press   on\n   the Item Screen to make  bomb arrows .\nMobile bombs. Carry up to    .\n\n Place with  . It will run and explode\n when it hits something or after a time.\n With the  Hero's Bow  set, press   on the\n Items screen to make  bomb arrows .\nSacred water holding the Great Fairy's\nprayers.\n\n Set it to   and drink it to  restore all\n hearts  and briefly  boost attack power !\nFish love this.\n\n With your fishing rod in hand, set it to  \n and you can use it as bait.\n\nLarva taken from a beehive.\n Press   to eat it to  replenish a quarter \n heart per larva . \n  With your fishing rod in hand, set it to  \n to use it as bait. If you use it when your\n rod is baited, you'll eat it.\nNutritious jelly from the  rare Chu . \n\n Set it to   to  restore all hearts  and, \n for a little while,  boost attack power !\nNutritious jelly from the  red Chu . \n\n Set it to   and drink it with   to \n restore  8 hearts .\nNutritious jelly from the  blue Chu .\n\n Set it to   to  restore all hearts !\n\nOily jelly from the  yellow Chu . \n \n With the lantern set, use   to fill it.\nSuspicious jelly from the  purple Chu .\n\n Set it to   to drink it, but who knows\n what will happen...\nYeto's homemade soup. It smells of fish\nbroth.\n\n Set it to   and drink it to  restore \n  2 hearts .\nYeto's homemade soup. It smells sweet,\nlike pumpkins.\n\n Set it to   and drink it to  restore \n  4 hearts .\nYeto's homemade soup. You can smell the\ncheese in it.\n\n Set it to   and drink it to  restore\n 8 hearts .\nA letter to Telma from Renado.\n\n It carefully explains how to treat Ilia's\n memory loss. \n Set it to   or   to show it to the person\n in front of you.\nAn invoice for the town doctor's bar tab.\n\n There is a dizzying sum written on it.\n Show it to the person in front of you with\n   or  .\nAn oddly shaped statue said to have once\nbelonged to Ilia.\n\n It's a clue to getting her memory back!\n Set it to   or   and show it to the\n person in front of you.\nA charm from the old lady that saved Ilia.\n\n This is a huge part of getting Ilia's\n memory back!\n Set it to   or   and show it to the\n person in front of you.\nA whistle Ilia made just for  . \n\n Blow with   to call  \n even without a reed.\n If you set it to  , then you won't have to\n swap out for  .\n\n\n\n\n\n\n\n\n\n\nOil for your lantern.\n\n With the lantern set, use it with   to\n refuel.\nA memo that Auru wrote for Fyer of Lake\nHylia.\n\n Set it to   or   and show it to the\n person in front of you.\nAshei's sketch of a beast with a  red fish .\n\n Set it to   or   and show it to the\n person in front of you.\n\n\n\n\n\n\n\n\n\n\n\nValuable fuel for your lantern.\n\n With your lantern equipped, use it with \n   to fill it.\nLarva taken from a beehive.\n Press   to eat it to  replenish a quarter \n heart per larva . \n  With your fishing rod in hand, set it to  \n to use it as bait.\n Use it with your rod baited to eat it.\nJelly from a  black Chu .\n\n Even with the lid on, the acrid smell\n permeates the air.\n You should be able to drink it with  ,\n but...\n\n\n\n\n\n\n\n\n\n\n\n\n\n\n\n\n\n\n\n\n\n\n\n\n\n\n\n\n\n\n\n\n\n\nA golden-bodied   butterfly.\nIt was found in the field east of\nCastle Town.\nA golden-bodied   butterfly.\nIt was found in the field east of\nCastle Town.\n\n\n\n\n\n\n\n\n\n\n\n\n\n\n\n\n\n\n\n\n\n\n\n\n\n\n\n\nSpirits held by Poes visible to\nhoned senses. Collect 20 or more\nof them and take them to Jovani.\n\n\n\n\n\n\n\n\nA book written in the ancient Sky language.\nCharacters are missing from it.\n\n This is a hint to find a path to the sky.\n Show it to the person in front of you \n with   or  .\nA book written in the ancient Sky language.\nThere are still some characters missing. \n\n This is a hint to finding a path to the Sky.\n Show it to the person in front of you\n with   or  .\nA book written in the ancient Sky language.\nAll the missing characters are filled in.\n\n An vital part of reaching the sky.\n Show it to the person in front of you\n with   or  .\nOoccoo the sky being.\n\n Call her with   and she will take you to\n the Oocca shop anytime you want. \n Set her to   and you won't have to swap\n out  .\n\n\n\n\n\n\n\n\n\n\n\n\n\n\n\n\n\n\n\n\n\n\n\n\n\n\n\n\n\n\n\n\n\n\n\n\n\n\n\n\n\n\n\n\n\n\n\n\n\n\n\n\n\n\n\n\n\n\n\n\n\n\n\n\nAbout Ilia's memory...\n-Dear Adventurer-\n-Dear Adventurer-\nPost Office Notice\nURGENT NOTICE!\nGood stuff inside!\nRare item in stock!\nURGENT! Bomb arrows!\nHeroes, come together!\nThey came so quickly!\nChallenge for you!\nTo My Wandering Lambs!\nAgitha's Dream\nNow open for business!\nTo  ...\nHey, kid!!!\nUpdate\nFrom Wife of Yeto\n\n\n\n\n\n\n\n\n\n\n\n\n\n\n\n\n\n\n\n\n\n\n\n\n\n\n\n\n\n\n\n\n\n\n\n\n\n\n\n\n\n\n\n\n\n\n\n\n\n\n\n\n\n\n\n\n\n\n\n\n\n\n\n\n\n\n\n\n\n\n\n\n\n\n\n\n\n\n\n\n\n\nRenado\nOoccoo\nOoccoo\nThe Postman\nKakariko Goods\nBarnes\nBarnes\nBarnes Bombs\nMalo Mart\nTelma\nPurlo\nFanadi's Palace\nPrincess Agitha\nLanayru Tourism\nImpaz\nFrom Jr.\nShad\nYeta\n\n\n\n\n\n\n\n\n\n\n\n\n\n\n\n\n\n\n\n\n\n\n\n\n\n\n\n\n\n\n\n\n\n\n\n\n\n\n\n\n\n\n\n\n\n\n\n\n\n\n\n\n\n\n\n\n\n\n\n\n\n\n\n\n\n\n\n\n\n\n\n\n\n\n\n\n\n\n\n\n\n\n ,\n\nThere is something about Ilia's \nmemory tha\n\n---\n\nExtract glossary entries following the instructions. For each item include 'term', 'translation', and 'notes' (1-2 short Ukrainian sentences)."
  }
]
============================================================

==================== 2026-05-22 20:40:31.208 ====================
Task Type: build_glossary
--- MESSAGES SENT ---
[
  {
    "role": "system",
    "content": "You are a linguistic assistant creating a glossary for a video game translation from English to Ukrainian. Analyze the provided text chunk and identify key terms: proper names, locations, items, recurring phrases, and unique concepts. Return them as a JSON array of objects. Each object must include the keys 'term' (original English term), 'translation' (Ukrainian translation), and 'notes' (a short Ukrainian description of what the term means or how it is used). Do not add any extra text outside of the JSON array."
  },
  {
    "role": "user",
    "content": "Here is the text chunk to analyze:\n\n---\n\n the\n Item Screen to make  bomb arrows .\nUnderwater bombs. Carry up to    .\n\n Lift with  . Press   or   to place. \n Press   or   while running to throw.\n With the  Hero's Bow  set,   press   on\n   the Item Screen to make  bomb arrows .\nMobile bombs. Carry up to    .\n\n Place with  . It will run and explode\n when it hits something or after a time.\n With the  Hero's Bow  set, press   on the\n Items screen to make  bomb arrows .\nSacred water holding the Great Fairy's\nprayers.\n\n Set it to   and drink it to  restore all\n hearts  and briefly  boost attack power !\nFish love this.\n\n With your fishing rod in hand, set it to  \n and you can use it as bait.\n\nLarva taken from a beehive.\n Press   to eat it to  replenish a quarter \n heart per larva . \n  With your fishing rod in hand, set it to  \n to use it as bait. If you use it when your\n rod is baited, you'll eat it.\nNutritious jelly from the  rare Chu . \n\n Set it to   to  restore all hearts  and, \n for a little while,  boost attack power !\nNutritious jelly from the  red Chu . \n\n Set it to   and drink it with   to \n restore  8 hearts .\nNutritious jelly from the  blue Chu .\n\n Set it to   to  restore all hearts !\n\nOily jelly from the  yellow Chu . \n \n With the lantern set, use   to fill it.\nSuspicious jelly from the  purple Chu .\n\n Set it to   to drink it, but who knows\n what will happen...\nYeto's homemade soup. It smells of fish\nbroth.\n\n Set it to   and drink it to  restore \n  2 hearts .\nYeto's homemade soup. It smells sweet,\nlike pumpkins.\n\n Set it to   and drink it to  restore \n  4 hearts .\nYeto's homemade soup. You can smell the\ncheese in it.\n\n Set it to   and drink it to  restore\n 8 hearts .\nA letter to Telma from Renado.\n\n It carefully explains how to treat Ilia's\n memory loss. \n Set it to   or   to show it to the person\n in front of you.\nAn invoice for the town doctor's bar tab.\n\n There is a dizzying sum written on it.\n Show it to the person in front of you with\n   or  .\nAn oddly shaped statue said to have once\nbelonged to Ilia.\n\n It's a clue to getting her memory back!\n Set it to   or   and show it to the\n person in front of you.\nA charm from the old lady that saved Ilia.\n\n This is a huge part of getting Ilia's\n memory back!\n Set it to   or   and show it to the\n person in front of you.\nA whistle Ilia made just for  . \n\n Blow with   to call  \n even without a reed.\n If you set it to  , then you won't have to\n swap out for  .\n\n\n\n\n\n\n\n\n\n\nOil for your lantern.\n\n With the lantern set, use it with   to\n refuel.\nA memo that Auru wrote for Fyer of Lake\nHylia.\n\n Set it to   or   and show it to the\n person in front of you.\nAshei's sketch of a beast with a  red fish .\n\n Set it to   or   and show it to the\n person in front of you.\n\n\n\n\n\n\n\n\n\n\n\nValuable fuel for your lantern.\n\n With your lantern equipped, use it with \n   to fill it.\nLarva taken from a beehive.\n Press   to eat it to  replenish a quarter \n heart per larva . \n  With your fishing rod in hand, set it to  \n to use it as bait.\n Use it with your rod baited to eat it.\nJelly from a  black Chu .\n\n Even with the lid on, the acrid smell\n permeates the air.\n You should be able to drink it with  ,\n but...\n\n\n\n\n\n\n\n\n\n\n\n\n\n\n\n\n\n\n\n\n\n\n\n\n\n\n\n\n\n\n\n\n\n\nA golden-bodied   butterfly.\nIt was found in the field east of\nCastle Town.\nA golden-bodied   butterfly.\nIt was found in the field east of\nCastle Town.\n\n\n\n\n\n\n\n\n\n\n\n\n\n\n\n\n\n\n\n\n\n\n\n\n\n\n\n\nSpirits held by Poes visible to\nhoned senses. Collect 20 or more\nof them and take them to Jovani.\n\n\n\n\n\n\n\n\nA book written in the ancient Sky language.\nCharacters are missing from it.\n\n This is a hint to find a path to the sky.\n Show it to the person in front of you \n with   or  .\nA book written in the ancient Sky language.\nThere are still some characters missing. \n\n This is a hint to finding a path to the Sky.\n Show it to the person in front of you\n with   or  .\nA book written in the ancient Sky language.\nAll the missing characters are filled in.\n\n An vital part of reaching the sky.\n Show it to the person in front of you\n with   or  .\nOoccoo the sky being.\n\n Call her with   and she will take you to\n the Oocca shop anytime you want. \n Set her to   and you won't have to swap\n out  .\n\n\n\n\n\n\n\n\n\n\n\n\n\n\n\n\n\n\n\n\n\n\n\n\n\n\n\n\n\n\n\n\n\n\n\n\n\n\n\n\n\n\n\n\n\n\n\n\n\n\n\n\n\n\n\n\n\n\n\n\n\n\n\n\nAbout Ilia's memory...\n-Dear Adventurer-\n-Dear Adventurer-\nPost Office Notice\nURGENT NOTICE!\nGood stuff inside!\nRare item in stock!\nURGENT! Bomb arrows!\nHeroes, come together!\nThey came so quickly!\nChallenge for you!\nTo My Wandering Lambs!\nAgitha's Dream\nNow open for business!\nTo  ...\nHey, kid!!!\nUpdate\nFrom Wife of Yeto\n\n\n\n\n\n\n\n\n\n\n\n\n\n\n\n\n\n\n\n\n\n\n\n\n\n\n\n\n\n\n\n\n\n\n\n\n\n\n\n\n\n\n\n\n\n\n\n\n\n\n\n\n\n\n\n\n\n\n\n\n\n\n\n\n\n\n\n\n\n\n\n\n\n\n\n\n\n\n\n\n\n\nRenado\nOoccoo\nOoccoo\nThe Postman\nKakariko Goods\nBarnes\nBarnes\nBarnes Bombs\nMalo Mart\nTelma\nPurlo\nFanadi's Palace\nPrincess Agitha\nLanayru Tourism\nImpaz\nFrom Jr.\nShad\nYeta\n\n\n\n\n\n\n\n\n\n\n\n\n\n\n\n\n\n\n\n\n\n\n\n\n\n\n\n\n\n\n\n\n\n\n\n\n\n\n\n\n\n\n\n\n\n\n\n\n\n\n\n\n\n\n\n\n\n\n\n\n\n\n\n\n\n\n\n\n\n\n\n\n\n\n\n\n\n\n\n\n\n\n ,\n\nThere is something about Ilia's \nmemory tha\n\n---\n\nExtract glossary entries following the instructions. For each item include 'term', 'translation', and 'notes' (1-2 short Ukrainian sentences)."
  }
]
--- RESPONSE RECEIVED ---
```json
[
  {
    "term": "bomb arrows",
    "translation": "бомбові стріли",
    "notes": "Спеціальні стріли, які вибухають при влученні. Створюються на екрані предметів за наявності Лука Героя."
  },
  {
    "term": "Hero's Bow",
    "translation": "Лук Героя",
    "notes": "Основна зброя для стрільби стрілами. Використовується для створення бомбових стріл."
  },
  {
    "term": "Item Screen",
    "translation": "Екран предметів",
    "notes": "Меню, де можна керувати інвентарем та створювати спеціальні предмети."
  },
  {
    "term": "Great Fairy",
    "translation": "Велика Фея",
    "notes": "Магічна істота, чиї молитви наповнюють священну воду цілющою силою."
  },
  {
    "term": "Chu",
    "translation": "Чу",
    "notes": "Тип ворога-слизняка, який залишає желе різних кольорів з різними властивостями."
  },
  {
    "term": "red Chu",
    "translation": "червоний Чу",
    "notes": "Різновид Чу, який залишає червоне желе, що відновлює 8 сердець."
  },
  {
    "term": "blue Chu",
    "translation": "синій Чу",
    "notes": "Різновид Чу, який залишає синє желе, що відновлює всі серця."
  },
  {
    "term": "yellow Chu",
    "translation": "жовтий Чу",
    "notes": "Різновид Чу, який залишає жовте олійне желе для заправки ліхтаря."
  },
  {
    "term": "purple Chu",
    "translation": "фіолетовий Чу",
    "notes": "Різновид Чу, який залишає підозріле желе з непередбачуваним ефектом."
  },
  {
    "term": "black Chu",
    "translation": "чорний Чу",
    "notes": "Різновид Чу, який залишає їдке желе з неприємним запахом."
  },
  {
    "term": "hearts",
    "translation": "серця",
    "notes": "Одиниці здоров'я персонажа у грі."
  },
  {
    "term": "Yeto",
    "translation": "Єто",
    "notes": "Персонаж, який готує домашній суп з різними інгредієнтами."
  },
  {
    "term": "Telma",
    "translation": "Тельма",
    "notes": "Власниця бару, яка отримує листи від інших персонажів."
  },
  {
    "term": "Renado",
    "translation": "Ренадо",
    "notes": "Шаман, який пише листа про лікування втрати пам'яті Ілії."
  },
  {
    "term": "Ilia",
    "translation": "Ілія",
    "notes": "Персонаж, який втратив пам'ять і потребує лікування."
  },
  {
    "term": "Poes",
    "translation": "По",
    "notes": "Духи-привиди, чиї душі можна збирати за допомогою загострених почуттів."
  },
  {
    "term": "Jovani",
    "translation": "Джовані",
    "notes": "Персонаж, якому потрібно принести 20 або більше душ По."
  },
  {
    "term": "Sky language",
    "translation": "Небесна мова",
    "notes": "Стародавня мова, якою написана книга-підказка для знаходження шляху до неба."
  },
  {
    "term": "Ooccoo",
    "translation": "Уку",
    "notes": "Небесна істота, яка може телепортувати гравця до крамниці Ука."
  },
  {
    "term": "Oocca",
    "translation": "Ука",
    "notes": "Раса небесних істот, до крамниці яких може телепортувати Уку."
  },
  {
    "term": "Castle Town",
    "translation": "Замкове Місто",
    "notes": "Головне місто королівства, розташоване біля замку."
  },
  {
    "term": "Lake Hylia",
    "translation": "Озеро Хайлія",
    "notes": "Велике озеро, де живе персонаж на ім'я Файєр."
  },
  {
    "term": "Auru",
    "translation": "Ауру",
    "notes": "Персонаж, який пише записку для Файєра з Озера Хайлія."
  },
  {
    "term": "Fyer",
    "translation": "Файєр",
    "notes": "Персонаж, який живе біля Озера Хайлія."
  },
  {
    "term": "Ashei",
    "translation": "Ашей",
    "notes": "Персонаж, який малює ескіз звіра з червоною рибою."
  },
  {
    "term": "Kakariko",
    "translation": "Какаріко",
    "notes": "Назва села або локації в грі."
  },
  {
    "term": "Barnes",
    "translation": "Барнс",
    "notes": "Торговець, який продає бомби та інші товари."
  },
  {
    "term": "Malo Mart",
    "translation": "Крамниця Мало",
    "notes": "Магазин, який веде персонаж на ім'я Мало."
  },
  {
    "term": "Purlo",
    "translation": "Пурло",
    "notes": "Персонаж, який надсилає листи гравцеві."
  },
  {
    "term": "Fanadi",
    "translation": "Фанаді",
    "notes": "Ворожка, яка має свій палац."
  },
  {
    "term": "Princess Agitha",
    "translation": "Принцеса Аґіта",
    "notes": "Персонаж, який збирає комах і має свою мрію."
  },
  {
    "term": "Lanayru",
    "translation": "Ланайру",
    "notes": "Регіон або провінція в грі, пов'язана з туризмом."
  },
  {
    "term": "Impaz",
    "translation": "Імпаз",
    "notes": "Персонаж, який надсилає листи."
  },
  {
    "term": "Shad",
    "translation": "Шад",
    "notes": "Персонаж, який надсилає листи гравцеві."
  },
  {
    "term": "Yeta",
    "translation": "Єта",
    "notes": "Дружина Єто, яка надсилає листи."
  },
  {
    "term": "The Postman",
    "translation": "Листоноша",
    "notes": "Персонаж, який доставляє пошту гравцеві."
  },
  {
    "term": "lantern",
    "translation": "ліхтар",
    "notes": "Предмет для освітлення, який потребує олії для роботи."
  },
  {
    "term": "fishing rod",
    "translation": "вудка",
    "notes": "Знаряддя для риболовлі, з яким можна використовувати різні принади."
  },
  {
    "term": "butterfly",
    "translation": "метелик",
    "notes": "Комаха з золотим тілом, яку можна знайти на полі на схід від Замкового Міста."
  }
]
```
============================================================

==================== 2026-05-22 20:40:31.210 ====================
Task Type: build_glossary
--- MESSAGES SENT ---
[
  {
    "role": "system",
    "content": "You are a linguistic assistant creating a glossary for a video game translation from English to Ukrainian. Analyze the provided text chunk and identify key terms: proper names, locations, items, recurring phrases, and unique concepts. Return them as a JSON array of objects. Each object must include the keys 'term' (original English term), 'translation' (Ukrainian translation), and 'notes' (a short Ukrainian description of what the term means or how it is used). Do not add any extra text outside of the JSON array."
  },
  {
    "role": "user",
    "content": "Here is the text chunk to analyze:\n\n---\n\nt I wish to tell you.\n\nI know you are busy, but please\ncome visit me in my  sanctuary  in\n Kakariko Village . \nOooh, I was so happy to see you\nthe other day. I really had fun!\n\nI was also so happy to see my \nson's face again. SO HAPPY!\n\nI'd like you to know, we will be\nheading to another location soon.\n\nIf you continue on your travels,\nchances are that we'll meet again.\n\nMy son and I are certainly looking\nforward to seeing you again.\nTake care of yourself!\n           Ooccoo\nI was so happy to meet you and\nspend a bit of time with you!\n\nI am planning a trip to a new\nlocation, just so you know.\n\nIf you continue your journeys,\nwe might see each other again!\n\nSo take care of yourself...\n   \n\nP.S. I didn't have a chance to tell\nyou this last time, but I have a\nson. I'll introduce you if we meet\nagain! He's a good boy who can\nhelp you like an item, so be nice!\n\n                      From Ooccoo\n   About Mail Delivery \n\nIf I have a letter for you, I will\napproach you at high speed!\nPlease do not flee!\nNew sundries shop in Kakariko!\n\nIf you haven't already been by to\nlook, I have an item that isn't\navailable anywhere else! Come by\nbefore someone else snatches it!\n\nAnd please, no window shoppers!\nFinally, we've finished production\non a new type of bomb! These\nones can be used in the water!\nWe have them in stock NOW!\nCome by and pick YOURS up!\n\n          Barnes of Kakariko\nHow've you been? Still a bomb\nenthusiast? Still loving bombs?\n\nWell, I've got some interesting\nbombs in, so come on by and\npick some up!\n\nWait'll you see what these\nbabies can do!\n          Barnes of Kakariko\n Thank you for your patronage!\nEnjoy the power of our bombs!\n\nNot only can you place and throw\nour bombs, but they can be \n combined  with the  bow  by going\nto the  item screen  and using  \nto create  bomb arrows .\nTry it today!\nMalo Mart, the hero of discounts,\nis finally open in Castle Town!\nWe've got all you need for that\nupcoming trip, and we offer it at\nunbelievable prices!\n\n !GRAND OPENING SPECIAL!\nMagic Armor (Limit 1) \nAct fast, heroes!\n , there are some\nfolks I want you to meet, so come\nto my bar right away. These guys\nwill be powerful allies for you.\n\nYou heard me! Come by! I'll be\nwaiting at my Castle Town  bar .\n                    Telma\n Ladies and gentlemen!\nThe STAR game that has swept\nHyrule by storm is now available\nin Castle Town!\n\nEven those of you who have\nbeaten it once will find all new\nchallenges and thrills!\n\nCome find us in the tent on the\nwest gate road! We'll be waiting!\nLadies and gentlemen!\nThe STAR game that has swept\nHyrule by storm is now available\nin Castle Town!\n\nEven those of you who have\nbeaten it once will find all new\nchallenges and thrills!\n\nCome find us in the tent on the\neast gate road! We'll be waiting!\n- Failure at work?\n- Failure in love?\n\n\nHere at Fanadi's Palace we can\nimmediately solve all these problems\nand more!\n\nTake your first step toward a new\nlife and let your feet lead you\ndown Castle Town's southwestern\nthoroughfare!\n- Failure at work?\n- Failure in love?\n\n\nHere at Fanadi's Palace we can\nimmediately solve all these problems\nand more!\n\nTake your first step toward a new\nlife and let your feet lead you down\nCastle Town's southeastern\nthoroughfare!\nAgitha had a dream last night.\n\nButterflies surrounded Agitha and\nlifted her up to the sky.\n\nAs she waved to the people below\nin Castle Town, she could see so\nmany people, some waving back,\nothers staring wide-eyed.\n\n\n\nAgitha flew in a big circle above\nHyrule Field and the butterflies\nformed into a bed beneath her\nand said, \"Let's play again...\"\nSoon they faded away and she\nwoke up in her own bed.\n\nOhh... Agitha wants so badly to\nfly in the sky...\nThe Lanayru Tourist Association\nhas prepared a grand tour of\nnatural splendor!\n\nOur current main attraction is Iza\nand Hena's Playground for\nGrown-ups!\n\nYou'll find both immediately down\nthe riverbank from the Zora\nwaterfall pool.\n\n Iza's Rapid Ride \nShoot at targets while riding the\nraging river rapids! No extra\ncharge for using bomb arrows!\n\n Hena's Fishing Hole \nIt's a fight against nature with\nlure fishing! What kind of fish can\nyou catch?\n\nWe look forward to seeing you\nthere!\nThank you so much for beating\nthose beasts the other day.\n\nIs the girl doing well? I certainly\nhope so.\n\nThough there isn't much to do\nhere, please stop in sometime!\n\n\n\n\nWow, kid! Awesome!\n\n\n\n\n\n\n\n(My son said that he wanted to\nwrite you a letter... He worked so\nhard on it! Goodness, yes!)\n\nWe thank you for all your help,\nboth on land and in the sky. The\nother Oocca thank you, as well.\n\nCome visit us anytime! Take care!\nThank you for your patronage!\nEnjoy the power of our bombs!\n\nNot only can you place and throw\nour bombs, but they can be \n combined  with the  bow  by going\nto the    Items screen  and using\n  to create  bomb arrows .\nTry it today!\nDear  ,\n\nAfter we parted, I tried that word\non all the statues I could find in\nHyrule, but it was a disaster!\nHow disappointing!\n\n...But if I let something so small\nget to me, my dear father will\nscoff at me from beyond the\nmortal coil.\n\nI'm going back to the sanctuary in\nKakariko Village to see if I can't\nfind another lead.\n\nI certainly hope that if you find \nany more information, you will\nshare it with me posthaste. \n\nThe dream chaser, Shad\nI feel bad. You paid me visit and\nI not much help.\n\nI feel better now. Husband and I\nsled lots now. Very much fun.\n\n , you join us at\nSnowpeak sometime!\n\n\n\n\n\n\n\n\n\n\n\n\n\n\n\n\n\n\n\n\n\n\n\n\n\n\n\n\n\n\n\n\n\n\n\n\n\n\n\n\n\n\n\n\n\n\n\n\n\n\n\n\n\n\n\n\n\n\n\n\n\n\n\n\n\n\n\n\n\n\n\n\n\n\n\n\n\n\n\n\n\n\n\n\n\n\n\n\n\n\n\n\n\n\n\n\n\n\n\nIt feels creepy...\n  , be careful.\nSo that big monster with the horns\nbuilt a base in a place like this?!\nThis place looks like it'll be\ncrawling with enemies, so be\ncareful, OK?\nLooks like you're trapped...\nWho knows what's around here, so \ndon't let your guard down...\nNot this guy again!\nHmph!  Let's teach him that flailing\na giant axe around is NEVER a\ngood idea!\nIf we want to get out of here, the\nonly thing we can do is break down\nthe gate!\nLook!  That boar looks strong\nenough to do the job!\nHey, don't lose sight of that\nmonkey!\nNow that you don't have your\nlantern, you kind of have to follow\nher, right?\nWell, well...  This place is hopping...\n Eee hee!\nMaybe if you light the  candles , \n you'll find the  basement entrance ...\n Don't you think?  This sanctuary is\nold, but it sure is extravagant!\nYou haven't forgotten about the\nspirit, have you?  Hurry up and talk\nto it!\nHurry up and get the gift from the\nZora queen!\nApparently that girl is holding the \nkey to the sky...\n , we have to help her \nget her memory back!\nI'm happy we were able to help that\ngirl get her memory back.\nAnd as a result, we were able to get\na tip on how to get to the sky!\n , almost done!\nIt looks as though this is the\nsummit.\nHey...  Hey!  A giant white beast\nholding a red fish...\nAt least your efforts yielded\nsomething... Who would have\nthought the yeti would have one of\nthe mirror shards?\nAll right! Let's hurry to the yeti's\nhouse!\nIf we follow t\n\n---\n\nExtract glossary entries following the instructions. For each item include 'term', 'translation', and 'notes' (1-2 short Ukrainian sentences)."
  }
]
============================================================

==================== 2026-05-22 20:41:22.169 ====================
Task Type: build_glossary
--- MESSAGES SENT ---
[
  {
    "role": "system",
    "content": "You are a linguistic assistant creating a glossary for a video game translation from English to Ukrainian. Analyze the provided text chunk and identify key terms: proper names, locations, items, recurring phrases, and unique concepts. Return them as a JSON array of objects. Each object must include the keys 'term' (original English term), 'translation' (Ukrainian translation), and 'notes' (a short Ukrainian description of what the term means or how it is used). Do not add any extra text outside of the JSON array."
  },
  {
    "role": "user",
    "content": "Here is the text chunk to analyze:\n\n---\n\nt I wish to tell you.\n\nI know you are busy, but please\ncome visit me in my  sanctuary  in\n Kakariko Village . \nOooh, I was so happy to see you\nthe other day. I really had fun!\n\nI was also so happy to see my \nson's face again. SO HAPPY!\n\nI'd like you to know, we will be\nheading to another location soon.\n\nIf you continue on your travels,\nchances are that we'll meet again.\n\nMy son and I are certainly looking\nforward to seeing you again.\nTake care of yourself!\n           Ooccoo\nI was so happy to meet you and\nspend a bit of time with you!\n\nI am planning a trip to a new\nlocation, just so you know.\n\nIf you continue your journeys,\nwe might see each other again!\n\nSo take care of yourself...\n   \n\nP.S. I didn't have a chance to tell\nyou this last time, but I have a\nson. I'll introduce you if we meet\nagain! He's a good boy who can\nhelp you like an item, so be nice!\n\n                      From Ooccoo\n   About Mail Delivery \n\nIf I have a letter for you, I will\napproach you at high speed!\nPlease do not flee!\nNew sundries shop in Kakariko!\n\nIf you haven't already been by to\nlook, I have an item that isn't\navailable anywhere else! Come by\nbefore someone else snatches it!\n\nAnd please, no window shoppers!\nFinally, we've finished production\non a new type of bomb! These\nones can be used in the water!\nWe have them in stock NOW!\nCome by and pick YOURS up!\n\n          Barnes of Kakariko\nHow've you been? Still a bomb\nenthusiast? Still loving bombs?\n\nWell, I've got some interesting\nbombs in, so come on by and\npick some up!\n\nWait'll you see what these\nbabies can do!\n          Barnes of Kakariko\n Thank you for your patronage!\nEnjoy the power of our bombs!\n\nNot only can you place and throw\nour bombs, but they can be \n combined  with the  bow  by going\nto the  item screen  and using  \nto create  bomb arrows .\nTry it today!\nMalo Mart, the hero of discounts,\nis finally open in Castle Town!\nWe've got all you need for that\nupcoming trip, and we offer it at\nunbelievable prices!\n\n !GRAND OPENING SPECIAL!\nMagic Armor (Limit 1) \nAct fast, heroes!\n , there are some\nfolks I want you to meet, so come\nto my bar right away. These guys\nwill be powerful allies for you.\n\nYou heard me! Come by! I'll be\nwaiting at my Castle Town  bar .\n                    Telma\n Ladies and gentlemen!\nThe STAR game that has swept\nHyrule by storm is now available\nin Castle Town!\n\nEven those of you who have\nbeaten it once will find all new\nchallenges and thrills!\n\nCome find us in the tent on the\nwest gate road! We'll be waiting!\nLadies and gentlemen!\nThe STAR game that has swept\nHyrule by storm is now available\nin Castle Town!\n\nEven those of you who have\nbeaten it once will find all new\nchallenges and thrills!\n\nCome find us in the tent on the\neast gate road! We'll be waiting!\n- Failure at work?\n- Failure in love?\n\n\nHere at Fanadi's Palace we can\nimmediately solve all these problems\nand more!\n\nTake your first step toward a new\nlife and let your feet lead you\ndown Castle Town's southwestern\nthoroughfare!\n- Failure at work?\n- Failure in love?\n\n\nHere at Fanadi's Palace we can\nimmediately solve all these problems\nand more!\n\nTake your first step toward a new\nlife and let your feet lead you down\nCastle Town's southeastern\nthoroughfare!\nAgitha had a dream last night.\n\nButterflies surrounded Agitha and\nlifted her up to the sky.\n\nAs she waved to the people below\nin Castle Town, she could see so\nmany people, some waving back,\nothers staring wide-eyed.\n\n\n\nAgitha flew in a big circle above\nHyrule Field and the butterflies\nformed into a bed beneath her\nand said, \"Let's play again...\"\nSoon they faded away and she\nwoke up in her own bed.\n\nOhh... Agitha wants so badly to\nfly in the sky...\nThe Lanayru Tourist Association\nhas prepared a grand tour of\nnatural splendor!\n\nOur current main attraction is Iza\nand Hena's Playground for\nGrown-ups!\n\nYou'll find both immediately down\nthe riverbank from the Zora\nwaterfall pool.\n\n Iza's Rapid Ride \nShoot at targets while riding the\nraging river rapids! No extra\ncharge for using bomb arrows!\n\n Hena's Fishing Hole \nIt's a fight against nature with\nlure fishing! What kind of fish can\nyou catch?\n\nWe look forward to seeing you\nthere!\nThank you so much for beating\nthose beasts the other day.\n\nIs the girl doing well? I certainly\nhope so.\n\nThough there isn't much to do\nhere, please stop in sometime!\n\n\n\n\nWow, kid! Awesome!\n\n\n\n\n\n\n\n(My son said that he wanted to\nwrite you a letter... He worked so\nhard on it! Goodness, yes!)\n\nWe thank you for all your help,\nboth on land and in the sky. The\nother Oocca thank you, as well.\n\nCome visit us anytime! Take care!\nThank you for your patronage!\nEnjoy the power of our bombs!\n\nNot only can you place and throw\nour bombs, but they can be \n combined  with the  bow  by going\nto the    Items screen  and using\n  to create  bomb arrows .\nTry it today!\nDear  ,\n\nAfter we parted, I tried that word\non all the statues I could find in\nHyrule, but it was a disaster!\nHow disappointing!\n\n...But if I let something so small\nget to me, my dear father will\nscoff at me from beyond the\nmortal coil.\n\nI'm going back to the sanctuary in\nKakariko Village to see if I can't\nfind another lead.\n\nI certainly hope that if you find \nany more information, you will\nshare it with me posthaste. \n\nThe dream chaser, Shad\nI feel bad. You paid me visit and\nI not much help.\n\nI feel better now. Husband and I\nsled lots now. Very much fun.\n\n , you join us at\nSnowpeak sometime!\n\n\n\n\n\n\n\n\n\n\n\n\n\n\n\n\n\n\n\n\n\n\n\n\n\n\n\n\n\n\n\n\n\n\n\n\n\n\n\n\n\n\n\n\n\n\n\n\n\n\n\n\n\n\n\n\n\n\n\n\n\n\n\n\n\n\n\n\n\n\n\n\n\n\n\n\n\n\n\n\n\n\n\n\n\n\n\n\n\n\n\n\n\n\n\n\n\n\n\nIt feels creepy...\n  , be careful.\nSo that big monster with the horns\nbuilt a base in a place like this?!\nThis place looks like it'll be\ncrawling with enemies, so be\ncareful, OK?\nLooks like you're trapped...\nWho knows what's around here, so \ndon't let your guard down...\nNot this guy again!\nHmph!  Let's teach him that flailing\na giant axe around is NEVER a\ngood idea!\nIf we want to get out of here, the\nonly thing we can do is break down\nthe gate!\nLook!  That boar looks strong\nenough to do the job!\nHey, don't lose sight of that\nmonkey!\nNow that you don't have your\nlantern, you kind of have to follow\nher, right?\nWell, well...  This place is hopping...\n Eee hee!\nMaybe if you light the  candles , \n you'll find the  basement entrance ...\n Don't you think?  This sanctuary is\nold, but it sure is extravagant!\nYou haven't forgotten about the\nspirit, have you?  Hurry up and talk\nto it!\nHurry up and get the gift from the\nZora queen!\nApparently that girl is holding the \nkey to the sky...\n , we have to help her \nget her memory back!\nI'm happy we were able to help that\ngirl get her memory back.\nAnd as a result, we were able to get\na tip on how to get to the sky!\n , almost done!\nIt looks as though this is the\nsummit.\nHey...  Hey!  A giant white beast\nholding a red fish...\nAt least your efforts yielded\nsomething... Who would have\nthought the yeti would have one of\nthe mirror shards?\nAll right! Let's hurry to the yeti's\nhouse!\nIf we follow t\n\n---\n\nExtract glossary entries following the instructions. For each item include 'term', 'translation', and 'notes' (1-2 short Ukrainian sentences)."
  }
]
--- RESPONSE RECEIVED ---
```json
[
  {
    "term": "sanctuary",
    "translation": "святилище",
    "notes": "Священне місце в Какаріко, де можна знайти певних персонажів. Місце для зустрічей та отримання інформації."
  },
  {
    "term": "Kakariko Village",
    "translation": "Село Какаріко",
    "notes": "Назва поселення в грі. Одна з основних локацій, де живуть NPC та є святилище."
  },
  {
    "term": "Ooccoo",
    "translation": "Уку",
    "notes": "Ім'я персонажа-птаха, який допомагає гравцеві. Має сина і може використовуватися як предмет для телепортації."
  },
  {
    "term": "Barnes",
    "translation": "Барнс",
    "notes": "Ім'я торговця бомбами з Какаріко. Продає різні види бомб, включно з водяними."
  },
  {
    "term": "bomb arrows",
    "translation": "вибухові стріли",
    "notes": "Комбінація бомб та лука. Створюються через меню предметів поєднанням бомб зі стрілами."
  },
  {
    "term": "item screen",
    "translation": "меню предметів",
    "notes": "Екран інвентаря, де можна комбінувати предмети. Використовується для створення вибухових стріл."
  },
  {
    "term": "bow",
    "translation": "лук",
    "notes": "Зброя для стрільби стрілами. Може комбінуватися з бомбами для створення вибухових стріл."
  },
  {
    "term": "Malo Mart",
    "translation": "Крамниця Мало",
    "notes": "Назва магазину з низькими цінами. Має філії в різних локаціях, включно з Містом-Фортецею."
  },
  {
    "term": "Castle Town",
    "translation": "Місто-Фортеця",
    "notes": "Головне місто Хайрулу. Центральна локація з багатьма магазинами, барами та розвагами."
  },
  {
    "term": "Magic Armor",
    "translation": "Магічна Броня",
    "notes": "Спеціальний предмет обладунків. Продається в обмеженій кількості під час відкриття магазину."
  },
  {
    "term": "bar",
    "translation": "бар",
    "notes": "Заклад Телми в Місті-Фортеці. Місце зустрічі з союзниками та отримання квестів."
  },
  {
    "term": "Telma",
    "translation": "Телма",
    "notes": "Ім'я власниці бару в Місті-Фортеці. Допомагає головному герою знайти союзників."
  },
  {
    "term": "STAR game",
    "translation": "гра ЗІРКА",
    "notes": "Популярна міні-гра в Хайрулі. Доступна в різних локаціях з новими викликами."
  },
  {
    "term": "Hyrule",
    "translation": "Хайрул",
    "notes": "Назва фантастичного королівства, де відбувається дія гри. Основна ігрова локація."
  },
  {
    "term": "Fanadi's Palace",
    "translation": "Палац Фанаді",
    "notes": "Заклад ворожки в Місті-Фортеці. Пропонує послуги передбачення майбутнього."
  },
  {
    "term": "Agitha",
    "translation": "Аґіта",
    "notes": "Ім'я дівчинки, яка колекціонує метеликів. Живе в Місті-Фортеці та має особливі мрії."
  },
  {
    "term": "Hyrule Field",
    "translation": "Хайрульське Поле",
    "notes": "Велика відкрита локація в грі. Центральна область для подорожей між іншими локаціями."
  },
  {
    "term": "Lanayru",
    "translation": "Ланайру",
    "notes": "Назва регіону в Хайрулі. Область з водоймами та туристичними атракціонами."
  },
  {
    "term": "Iza's Rapid Ride",
    "translation": "Сплав Ізи",
    "notes": "Атракціон зі стрільбою по мішенях на річці. Безкоштовне використання вибухових стріл."
  },
  {
    "term": "Hena's Fishing Hole",
    "translation": "Рибальське Місце Гени",
    "notes": "Локація для риболовлі з використанням приманок. Міні-гра для дорослих."
  },
  {
    "term": "Zora",
    "translation": "Зора",
    "notes": "Назва раси водяних істот. Мають водоспад та басейн у своєму регіоні."
  },
  {
    "term": "Oocca",
    "translation": "Уки",
    "notes": "Назва раси небесних птахоподібних істот. Живуть у небі та допомагають герою."
  },
  {
    "term": "Shad",
    "translation": "Шад",
    "notes": "Ім'я дослідника та мрійника. Шукає інформацію про статуї та таємні слова в Хайрулі."
  },
  {
    "term": "Snowpeak",
    "translation": "Сніжна Вершина",
    "notes": "Гірська снігова локація. Місце, де живе подружжя, що катається на санчатах."
  },
  {
    "term": "lantern",
    "translation": "ліхтар",
    "notes": "Предмет для освітлення темних місць. Необхідний для проходження деяких локацій."
  },
  {
    "term": "candles",
    "translation": "свічки",
    "notes": "Джерела світла в святилищі. Запалення свічок може відкрити таємні проходи."
  },
  {
    "term": "basement",
    "translation": "підвал",
    "notes": "Нижній поверх будівлі. Вхід може бути прихований і відкривається через механізми."
  },
  {
    "term": "spirit",
    "translation": "дух",
    "notes": "Духовна сутність, з якою потрібно поговорити. Дає важливу інформацію для просування."
  },
  {
    "term": "mirror shards",
    "translation": "уламки дзеркала",
    "notes": "Фрагменти магічного дзеркала. Колекціонуються протягом гри для відновлення артефакту."
  },
  {
    "term": "yeti",
    "translation": "йєті",
    "notes": "Велика біла істота, що живе в горах. Володіє одним з уламків дзеркала."
  }
]
```
============================================================

==================== 2026-05-22 20:41:22.171 ====================
Task Type: build_glossary
--- MESSAGES SENT ---
[
  {
    "role": "system",
    "content": "You are a linguistic assistant creating a glossary for a video game translation from English to Ukrainian. Analyze the provided text chunk and identify key terms: proper names, locations, items, recurring phrases, and unique concepts. Return them as a JSON array of objects. Each object must include the keys 'term' (original English term), 'translation' (Ukrainian translation), and 'notes' (a short Ukrainian description of what the term means or how it is used). Do not add any extra text outside of the JSON array."
  },
  {
    "role": "user",
    "content": "Here is the text chunk to analyze:\n\n---\n\nhe scent, we may be\nable to get through the snow!\nWe don't have any other option\nright now... We'll just have to give\nit a try!\nHurry! Let's get the mirror shard\nfrom the house of the Snowpeak\nyeti!\nSkill One\nSkill Two\nSkill Three\nSkill Four\nSkill Five\nSkill Six\nLast Skill\nShield Attack\nEnding Blow\nBack Slice\nHelm Splitter\nMortal Draw\nJump Strike\nGreat Spin\n While  - targeting  your enemy,\nshove forward with your shield\nusing  . You can also reflect your\nfoe's projectiles back at them!\n When your enemy is down, quickly\n   -target  and press   to deliver the\nmortal strike.\n While   -targeting , roll around your\nopponent by jumping with   and\nattack midroll by pressing  .\n While   -targeting  the enemy,\nuse   to  shield-attack  then\nimmediately attack with  .\n With your sword in its scabbard, \nwithout  -targeting, press   as\nyour enemy draws near.\n   -target  the enemy then press,\nhold, and release  .\n With your life energy full, perform a\n spin attack . (Either press, hold, and\nrelease   or rotate   and press  .)\nWhile   -targeting  your enemy, thrust the\n Nunchuk  forward to shove with your shield.\nYou can also reflect your foe's\nprojectiles!\nWhen your enemy is down, quickly\n  -target  and press   to deliver the\nmortal strike.\nWhile   -targeting , roll around your\nopponent by jumping with   and\nattack midroll by shaking  .\nWhile   -targeting  the enemy, \nperform a  shield attack  then\nimmediately attack with  .\nWith your sword in its scabbard,\nwithout  -targeting, press   as\nyour enemy draws near.\n  -target  the enemy then press,\nhold, and release  .\nWith your life energy full, perform a  spin\nattack . (Lightly shake the  Nunchuk  side\nto side.)\n\n\n\n\n\n\n\n\nSo...you're  ...right?\nSorry about giving you so much\ntrouble before.  I'm not proud of it,\nbut it's in my genes to obey anyone\nwho blows a reed. How sad...\nI'll tell you what... Next time, call\nme like that when you need\nsomething.  Who knows? I might be\nable to help you out!\nHey there,  .\nI hope that you'll call on me again\nsomeday.  I'll help you out!\nSo...you're  ...right?\nSorry about giving you so much\ntrouble before.  I'm not proud of it,\nbut it's in my genes to obey anyone\nwho blows a reed. How sad...\nTo make up for it, I'd be happy to\ntake a look around and see if\nthere are any nearby items that\nmight interest you!\nLet me make up for that mess\nearlier by pointing out any\nwonderful items around here!\n , there's nothing\naround here.\nHey! There's something near here,\n !\nYour voice... It sounded just like a\nreed...  That's why I flew down.\n\n\n\n\n\n\n\n\n\n\n\n\n\n\n\n\n\n\n\n\n\n\n\n\n\n\n\n\n\n\n\n\n\n\n\n\n\n\n\n\n\n\n\n\n\n\n\n\n\n\n\n\n\n\n\n\n\n\n\n\n\n\n\n\n\n\n\n\n\n\n\n\n\n\n\n\n\n\n\n\n\n\n\n\n\n\n\n\n\n\n\n\n\n\n\n\n\n\n\n\n\n\n\n\n\n\n\n\n\n\n\n\n\n\n\n\n\n\n\n\n\n\n\n\n\n\n\n\n\n\n\n\n\n\n\n\n\n\n\n\n\n\n\n\n\n\n\n\n\n\n\n\n\n\n\n\n\n\n\n\n\n\n\n\n\n\n\n\n\n\n\n\n\n\n\n\n  You caught a  greengill ( ) ! \n These small fries are everywhere.\n\n\nPress  START  to check the fish\nyou've caught on the  Collection\nscreen .\n  You caught a  greengill ( ) ! \n These small fries are everywhere.\nYou can catch these whenever you\nwant, so let this one go.\n  You caught a  greengill ( ) ! \n These small fries are everywhere.\n\n\nThis one sets a new size record!\nThe record in the fish journal\nhas been updated. Let the little\nguy go with  .\n  That's a  Hyrule bass ( ) ! \n For fishing enthusiasts, this fish\nis one of the basics. \n\nPress  START  to check the fish\nyou've caught on the  Collection\nscreen . Let this little guy go\nwith  .\n  That's a  Hyrule bass ( ) ! \n\n\n\n For fishing enthusiasts, this fish\nis one of the basics. Let this little\nguy go with  .\n  That's a  Hyrule bass ( ) ! \n For fishing enthusiasts, this fish\nis one of the basics. \n \nThis one sets a new size record!\nThe record in the fish journal\nhas been updated. Let this guy\ngo with  .\n  That's a  Hylian pike ( ) ! \n These have been gaining in\npopularity lately.\n\nPress  START  to check the fish\nyou've caught on the  Collection\nscreen . Release it with  .\n  That's a  Hylian pike ( ) ! \n These have been gaining in\npopularity lately. Release it with  .\n  That's a  Hylian pike ( ) ! \n These have been gaining in\npopularity lately.\n\nThis one sets a new size record!\nThe record in the fish journal\nhas been updated. Release it with\n .\n  That's a  Hylian loach ( ) ! \n It's the fry of a legendary fish...\n\n\nPress  START  to check the fish\nyou've caught on the  Collection\nscreen . Release this one with  \nand catch it when it's grown!\n  That's a  Hylian loach ( ) ! \n It's the fry of a legendary fish...\n\n\nRelease this one with   and\ncatch it when it's grown!\n  That's a  Hylian loach ( ) ! \n It's the fry of a legendary fish...\n\n\nThis one sets a new size record!\nThe record in the fish journal\nhas been updated. Release it with\n  and catch it when it's grown!\n  That's an  Ordon catfish ( ) ! \n From Ordon like  !\n\n\nPress {escape:\n\n---\n\nExtract glossary entries following the instructions. For each item include 'term', 'translation', and 'notes' (1-2 short Ukrainian sentences)."
  }
]
============================================================

==================== 2026-05-22 20:41:44.236 ====================
Task Type: build_glossary
--- MESSAGES SENT ---
[
  {
    "role": "system",
    "content": "You are a linguistic assistant creating a glossary for a video game translation from English to Ukrainian. Analyze the provided text chunk and identify key terms: proper names, locations, items, recurring phrases, and unique concepts. Return them as a JSON array of objects. Each object must include the keys 'term' (original English term), 'translation' (Ukrainian translation), and 'notes' (a short Ukrainian description of what the term means or how it is used). Do not add any extra text outside of the JSON array."
  },
  {
    "role": "user",
    "content": "Here is the text chunk to analyze:\n\n---\n\nhe scent, we may be\nable to get through the snow!\nWe don't have any other option\nright now... We'll just have to give\nit a try!\nHurry! Let's get the mirror shard\nfrom the house of the Snowpeak\nyeti!\nSkill One\nSkill Two\nSkill Three\nSkill Four\nSkill Five\nSkill Six\nLast Skill\nShield Attack\nEnding Blow\nBack Slice\nHelm Splitter\nMortal Draw\nJump Strike\nGreat Spin\n While  - targeting  your enemy,\nshove forward with your shield\nusing  . You can also reflect your\nfoe's projectiles back at them!\n When your enemy is down, quickly\n   -target  and press   to deliver the\nmortal strike.\n While   -targeting , roll around your\nopponent by jumping with   and\nattack midroll by pressing  .\n While   -targeting  the enemy,\nuse   to  shield-attack  then\nimmediately attack with  .\n With your sword in its scabbard, \nwithout  -targeting, press   as\nyour enemy draws near.\n   -target  the enemy then press,\nhold, and release  .\n With your life energy full, perform a\n spin attack . (Either press, hold, and\nrelease   or rotate   and press  .)\nWhile   -targeting  your enemy, thrust the\n Nunchuk  forward to shove with your shield.\nYou can also reflect your foe's\nprojectiles!\nWhen your enemy is down, quickly\n  -target  and press   to deliver the\nmortal strike.\nWhile   -targeting , roll around your\nopponent by jumping with   and\nattack midroll by shaking  .\nWhile   -targeting  the enemy, \nperform a  shield attack  then\nimmediately attack with  .\nWith your sword in its scabbard,\nwithout  -targeting, press   as\nyour enemy draws near.\n  -target  the enemy then press,\nhold, and release  .\nWith your life energy full, perform a  spin\nattack . (Lightly shake the  Nunchuk  side\nto side.)\n\n\n\n\n\n\n\n\nSo...you're  ...right?\nSorry about giving you so much\ntrouble before.  I'm not proud of it,\nbut it's in my genes to obey anyone\nwho blows a reed. How sad...\nI'll tell you what... Next time, call\nme like that when you need\nsomething.  Who knows? I might be\nable to help you out!\nHey there,  .\nI hope that you'll call on me again\nsomeday.  I'll help you out!\nSo...you're  ...right?\nSorry about giving you so much\ntrouble before.  I'm not proud of it,\nbut it's in my genes to obey anyone\nwho blows a reed. How sad...\nTo make up for it, I'd be happy to\ntake a look around and see if\nthere are any nearby items that\nmight interest you!\nLet me make up for that mess\nearlier by pointing out any\nwonderful items around here!\n , there's nothing\naround here.\nHey! There's something near here,\n !\nYour voice... It sounded just like a\nreed...  That's why I flew down.\n\n\n\n\n\n\n\n\n\n\n\n\n\n\n\n\n\n\n\n\n\n\n\n\n\n\n\n\n\n\n\n\n\n\n\n\n\n\n\n\n\n\n\n\n\n\n\n\n\n\n\n\n\n\n\n\n\n\n\n\n\n\n\n\n\n\n\n\n\n\n\n\n\n\n\n\n\n\n\n\n\n\n\n\n\n\n\n\n\n\n\n\n\n\n\n\n\n\n\n\n\n\n\n\n\n\n\n\n\n\n\n\n\n\n\n\n\n\n\n\n\n\n\n\n\n\n\n\n\n\n\n\n\n\n\n\n\n\n\n\n\n\n\n\n\n\n\n\n\n\n\n\n\n\n\n\n\n\n\n\n\n\n\n\n\n\n\n\n\n\n\n\n\n\n\n\n  You caught a  greengill ( ) ! \n These small fries are everywhere.\n\n\nPress  START  to check the fish\nyou've caught on the  Collection\nscreen .\n  You caught a  greengill ( ) ! \n These small fries are everywhere.\nYou can catch these whenever you\nwant, so let this one go.\n  You caught a  greengill ( ) ! \n These small fries are everywhere.\n\n\nThis one sets a new size record!\nThe record in the fish journal\nhas been updated. Let the little\nguy go with  .\n  That's a  Hyrule bass ( ) ! \n For fishing enthusiasts, this fish\nis one of the basics. \n\nPress  START  to check the fish\nyou've caught on the  Collection\nscreen . Let this little guy go\nwith  .\n  That's a  Hyrule bass ( ) ! \n\n\n\n For fishing enthusiasts, this fish\nis one of the basics. Let this little\nguy go with  .\n  That's a  Hyrule bass ( ) ! \n For fishing enthusiasts, this fish\nis one of the basics. \n \nThis one sets a new size record!\nThe record in the fish journal\nhas been updated. Let this guy\ngo with  .\n  That's a  Hylian pike ( ) ! \n These have been gaining in\npopularity lately.\n\nPress  START  to check the fish\nyou've caught on the  Collection\nscreen . Release it with  .\n  That's a  Hylian pike ( ) ! \n These have been gaining in\npopularity lately. Release it with  .\n  That's a  Hylian pike ( ) ! \n These have been gaining in\npopularity lately.\n\nThis one sets a new size record!\nThe record in the fish journal\nhas been updated. Release it with\n .\n  That's a  Hylian loach ( ) ! \n It's the fry of a legendary fish...\n\n\nPress  START  to check the fish\nyou've caught on the  Collection\nscreen . Release this one with  \nand catch it when it's grown!\n  That's a  Hylian loach ( ) ! \n It's the fry of a legendary fish...\n\n\nRelease this one with   and\ncatch it when it's grown!\n  That's a  Hylian loach ( ) ! \n It's the fry of a legendary fish...\n\n\nThis one sets a new size record!\nThe record in the fish journal\nhas been updated. Release it with\n  and catch it when it's grown!\n  That's an  Ordon catfish ( ) ! \n From Ordon like  !\n\n\nPress {escape:\n\n---\n\nExtract glossary entries following the instructions. For each item include 'term', 'translation', and 'notes' (1-2 short Ukrainian sentences)."
  }
]
--- RESPONSE RECEIVED ---
```json
[
  {
    "term": "Snowpeak",
    "translation": "Сніговий Пік",
    "notes": "Назва локації в грі, де живе йєті. Гірська снігова область."
  },
  {
    "term": "yeti",
    "translation": "йєті",
    "notes": "Mythічна істота, що мешкає в снігових горах Snowpeak."
  },
  {
    "term": "mirror shard",
    "translation": "уламок дзеркала",
    "notes": "Важливий предмет квесту, який потрібно отримати в будинку йєті."
  },
  {
    "term": "Shield Attack",
    "translation": "Атака щитом",
    "notes": "Бойовий прийом, що дозволяє штовхати ворога щитом і відбивати снаряди."
  },
  {
    "term": "Ending Blow",
    "translation": "Завершальний удар",
    "notes": "Смертельний удар по поваленому ворогу."
  },
  {
    "term": "Back Slice",
    "translation": "Удар у спину",
    "notes": "Прийом, що дозволяє обкотитися навколо ворога і атакувати ззаду."
  },
  {
    "term": "Helm Splitter",
    "translation": "Розсікач шолома",
    "notes": "Комбо-атака після удару щитом."
  },
  {
    "term": "Mortal Draw",
    "translation": "Смертельне витягування",
    "notes": "Швидка атака мечем з піхов, коли ворог наближається."
  },
  {
    "term": "Jump Strike",
    "translation": "Стрибковий удар",
    "notes": "Потужна атака з стрибка при таргетуванні ворога."
  },
  {
    "term": "Great Spin",
    "translation": "Великий вихор",
    "notes": "Обертова атака, доступна при повному здоров'ї."
  },
  {
    "term": "spin attack",
    "translation": "вихрова атака",
    "notes": "Обертова атака мечем навколо персонажа."
  },
  {
    "term": "targeting",
    "translation": "таргетування / наведення",
    "notes": "Механіка фокусування на ворогу під час бою."
  },
  {
    "term": "life energy",
    "translation": "життєва енергія",
    "notes": "Показник здоров'я персонажа."
  },
  {
    "term": "reed",
    "translation": "очерет / дудка",
    "notes": "Предмет, звук якого приваблює певних істот."
  },
  {
    "term": "greengill",
    "translation": "зеленозяброва риба",
    "notes": "Дрібна риба, яку можна зловити скрізь у водоймах."
  },
  {
    "term": "Hyrule bass",
    "translation": "хайрульський окунь",
    "notes": "Базова риба для ентузіастів рибалки."
  },
  {
    "term": "Hylian pike",
    "translation": "хайліанська щука",
    "notes": "Популярна риба, що набуває популярності."
  },
  {
    "term": "Hylian loach",
    "translation": "хайліанський в'юн",
    "notes": "Малек легендарної риби, яку краще відпустити, щоб виросла."
  },
  {
    "term": "Ordon catfish",
    "translation": "ордонський сом",
    "notes": "Риба з регіону Ордон, звідки родом головний герой."
  },
  {
    "term": "Ordon",
    "translation": "Ордон",
    "notes": "Назва регіону, батьківщина головного героя."
  },
  {
    "term": "Collection screen",
    "translation": "Екран колекції",
    "notes": "Меню, де можна переглянути зловлену рибу та інші предмети."
  },
  {
    "term": "fish journal",
    "translation": "рибальський журнал",
    "notes": "Записник, де фіксуються рекорди розмірів зловленої риби."
  }
]
```
============================================================

==================== 2026-05-22 20:41:44.238 ====================
Task Type: build_glossary
--- MESSAGES SENT ---
[
  {
    "role": "system",
    "content": "You are a linguistic assistant creating a glossary for a video game translation from English to Ukrainian. Analyze the provided text chunk and identify key terms: proper names, locations, items, recurring phrases, and unique concepts. Return them as a JSON array of objects. Each object must include the keys 'term' (original English term), 'translation' (Ukrainian translation), and 'notes' (a short Ukrainian description of what the term means or how it is used). Do not add any extra text outside of the JSON array."
  },
  {
    "role": "user",
    "content": "Here is the text chunk to analyze:\n\n---\n\n255:000001}START  to check the fish\nyou've caught on the  Collection\nscreen . Release this one with  .\n  That's an  Ordon catfish ( ) ! \n From Ordon like  !\n\n\nRelease this one with  .\n  That's an  Ordon catfish ( ) ! \n From Ordon like  !\n\n\nThis one sets a new size record!\nThe record in the fish journal\nhas been updated. Release this one\nwith  .\n  You caught a  boot ... \n Well, it's no fish, but it's \ngood for the environment! Dispose\nof it with  .\n  You caught another  boot ... \n Will there ever be a day when\npeople don't throw boots away \nlike this?\nDispose of it with  .\n  You caught a  bag of Rupees ! \n You don't know who dropped it,\nso it's OK to keep it. Open it with\n  to find out how much is inside!\n  You caught a  sinking lure ! \n This prohibited item is forbidden\nin fish ponds...but it shines and\nshould be good for fishing!\nPress   to take it, and you can\nuse it the next time you go lure\nfishing.\n  You caught a  skullfish ! \n It looks stronger than it is...\n\n\nThis fish is forbidden, so it won't\nbe added to your fish journal.\nRelease it with  .\n  You caught a  bombfish ! \n This handy fish can be used as\na bomb!\n\nActually, catching this fish is\nforbidden, so it won't be added\nto your fish journal. Press  \nto sneak it into your bomb bag.\n  You caught an  empty bottle ! \n Not only can you use this, but\nit'll clean up the waterway in the\nprocess. Two birds, one stone!\nPress   to stow it with your\nother items.\n  You caught a  wheel ... \n You didn't catch a fish, but at least\nyou helped the environment!\nDispose of it with  .\n  You caught an  empty can ... \n Too bad it wasn't an empty bottle...\nHelp the environment and dispose\nof it with  .\n  You caught a  twig ... \n You didn't catch a fish, but\ncatching detritus is good practice.\nDispose of it with  .\n  You caught a  bombfish ! \n It can be used as a bomb!\n...But your bomb bag is full, so\nyou can't carry it.\nThis fish is forbidden, so it won't\nbe added to your fish journal.\nRelease it with  .\n\n\n\n  That's a  reekfish ( ) ! \n This sacred fish is only found\nnear the Zora village. It...reeks.\n\nYou can see fish you've caught\nby pressing  START  and viewing\nthe  Collection screen .\n That's a  reekfish ( ) ! \nThis rare fish is only found near\nthe Zora village.\n\n It...reeks.\n That's a  reekfish ( ) ! \nThis rare fish is only found near\nthe Zora village.\n\n It...reeks. But you've set a new\nsize record! Your fish journal\nhas been updated.\n\n\n\n\n\n\n\n\n\n\n\n\n\n\n\n\n\n\n You caught a  greengill ( ) ! \n These small fries are everywhere.\n\n\nPress   to check the fish\nyou've caught on the  Collection\nscreen . Let this one go with  .\nYou caught a  greengill ( ) ! \n These small fries are everywhere.\nYou can catch these all the time,\nso press   to release it.\n You caught a  greengill ( ) ! \n These small fries are everywhere.\n\n\nThis one sets a new size record!\nThe record in the fish journal\nhas been updated. Let the little\nguy go with  .\n That's a  Hyrule bass ( ) ! \n For fishing enthusiasts, this fish\nis one of the basics. \n\nPress     to check the fish\nyou've caught on the  Collection\nscreen . Let this little guy go\nwith  .\n That's a  Hyrule bass ( ) ! \n\n\n\n For fishing enthusiasts, this fish\nis one of the basics. Let this little\nguy go with  .\n That's a  Hyrule bass ( ) ! \n For fishing enthusiasts, this fish\nis one of the basics. \n \nThis one sets a new size record!\nThe record in the fish journal\nhas been updated. Let this guy\ngo with  .\n That's a  Hylian pike ( ) ! \n These have been gaining in\npopularity lately.\n\nPress     to check the fish\nyou've caught on the  Collection\nscreen . Release it with  .\n That's a  Hylian pike ( ) ! \n These have been gaining in\npopularity lately. Release it with  .\n That's a  Hylian pike ( ) ! \n These have been gaining in\npopularity lately.\n\nThis one sets a new size record!\nThe record in the fish journal\nhas been updated. Release it with\n .\n That's a  Hylian loach ( ) ! \n It's the fry of a legendary fish...\n\n\nPress     to check the fish\nyou've caught on the  Collection\nscreen . Release this one with  \nand catch it when it's grown!\n That's a  Hylian loach ( ) ! \n It's the fry of a legendary fish...\n\n\nRelease this one with   and\ncatch it when it's grown!\n That's a  Hylian loach ( ) ! \n It's the fry of a legendary fish...\n\n\nThis one sets a new size record!\nThe record in the fish journal\nhas been updated. Release it with\n  a\n\n---\n\nExtract glossary entries following the instructions. For each item include 'term', 'translation', and 'notes' (1-2 short Ukrainian sentences)."
  }
]
============================================================

==================== 2026-05-22 20:42:20.159 ====================
Task Type: build_glossary
--- MESSAGES SENT ---
[
  {
    "role": "system",
    "content": "You are a linguistic assistant creating a glossary for a video game translation from English to Ukrainian. Analyze the provided text chunk and identify key terms: proper names, locations, items, recurring phrases, and unique concepts. Return them as a JSON array of objects. Each object must include the keys 'term' (original English term), 'translation' (Ukrainian translation), and 'notes' (a short Ukrainian description of what the term means or how it is used). Do not add any extra text outside of the JSON array."
  },
  {
    "role": "user",
    "content": "Here is the text chunk to analyze:\n\n---\n\n255:000001}START  to check the fish\nyou've caught on the  Collection\nscreen . Release this one with  .\n  That's an  Ordon catfish ( ) ! \n From Ordon like  !\n\n\nRelease this one with  .\n  That's an  Ordon catfish ( ) ! \n From Ordon like  !\n\n\nThis one sets a new size record!\nThe record in the fish journal\nhas been updated. Release this one\nwith  .\n  You caught a  boot ... \n Well, it's no fish, but it's \ngood for the environment! Dispose\nof it with  .\n  You caught another  boot ... \n Will there ever be a day when\npeople don't throw boots away \nlike this?\nDispose of it with  .\n  You caught a  bag of Rupees ! \n You don't know who dropped it,\nso it's OK to keep it. Open it with\n  to find out how much is inside!\n  You caught a  sinking lure ! \n This prohibited item is forbidden\nin fish ponds...but it shines and\nshould be good for fishing!\nPress   to take it, and you can\nuse it the next time you go lure\nfishing.\n  You caught a  skullfish ! \n It looks stronger than it is...\n\n\nThis fish is forbidden, so it won't\nbe added to your fish journal.\nRelease it with  .\n  You caught a  bombfish ! \n This handy fish can be used as\na bomb!\n\nActually, catching this fish is\nforbidden, so it won't be added\nto your fish journal. Press  \nto sneak it into your bomb bag.\n  You caught an  empty bottle ! \n Not only can you use this, but\nit'll clean up the waterway in the\nprocess. Two birds, one stone!\nPress   to stow it with your\nother items.\n  You caught a  wheel ... \n You didn't catch a fish, but at least\nyou helped the environment!\nDispose of it with  .\n  You caught an  empty can ... \n Too bad it wasn't an empty bottle...\nHelp the environment and dispose\nof it with  .\n  You caught a  twig ... \n You didn't catch a fish, but\ncatching detritus is good practice.\nDispose of it with  .\n  You caught a  bombfish ! \n It can be used as a bomb!\n...But your bomb bag is full, so\nyou can't carry it.\nThis fish is forbidden, so it won't\nbe added to your fish journal.\nRelease it with  .\n\n\n\n  That's a  reekfish ( ) ! \n This sacred fish is only found\nnear the Zora village. It...reeks.\n\nYou can see fish you've caught\nby pressing  START  and viewing\nthe  Collection screen .\n That's a  reekfish ( ) ! \nThis rare fish is only found near\nthe Zora village.\n\n It...reeks.\n That's a  reekfish ( ) ! \nThis rare fish is only found near\nthe Zora village.\n\n It...reeks. But you've set a new\nsize record! Your fish journal\nhas been updated.\n\n\n\n\n\n\n\n\n\n\n\n\n\n\n\n\n\n\n You caught a  greengill ( ) ! \n These small fries are everywhere.\n\n\nPress   to check the fish\nyou've caught on the  Collection\nscreen . Let this one go with  .\nYou caught a  greengill ( ) ! \n These small fries are everywhere.\nYou can catch these all the time,\nso press   to release it.\n You caught a  greengill ( ) ! \n These small fries are everywhere.\n\n\nThis one sets a new size record!\nThe record in the fish journal\nhas been updated. Let the little\nguy go with  .\n That's a  Hyrule bass ( ) ! \n For fishing enthusiasts, this fish\nis one of the basics. \n\nPress     to check the fish\nyou've caught on the  Collection\nscreen . Let this little guy go\nwith  .\n That's a  Hyrule bass ( ) ! \n\n\n\n For fishing enthusiasts, this fish\nis one of the basics. Let this little\nguy go with  .\n That's a  Hyrule bass ( ) ! \n For fishing enthusiasts, this fish\nis one of the basics. \n \nThis one sets a new size record!\nThe record in the fish journal\nhas been updated. Let this guy\ngo with  .\n That's a  Hylian pike ( ) ! \n These have been gaining in\npopularity lately.\n\nPress     to check the fish\nyou've caught on the  Collection\nscreen . Release it with  .\n That's a  Hylian pike ( ) ! \n These have been gaining in\npopularity lately. Release it with  .\n That's a  Hylian pike ( ) ! \n These have been gaining in\npopularity lately.\n\nThis one sets a new size record!\nThe record in the fish journal\nhas been updated. Release it with\n .\n That's a  Hylian loach ( ) ! \n It's the fry of a legendary fish...\n\n\nPress     to check the fish\nyou've caught on the  Collection\nscreen . Release this one with  \nand catch it when it's grown!\n That's a  Hylian loach ( ) ! \n It's the fry of a legendary fish...\n\n\nRelease this one with   and\ncatch it when it's grown!\n That's a  Hylian loach ( ) ! \n It's the fry of a legendary fish...\n\n\nThis one sets a new size record!\nThe record in the fish journal\nhas been updated. Release it with\n  a\n\n---\n\nExtract glossary entries following the instructions. For each item include 'term', 'translation', and 'notes' (1-2 short Ukrainian sentences)."
  }
]
--- RESPONSE RECEIVED ---
```json
[
  {
    "term": "Collection screen",
    "translation": "Екран колекції",
    "notes": "Меню, де гравець може переглянути зловлену рибу та інші предмети."
  },
  {
    "term": "Ordon catfish",
    "translation": "Ордонський сом",
    "notes": "Вид риби з регіону Ордон. Назва локації залишається без перекладу."
  },
  {
    "term": "Ordon",
    "translation": "Ордон",
    "notes": "Назва регіону або поселення у грі. Власна назва, транслітерується."
  },
  {
    "term": "fish journal",
    "translation": "рибальський журнал",
    "notes": "Записник, де зберігаються рекорди розмірів зловленої риби."
  },
  {
    "term": "boot",
    "translation": "чобіт",
    "notes": "Сміття, яке можна виловити замість риби."
  },
  {
    "term": "bag of Rupees",
    "translation": "мішечок рупій",
    "notes": "Предмет з грошима, який можна знайти під час риболовлі."
  },
  {
    "term": "Rupees",
    "translation": "рупії",
    "notes": "Ігрова валюта у всесвіті Zelda."
  },
  {
    "term": "sinking lure",
    "translation": "тонуча принада",
    "notes": "Заборонена приманка для риболовлі, яка добре працює."
  },
  {
    "term": "skullfish",
    "translation": "черепориба",
    "notes": "Заборонена риба, яка не додається до журналу."
  },
  {
    "term": "bombfish",
    "translation": "бомбориба",
    "notes": "Заборонена риба, яку можна використати як бомбу."
  },
  {
    "term": "bomb bag",
    "translation": "сумка для бомб",
    "notes": "Інвентарний предмет для зберігання бомб."
  },
  {
    "term": "empty bottle",
    "translation": "порожня пляшка",
    "notes": "Корисний предмет, який можна виловити та використовувати."
  },
  {
    "term": "wheel",
    "translation": "колесо",
    "notes": "Сміття, яке можна виловити замість риби."
  },
  {
    "term": "empty can",
    "translation": "порожня бляшанка",
    "notes": "Сміття, яке можна виловити замість риби."
  },
  {
    "term": "twig",
    "translation": "гілочка",
    "notes": "Сміття або уламок, який можна виловити."
  },
  {
    "term": "reekfish",
    "translation": "смердюча риба",
    "notes": "Священна риба з села Зора, має неприємний запах."
  },
  {
    "term": "Zora village",
    "translation": "село Зора",
    "notes": "Поселення раси Зора у грі."
  },
  {
    "term": "greengill",
    "translation": "зеленозяброва",
    "notes": "Дрібна поширена риба, яку легко зловити."
  },
  {
    "term": "Hyrule bass",
    "translation": "хайрульський окунь",
    "notes": "Базова риба для ентузіастів риболовлі."
  },
  {
    "term": "Hyrule",
    "translation": "Хайрул",
    "notes": "Назва королівства, де відбувається дія гри."
  },
  {
    "term": "Hylian pike",
    "translation": "хайліанська щука",
    "notes": "Популярна риба у світі гри."
  },
  {
    "term": "Hylian loach",
    "translation": "хайліанський в'юн",
    "notes": "Мальок легендарної риби, краще відпустити і зловити пізніше."
  },
  {
    "term": "size record",
    "translation": "рекорд розміру",
    "notes": "Найбільший розмір зловленої риби певного виду."
  }
]
```
============================================================

==================== 2026-05-22 20:42:20.161 ====================
Task Type: build_glossary
--- MESSAGES SENT ---
[
  {
    "role": "system",
    "content": "You are a linguistic assistant creating a glossary for a video game translation from English to Ukrainian. Analyze the provided text chunk and identify key terms: proper names, locations, items, recurring phrases, and unique concepts. Return them as a JSON array of objects. Each object must include the keys 'term' (original English term), 'translation' (Ukrainian translation), and 'notes' (a short Ukrainian description of what the term means or how it is used). Do not add any extra text outside of the JSON array."
  },
  {
    "role": "user",
    "content": "Here is the text chunk to analyze:\n\n---\n\nnd catch it when it's grown!\n That's an  Ordon catfish ( ) ! \n From Ordon like  !\n\n\nPress     to check the fish\nyou've caught on the  Collection\nscreen . Release this one with  .\n That's an  Ordon catfish ( ) ! \n From Ordon like  !\n\n\nRelease this one with  .\n That's an  Ordon catfish ( ) ! \n From Ordon like  !\n\n\nThis one sets a new size record!\nThe record in the fish journal\nhas been updated. Release this one\nwith  .\n You caught a  boot ... \n Well, it's no fish, but it's \ngood for the environment! Dispose\nof it with  .\n You caught another  boot ... \n Will there ever be a day when\npeople don't throw boots away \nlike this?\nDispose of it with  .\n You caught a  bag of Rupees ! \n You don't know who dropped it,\nso it's OK to keep it. Open it with\n  to find out how much is inside!\n You caught a  sinking lure ! \n This prohibited item cannot be\nused in fish ponds. It shines \nand should be good for fishing.\nPick it up with   and you can\nuse it the next time you go lure\nfishing.\n You caught a  skullfish ! \n It looks stronger than it is...\n\n\nThis fish is forbidden, so it won't\nbe added to your fish journal.\nRelease it with  .\n You caught a  bombfish ! \n It can be used as a bomb!\n\n\nThis fish is forbidden, so it won't\nbe added to your fish journal.\nPut it in your bomb bag with  .\n You caught an  empty bottle ! \n Not only can you use this, but\nit'll clean up the waterway in the\nprocess. Two birds, one stone!\nPick it up with   to stow it\nwith your other items.\n You caught a  wheel ... \n You didn't catch a fish, but at least\nyou helped the environment!\nDispose of it with  .\n You caught an  empty can ... \n Too bad it wasn't an empty bottle...\nHelp the environment and dispose\nof it with  .\n You caught a  twig ... \n You didn't catch a fish, but\ncatching detritus is good practice.\nDispose of it with  .\n You caught a  bombfish ! \n It can be used as a bomb!\n...But your bomb bag is full, so\nyou can't carry it.\nThis fish is forbidden, so it won't\nbe added to your fish journal.\nRelease it with  .\n\n\n\n\n\n\n That's a  reekfish ( ) ! \n This sacred fish is only found\nnear the Zora village. It...reeks.\n\nYou can see fish you've caught\nby pressing     and viewing\nthe  Collection screen .\n\n\n\n\n\n\n\n\n\n\n\n\n\n\n\n\n\nThe first time up the mountain was\nrough, but now the portal can take\nus there in an instant!\nThe  reekfish  that the beast of \nSnowpeak took...\nMaybe if we took a look at it, it'd\ngive us a clue...\nIf the bridge being gone is the\nhandiwork of shadow creatures,\nthen they likely left it somewhere.\nWas there any place that stuck in\nyour memory? Look for somewhere\nthat grabs you!\nWhat's this? This village is really\nmuggy, huh?\nThe spirit Eldin is at the spring in \n Kakariko Village . Don't lollygag\naround! Hurry up and save it!\nHey, wasn't there a guy who knew a\nlot about the people of the sky in\nthe bar in Castle Town?\nYou could always ask again, you\nknow?\nI wonder if maybe that girl\nremembered the story about that\nrod of the heavens...\nThat story about the messenger of\nthe sky  with the rod ... \nMaybe we should go talk to that\nwoman...\nI can't read any book written in\nSky letters...\nWhat's that book say? Isn't there\nsomeone who can read it?\nWell, I guess you just have to ask\nthat guy to read it for you.\nI get the feeling that little by little,\nwe're getting closer to the sky...\nLet's do what we can for now,\n .\nI wonder what's hidden behind the\nstone statue...\n\nA cannon...huh?\n\nI never expected to see something\nweird like that...anywhere besides\nthat odd ride in Lake Hylia.\nAll right,  , let's go!\nWe're close to the Mirror of\nTwilight...\nAll right. The second Fused Shadow\nmust be somewhere here on Death\nMountain.\nThis is just one big pile of rocks.\nI don't know where we'll find it,\nso we'll just have to do a thorough\nsearch!\nThat Goron elder is hiding\nsomething...\nHey! Don't tell me you're afraid of\nthese Gorons all of a sudden!  If\nyou can't sweet-talk 'em, you'll\nhave to power your way through!\n\n\n\n\n\n\n\n\n\nYou've already caught a bug like\nthis, so let's let this one go.\nYou've already caught a bug like\nthis, so let's let this one go.\nYou've already caught a bug like\nthis, so let's let this one go.\nYou've already caught a bug like\nthis, so let's let this one go.\nYou've already caught a bug like\nthis, so let's let this one go.\nYou've already caught a bug like\nthis, so let's let this one go.\nYou've already caught a bug like\nthis, so let's let this one go.\nYou've already caught a bug like\nthis, so let's let this one go.\nYou've already caught a bug like\nthis, so let's let this one go.\nYou've already caught a bug like\nthis, so let's let this one go.\nYou've already caught a bug like\nthis, so let's let this one go.\nYou've already caught a bug like\nthis, so let's let this one go.\nYou've already caught a bug like\nthis, so let's let this one go.\nYou've already caught a bug like\nthis, so let's let this one go.\nYou've already caught a bug like\nthis, so let's let this one go.\nYou've already caught a bug like\nthis, so let's let this one go.\nYou've already caught a bug like\nthis, so let's let this one go.\nYou've already caught a bug like\nthis, so let's let this one go.\nYou've already caught a bug like\nthis, so let's let this one go.\nYou've already caught a bug like\nthis, so let's let this one go.\nYou've already caught a bug like\nthis, so let's let this one go.\nYou've already caught a bug like\nthis, so let's let this one go.\nYou've already caught a bug like\nthis, so let's let this one go.\nYou've already caught a bug like\nthis, so let's let this one go.\n\n\n\n\n\n\n\n\n\n\n\n\n\n\n\n\n\n\n\n\n\n\n\n\n\n\n\n\n\n\n\n\n\n\n\n\n\n\n\n\n\n\n\n\n\n\n\n\n\n\n\n\n\n\n\n\n\n\n\n\n\n\n\n\n\n\n\n\n\n\n\n\n\n\n\n\n\n\n\n\n\n\n\n\n\n\n\n\n\n\n\n\n\n\n\n\n\n\n\n\n\n\n\n\n\n\n\n\n\n\n\n\n\n\n\n\n\n\n\n\n\n\n\n\n\n\n\n\n\n\n\n\n\n\n\n\n\n\n\n\n\n\n\n\n\n\n\n\n\n\n\n\n\n\n\n\n\n\n\n\n\n\n\n\n\n\n\n\n\n\n\n\n\n\n\n\n\n\n\n\n\n\n\n\n\n\n\n\n\n\n\n\n\n\n\n\n\n\n\n\n\n\n\n\n\n\n\n\n\n\n\n\n\n\n\n\n\n\n\n\n\n\n\n\n\n\n\n\n\n\n\n\n\n\n\n\n\n\n\n\n\n\n\n\n\n\n\n\n\n\n\n\n\n\n\n\n\n\n\n\n\n\n\n\n\n\n\n\n\n\n\n\n\n\n\n\n\n\n\n\n\n\n\n\n\n\n\n\n\n\n\n\n\n\n\n\n\n\n\n\n\n\n\n\n\n\n\n\n\n\n\n\n\n\n\n\n\n\n\n\n\n\n\n\n\n\n\n\n\n\n\n\n\n\n\n\n\n\n\n\n\n\n\n\n\n\n\n\n\n\n\n\n\n\n\n\n\n\n\n\n\n\nThey ain't listenin' to me lately!\nHey, where's  ?\nHey!  !\n\n\n\n\n\n\n\n\n\n\n\nOh, hi,  .\nI washed   for you!\n\n\n\n\n\n\n\n\nIf you need anything from me, just\npress   to give me a sign!\n\nTwilight covered Hyrule like a\nshroud, and wi\n\n---\n\nExtract glossary entries following the instructions. For each item include 'term', 'translation', and 'notes' (1-2 short Ukrainian sentences)."
  }
]
============================================================

==================== 2026-05-22 20:42:51.391 ====================
Task Type: build_glossary
--- MESSAGES SENT ---
[
  {
    "role": "system",
    "content": "You are a linguistic assistant creating a glossary for a video game translation from English to Ukrainian. Analyze the provided text chunk and identify key terms: proper names, locations, items, recurring phrases, and unique concepts. Return them as a JSON array of objects. Each object must include the keys 'term' (original English term), 'translation' (Ukrainian translation), and 'notes' (a short Ukrainian description of what the term means or how it is used). Do not add any extra text outside of the JSON array."
  },
  {
    "role": "user",
    "content": "Here is the text chunk to analyze:\n\n---\n\nnd catch it when it's grown!\n That's an  Ordon catfish ( ) ! \n From Ordon like  !\n\n\nPress     to check the fish\nyou've caught on the  Collection\nscreen . Release this one with  .\n That's an  Ordon catfish ( ) ! \n From Ordon like  !\n\n\nRelease this one with  .\n That's an  Ordon catfish ( ) ! \n From Ordon like  !\n\n\nThis one sets a new size record!\nThe record in the fish journal\nhas been updated. Release this one\nwith  .\n You caught a  boot ... \n Well, it's no fish, but it's \ngood for the environment! Dispose\nof it with  .\n You caught another  boot ... \n Will there ever be a day when\npeople don't throw boots away \nlike this?\nDispose of it with  .\n You caught a  bag of Rupees ! \n You don't know who dropped it,\nso it's OK to keep it. Open it with\n  to find out how much is inside!\n You caught a  sinking lure ! \n This prohibited item cannot be\nused in fish ponds. It shines \nand should be good for fishing.\nPick it up with   and you can\nuse it the next time you go lure\nfishing.\n You caught a  skullfish ! \n It looks stronger than it is...\n\n\nThis fish is forbidden, so it won't\nbe added to your fish journal.\nRelease it with  .\n You caught a  bombfish ! \n It can be used as a bomb!\n\n\nThis fish is forbidden, so it won't\nbe added to your fish journal.\nPut it in your bomb bag with  .\n You caught an  empty bottle ! \n Not only can you use this, but\nit'll clean up the waterway in the\nprocess. Two birds, one stone!\nPick it up with   to stow it\nwith your other items.\n You caught a  wheel ... \n You didn't catch a fish, but at least\nyou helped the environment!\nDispose of it with  .\n You caught an  empty can ... \n Too bad it wasn't an empty bottle...\nHelp the environment and dispose\nof it with  .\n You caught a  twig ... \n You didn't catch a fish, but\ncatching detritus is good practice.\nDispose of it with  .\n You caught a  bombfish ! \n It can be used as a bomb!\n...But your bomb bag is full, so\nyou can't carry it.\nThis fish is forbidden, so it won't\nbe added to your fish journal.\nRelease it with  .\n\n\n\n\n\n\n That's a  reekfish ( ) ! \n This sacred fish is only found\nnear the Zora village. It...reeks.\n\nYou can see fish you've caught\nby pressing     and viewing\nthe  Collection screen .\n\n\n\n\n\n\n\n\n\n\n\n\n\n\n\n\n\nThe first time up the mountain was\nrough, but now the portal can take\nus there in an instant!\nThe  reekfish  that the beast of \nSnowpeak took...\nMaybe if we took a look at it, it'd\ngive us a clue...\nIf the bridge being gone is the\nhandiwork of shadow creatures,\nthen they likely left it somewhere.\nWas there any place that stuck in\nyour memory? Look for somewhere\nthat grabs you!\nWhat's this? This village is really\nmuggy, huh?\nThe spirit Eldin is at the spring in \n Kakariko Village . Don't lollygag\naround! Hurry up and save it!\nHey, wasn't there a guy who knew a\nlot about the people of the sky in\nthe bar in Castle Town?\nYou could always ask again, you\nknow?\nI wonder if maybe that girl\nremembered the story about that\nrod of the heavens...\nThat story about the messenger of\nthe sky  with the rod ... \nMaybe we should go talk to that\nwoman...\nI can't read any book written in\nSky letters...\nWhat's that book say? Isn't there\nsomeone who can read it?\nWell, I guess you just have to ask\nthat guy to read it for you.\nI get the feeling that little by little,\nwe're getting closer to the sky...\nLet's do what we can for now,\n .\nI wonder what's hidden behind the\nstone statue...\n\nA cannon...huh?\n\nI never expected to see something\nweird like that...anywhere besides\nthat odd ride in Lake Hylia.\nAll right,  , let's go!\nWe're close to the Mirror of\nTwilight...\nAll right. The second Fused Shadow\nmust be somewhere here on Death\nMountain.\nThis is just one big pile of rocks.\nI don't know where we'll find it,\nso we'll just have to do a thorough\nsearch!\nThat Goron elder is hiding\nsomething...\nHey! Don't tell me you're afraid of\nthese Gorons all of a sudden!  If\nyou can't sweet-talk 'em, you'll\nhave to power your way through!\n\n\n\n\n\n\n\n\n\nYou've already caught a bug like\nthis, so let's let this one go.\nYou've already caught a bug like\nthis, so let's let this one go.\nYou've already caught a bug like\nthis, so let's let this one go.\nYou've already caught a bug like\nthis, so let's let this one go.\nYou've already caught a bug like\nthis, so let's let this one go.\nYou've already caught a bug like\nthis, so let's let this one go.\nYou've already caught a bug like\nthis, so let's let this one go.\nYou've already caught a bug like\nthis, so let's let this one go.\nYou've already caught a bug like\nthis, so let's let this one go.\nYou've already caught a bug like\nthis, so let's let this one go.\nYou've already caught a bug like\nthis, so let's let this one go.\nYou've already caught a bug like\nthis, so let's let this one go.\nYou've already caught a bug like\nthis, so let's let this one go.\nYou've already caught a bug like\nthis, so let's let this one go.\nYou've already caught a bug like\nthis, so let's let this one go.\nYou've already caught a bug like\nthis, so let's let this one go.\nYou've already caught a bug like\nthis, so let's let this one go.\nYou've already caught a bug like\nthis, so let's let this one go.\nYou've already caught a bug like\nthis, so let's let this one go.\nYou've already caught a bug like\nthis, so let's let this one go.\nYou've already caught a bug like\nthis, so let's let this one go.\nYou've already caught a bug like\nthis, so let's let this one go.\nYou've already caught a bug like\nthis, so let's let this one go.\nYou've already caught a bug like\nthis, so let's let this one go.\n\n\n\n\n\n\n\n\n\n\n\n\n\n\n\n\n\n\n\n\n\n\n\n\n\n\n\n\n\n\n\n\n\n\n\n\n\n\n\n\n\n\n\n\n\n\n\n\n\n\n\n\n\n\n\n\n\n\n\n\n\n\n\n\n\n\n\n\n\n\n\n\n\n\n\n\n\n\n\n\n\n\n\n\n\n\n\n\n\n\n\n\n\n\n\n\n\n\n\n\n\n\n\n\n\n\n\n\n\n\n\n\n\n\n\n\n\n\n\n\n\n\n\n\n\n\n\n\n\n\n\n\n\n\n\n\n\n\n\n\n\n\n\n\n\n\n\n\n\n\n\n\n\n\n\n\n\n\n\n\n\n\n\n\n\n\n\n\n\n\n\n\n\n\n\n\n\n\n\n\n\n\n\n\n\n\n\n\n\n\n\n\n\n\n\n\n\n\n\n\n\n\n\n\n\n\n\n\n\n\n\n\n\n\n\n\n\n\n\n\n\n\n\n\n\n\n\n\n\n\n\n\n\n\n\n\n\n\n\n\n\n\n\n\n\n\n\n\n\n\n\n\n\n\n\n\n\n\n\n\n\n\n\n\n\n\n\n\n\n\n\n\n\n\n\n\n\n\n\n\n\n\n\n\n\n\n\n\n\n\n\n\n\n\n\n\n\n\n\n\n\n\n\n\n\n\n\n\n\n\n\n\n\n\n\n\n\n\n\n\n\n\n\n\n\n\n\n\n\n\n\n\n\n\n\n\n\n\n\n\n\n\n\n\n\n\n\n\n\n\n\n\n\n\n\n\n\n\n\n\n\n\nThey ain't listenin' to me lately!\nHey, where's  ?\nHey!  !\n\n\n\n\n\n\n\n\n\n\n\nOh, hi,  .\nI washed   for you!\n\n\n\n\n\n\n\n\nIf you need anything from me, just\npress   to give me a sign!\n\nTwilight covered Hyrule like a\nshroud, and wi\n\n---\n\nExtract glossary entries following the instructions. For each item include 'term', 'translation', and 'notes' (1-2 short Ukrainian sentences)."
  }
]
--- RESPONSE RECEIVED ---
```json
[
  {
    "term": "Ordon catfish",
    "translation": "ордонський сом",
    "notes": "Вид риби з регіону Ордон. Можна зловити на вудку та додати до колекції."
  },
  {
    "term": "Ordon",
    "translation": "Ордон",
    "notes": "Назва регіону або поселення у грі. Місце походження деяких предметів та персонажів."
  },
  {
    "term": "Collection screen",
    "translation": "екран колекції",
    "notes": "Меню гри, де можна переглянути зловлену рибу та інші зібрані предмети."
  },
  {
    "term": "fish journal",
    "translation": "журнал риб",
    "notes": "Записник, де зберігаються дані про зловлену рибу та рекорди розмірів."
  },
  {
    "term": "boot",
    "translation": "чобіт",
    "notes": "Сміття, яке можна зловити замість риби. Потрібно викинути для очищення водойми."
  },
  {
    "term": "Rupees",
    "translation": "рупії",
    "notes": "Ігрова валюта у всесвіті гри."
  },
  {
    "term": "sinking lure",
    "translation": "тонуча принада",
    "notes": "Заборонений предмет для риболовлі, який можна використовувати для ловлі риби на приманку."
  },
  {
    "term": "skullfish",
    "translation": "черепориба",
    "notes": "Заборонена риба, яка не додається до журналу риб. Виглядає загрозливіше, ніж є насправді."
  },
  {
    "term": "bombfish",
    "translation": "бомбориба",
    "notes": "Заборонена риба, яку можна використовувати як бомбу. Зберігається у сумці для бомб."
  },
  {
    "term": "bomb bag",
    "translation": "сумка для бомб",
    "notes": "Інвентарний предмет для зберігання бомб та бомборибів."
  },
  {
    "term": "empty bottle",
    "translation": "порожня пляшка",
    "notes": "Корисний предмет, який можна зловити та використовувати для зберігання різних речовин."
  },
  {
    "term": "reekfish",
    "translation": "смердюча риба",
    "notes": "Священна риба, яка водиться лише біля села Зора. Має неприємний запах."
  },
  {
    "term": "Zora village",
    "translation": "село Зора",
    "notes": "Поселення народу Зора у грі."
  },
  {
    "term": "Snowpeak",
    "translation": "Сніжний Пік",
    "notes": "Гірська локація у грі, де мешкає звір."
  },
  {
    "term": "shadow creatures",
    "translation": "тіньові створіння",
    "notes": "Вороже істоти, пов'язані з сутінками, які можуть руйнувати мости та інші об'єкти."
  },
  {
    "term": "Eldin",
    "translation": "Елдін",
    "notes": "Ім'я одного з духів-охоронців у грі."
  },
  {
    "term": "Kakariko Village",
    "translation": "село Какаріко",
    "notes": "Поселення у грі, де знаходиться джерело духа Елдіна."
  },
  {
    "term": "Castle Town",
    "translation": "Замкове Місто",
    "notes": "Головне місто у грі з барами та різними персонажами."
  },
  {
    "term": "people of the sky",
    "translation": "небесний народ",
    "notes": "Легендарна раса або група істот, пов'язана з небесами та давніми переказами."
  },
  {
    "term": "rod of the heavens",
    "translation": "небесний жезл",
    "notes": "Легендарний предмет, пов'язаний з небесним народом та їхнім посланцем."
  },
  {
    "term": "messenger of the sky",
    "translation": "небесний посланець",
    "notes": "Персонаж або істота з легенди, що володіє небесним жезлом."
  },
  {
    "term": "Sky letters",
    "translation": "небесні літери",
    "notes": "Стародавня писемність небесного народу, яку важко прочитати."
  },
  {
    "term": "Lake Hylia",
    "translation": "озеро Хілія",
    "notes": "Велика водойма у грі з різними атракціонами та локаціями."
  },
  {
    "term": "Mirror of Twilight",
    "translation": "Дзеркало Сутінків",
    "notes": "Важливий артефакт у грі, пов'язаний з сутінковим світом."
  },
  {
    "term": "Fused Shadow",
    "translation": "Злита Тінь",
    "notes": "Могутній артефакт темної магії, розділений на кілька частин."
  },
  {
    "term": "Death Mountain",
    "translation": "Гора Смерті",
    "notes": "Вулканічна гірська локація, де мешкають ґорони."
  },
  {
    "term": "Goron",
    "translation": "ґорон",
    "notes": "Раса кам'яних гуманоїдів, які живуть у гірських регіонах."
  },
  {
    "term": "Goron elder",
    "translation": "старійшина ґоронів",
    "notes": "Лідер або мудрець племені ґоронів, який щось приховує."
  },
  {
    "term": "Twilight",
    "translation": "Сутінки",
    "notes": "Темна сила або стан світу, що покриває Хайрул як саван."
  },
  {
    "term": "Hyrule",
    "translation": "Хайрул",
    "notes": "Назва королівства та світу, де відбуваються події гри."
  }
]
```
============================================================

==================== 2026-05-22 20:42:51.394 ====================
Task Type: build_glossary
--- MESSAGES SENT ---
[
  {
    "role": "system",
    "content": "You are a linguistic assistant creating a glossary for a video game translation from English to Ukrainian. Analyze the provided text chunk and identify key terms: proper names, locations, items, recurring phrases, and unique concepts. Return them as a JSON array of objects. Each object must include the keys 'term' (original English term), 'translation' (Ukrainian translation), and 'notes' (a short Ukrainian description of what the term means or how it is used). Do not add any extra text outside of the JSON array."
  },
  {
    "role": "user",
    "content": "Here is the text chunk to analyze:\n\n---\n\nthout light, the\n people  became as  spirits .\nWithin the twilight, they live on,\nunaware that they have passed into\n spirit  forms...\nAll the people know now is fear...\nFear of a nameless evil...\n\n\n\n\n\n\n\n\n\n\nYou still have not discovered your\ntrue power...\n\n\n\n\n\n\n\n\n\n\n\n\n\n\n\n\n\n\n\n\n\n\n\n\n\n\n Northeast  of here, in the lands\nguarded by the spirit  Lanayru ...\n\n\nThe  dark power  that you seek is\nwithin the sleeping  Lakebed Temple\n in  Lake Hylia ...\n\n\n\n\n\nSo you say the bridge to the west\nhas been destroyed, huh? Then our\nonly option is to  cross the bridge\nto the east .\n\n\n\n\n\n\n\n\n\n\n\n\n\n\n\n\n\n\n\n\n\n\n\n\n\n\n\n\n\n\n\n\n\n\n\n\n\n\n\n\n\n\n\n\n\n\n\n\n\n\n\n\n\n\n\n\n\n\n\n\n\n\n\n\n\n\n\n\nSo you choose. And so you shall\nfeel my wrath!\n\nAn impressive-looking blade... \nBut nothing more. \nWould you hear my desire? \nTo take this foul blade...and use\nit to blot out the light forever! \n\n\n\n\n\n\n\n\n\n\n\n\n\nI'll try to slow Ganondorf with my\nlight arrows!\nYou target him and keep him within\nrange of my arrows!\n\n\n\n\n\n\n\n\n\n\n\n\n\n\n\n\n\n\n\n\n\n\n\n\n\n\n\n\n\n\n\n\n\nThe Memory Card in Slot A contains a\nsave file for this game. \n\nDo you want to copy the save file\nto the Wii System Memory?\nYES\nNO\nThere is no save file for this game\non the Memory Card in Slot A.\nThe save file in the Wii System\nMemory will be loaded.\nAll data currently in the \nWii System Memory for this game will\nbe written over. Is this OK?\n\nYES\nNO\nCopying...\n Do not touch the Memory Card in\nSlot A or the Power Button.\nCopy complete.\nThe save file could not be copied.\nThere is no Memory Card in Slot A.\n\nIf you still want to copy a\nMemory Card save file to the Wii\nSystem Memory, please try again.\n\n\n\n\n\n Saving... Do not turn off the console.\nChecking Wii System Memory...\n\nContinue without saving?\nYes\nNo\nThe Wii System Memory is corrupted.\n\n\nRefer to the Wii Operations Manual\nfor more information.\nThis game's save file is corrupted\nand must be erased.\n\nErase the save file now?\nYes\nNo\nFormatting...\n\n Do not touch the Power Button.\nThe save file has been formatted. \nThe save file could not be formatted. \nThe Wii System Memory does not have\nenough free space. This game\nrequires 1 open block to save.\n\nPlease use the Data Management\nscreen to erase data or move data\nto an SD Card. \nThe Wii System Memory does not\nhave enough empty files.\n\nPlease use the Data Management\nscreen to erase data or move data\nto an SD Card. \nReturn to the Wii Menu?\nYes\nNo\nCreate a save file for this game in the\nWii System Memory?\nYes\nNo\nThere isn't a save file for this game \nin the Wii System Memory.\nCreating a file. \n \nDo not touch the Power Button.\nThe save file could not be created. \nA save file has been created. \nChoose a Quest Log.\nThe Quest Log is corrupted. \nErase it?\nYes\nNo\nErasing... \n Do not touch the Power Button.\nErase this Quest Log?\n\n\nThe file could not be erased. \nErased.\nThe file could not be copied.\nCopy to where?\nCopy this Quest Log?\nCopying...\n Do not touch the Power Button.\nCopy complete.\n\n\n\nThe game cannot be saved.\nThe Wii System Memory is corrupted.\n\nRefer to the Wii Operations Manual\nfor more information.  \nUnable to save...\n\nThe save file for this game is\ncorrupted and needs to be erased. \nErase the file now?\nYes\nNo\nUnable to save. Continue without\nsaving?\nYes\nNo\nFormatting...\n\n Do not touch the Power Button.\nThe file has been formatted.\nThe file could not be formatted. \nUnable to save. There isn't enough\nempty space in the Wii System\nMemory. This game requires 1 open\nblock to save.\n\nUse the Data Management screen to\nerase data or move it to an SD Card. \nUnable to save. There aren't enough\nempty files in the Wii System\nMemory.\n\nUse the Data Management screen to\nerase data or move it to an SD Card. \nGo back to the Wii Menu?\nYes\nNo\nYou will not be able to save your\nprogress. Continue without saving?\nYes\nNo\nUnable to save.\n\nThe Wii System Memory does not\ncontain a save file for this game. \nWould you like to create a save file for\nthis game in the Wii System Memory?\nYes\nNo\nCreating a file...\n\n Do not touch the Power Button.\nA save file could not be created.\nA file has been created.\nA file has been created.\nChoose a Quest Log.\nOverwrite this Quest Log?\nSaving...\n Do not touch the Power Button.\nThe game could not be saved.\nThe game has been saved. Do you\nwant to continue?\n\n\n\n\n\n\n\n\n\n\n\n\n\n\n\n\n\n\n\n\n\n\n\n\n\n\n\n\n\n\n\n\n\n\n\n\n\n\n\n\n\n\n\n\n\n\n\n\n\n\n\n\n\n\n\n\n\n\n\n\n\n\n\n\n\n\n\n\n\n\n\n\n\n\n\n\n\n\n\n\n\n\n\n\n\n\n\n\n\n\n\n\n\n\n\n\n\n\n\n\n\n\n\n\n\n\n\n\n\n\n\n\n\n\n\n\n\n\n\n\n\n\n\n\n\n\n\nDoes this... connect to outside?\nENEMY PROGRAMMING\nTakamitsu Kuzuhara\nKeigo Nakanishi\nHisashi Okada\nAtsushi Yamazaki \nOBJECT PROGRAMMING\nKouji Sakai\nNorihisa Ashida \nNPC PROGRAMMING\nNobuhiro Sumiyoshi\nMasayuki Kuwajima\nTakashi Yoshimi\nKeiji Takahashi \nTECHNICAL PROGRAMMING\nKenzo Hayakawa\nKenji Matsutani\n\nCAMERA PROGRAMMING\nMasatoshi Ogawa \nART DIRECTOR\nSatoru Takizawa\n\nPLAYER DESIGN\nKeisuke Nishimori \nENEMY DESIGN LEAD\nYoshiyuki Oyama\n\nENEMY DESIGN\nYasutomo Nishibe\nTakafumi Kiuchi\nRikuto Yoshida \nCHARACTER DESIGN LEAD\nSatomi Asakawa\n\nCHARACTER DESIGN\nMichiko Iwasawa\nTsubasa Sakaguchi\nDaisuke Watanabe\nTomomi Marunami \nFIELD DESIGN LEAD\nAtsushi Miyagi\n\nFIELD DESIGN\nEiji Mukao\nHanako Hisada \nFIELD DESIGN\nTakuro Shimizu\nMasahiro Kawanishi\nMizue Suetake \nDUNGEON DESIGN\nHiromu Takemura\nShinko Takeshita\nAkito Osanai\nKazunori Hashimoto \nEFFECT DESIGN\nHaruyasu Ito\nYoko Fukuda \nUI DESIGN\nTokihiko Toyoda\nMei Ide\n\nMAIN CHARACTER DESIGN/\nILLUSTRATION\nYusuke Nakano \n3-D PLAYER ANIMATION\nMarumi Nakajo\nYuko Yoshimura \n3-D ENEMY/CHARACTER ANIMATION\nTakeshi Yamaguchi\nChikako Nishizaki\nTakeshi Arima\nHiroki Motoshiromizu\nMieko Ajima \n3-D ENEMY/CHARACTER ANIMATION\nKimihiro Ozaki\nHiroki Ishibashi \n3-D CINEMA SCENE ANIMATION \nHiroko Ihara\nSatoru Yasumura\nTakahiro Koizumi\nKatsuki Hisanaga\nKazuhide Hiura\nMasayuki Kawakita \n3-D ENEMY/CHARACTER MODELING\nHiroyuki Inoue\nYasutaka Maeki\nMasanori Esaki \n3-D ENEMY/CHARACTER MODELING\nTakumi Ishii\nKazuhiro Saito\nShunsuke Yamamoto \n3-D FIELD/DUNGEON MODELING\nShunichi Shirai\nSanae Suzuki\nTomoko Kusano\nRitsuko Tanaka\nMizuki Tashima \n3-D FIELD/DUNGEON MODELING\nMari Fujita\nKyohei Yamaguchi\nMariko Sanefuji\nMasami Naito \n3-D OBJECT MODELING\nMutsumi Oda\nFumihiro Matsumoto \nCINEMA SCENE DIRECTORS\nMitsuhiro Takano\nTakumi Kawagoe \nCINEMA SCENE PLANNING\nShigeki Yoshida\nDaisuke Nobori\nHiroyasu Kuwabara \nCINEMA SCENE PLANNING\nHitoshi Kobayashi\nEriko Kimura\nChiaki Aida\nNaoki Mori \nMOTION CAPTURE\nKoichi Natsuyama\nHitomi Hiraki\nMiwa Hashiguchi \nMUSIC\nToru Minegishi\nAsuka Ota\nKoji Kondo \nSOUND EFFECTS/PROGRAMMING\nTakahiro Watanabe\nYohei Miyagawa\nAtsushi Masaki\nMitsuhiro Kida \nVOICE\nAkira Sasanuma\nAkiko Koumoto\nHironori Miyata\nJunji Kitajima\nJun Mizusawa\nTakeharu Onishi \nVOICE\nJuri Takita\nSayaka Aida\nHiromi Hirata\nNaomi Wakabayashi \nTEASER MUSIC ORCHESTRATION\nMUSIC\nMahito Yokota\n\nARRANGEMENT\nMichiru Oshima{escape:0:0004007\n\n---\n\nExtract glossary entries following the instructions. For each item include 'term', 'translation', and 'notes' (1-2 short Ukrainian sentences)."
  }
]
============================================================

==================== 2026-05-22 20:43:17.903 ====================
Task Type: build_glossary
--- MESSAGES SENT ---
[
  {
    "role": "system",
    "content": "You are a linguistic assistant creating a glossary for a video game translation from English to Ukrainian. Analyze the provided text chunk and identify key terms: proper names, locations, items, recurring phrases, and unique concepts. Return them as a JSON array of objects. Each object must include the keys 'term' (original English term), 'translation' (Ukrainian translation), and 'notes' (a short Ukrainian description of what the term means or how it is used). Do not add any extra text outside of the JSON array."
  },
  {
    "role": "user",
    "content": "Here is the text chunk to analyze:\n\n---\n\nthout light, the\n people  became as  spirits .\nWithin the twilight, they live on,\nunaware that they have passed into\n spirit  forms...\nAll the people know now is fear...\nFear of a nameless evil...\n\n\n\n\n\n\n\n\n\n\nYou still have not discovered your\ntrue power...\n\n\n\n\n\n\n\n\n\n\n\n\n\n\n\n\n\n\n\n\n\n\n\n\n\n\n Northeast  of here, in the lands\nguarded by the spirit  Lanayru ...\n\n\nThe  dark power  that you seek is\nwithin the sleeping  Lakebed Temple\n in  Lake Hylia ...\n\n\n\n\n\nSo you say the bridge to the west\nhas been destroyed, huh? Then our\nonly option is to  cross the bridge\nto the east .\n\n\n\n\n\n\n\n\n\n\n\n\n\n\n\n\n\n\n\n\n\n\n\n\n\n\n\n\n\n\n\n\n\n\n\n\n\n\n\n\n\n\n\n\n\n\n\n\n\n\n\n\n\n\n\n\n\n\n\n\n\n\n\n\n\n\n\n\nSo you choose. And so you shall\nfeel my wrath!\n\nAn impressive-looking blade... \nBut nothing more. \nWould you hear my desire? \nTo take this foul blade...and use\nit to blot out the light forever! \n\n\n\n\n\n\n\n\n\n\n\n\n\nI'll try to slow Ganondorf with my\nlight arrows!\nYou target him and keep him within\nrange of my arrows!\n\n\n\n\n\n\n\n\n\n\n\n\n\n\n\n\n\n\n\n\n\n\n\n\n\n\n\n\n\n\n\n\n\nThe Memory Card in Slot A contains a\nsave file for this game. \n\nDo you want to copy the save file\nto the Wii System Memory?\nYES\nNO\nThere is no save file for this game\non the Memory Card in Slot A.\nThe save file in the Wii System\nMemory will be loaded.\nAll data currently in the \nWii System Memory for this game will\nbe written over. Is this OK?\n\nYES\nNO\nCopying...\n Do not touch the Memory Card in\nSlot A or the Power Button.\nCopy complete.\nThe save file could not be copied.\nThere is no Memory Card in Slot A.\n\nIf you still want to copy a\nMemory Card save file to the Wii\nSystem Memory, please try again.\n\n\n\n\n\n Saving... Do not turn off the console.\nChecking Wii System Memory...\n\nContinue without saving?\nYes\nNo\nThe Wii System Memory is corrupted.\n\n\nRefer to the Wii Operations Manual\nfor more information.\nThis game's save file is corrupted\nand must be erased.\n\nErase the save file now?\nYes\nNo\nFormatting...\n\n Do not touch the Power Button.\nThe save file has been formatted. \nThe save file could not be formatted. \nThe Wii System Memory does not have\nenough free space. This game\nrequires 1 open block to save.\n\nPlease use the Data Management\nscreen to erase data or move data\nto an SD Card. \nThe Wii System Memory does not\nhave enough empty files.\n\nPlease use the Data Management\nscreen to erase data or move data\nto an SD Card. \nReturn to the Wii Menu?\nYes\nNo\nCreate a save file for this game in the\nWii System Memory?\nYes\nNo\nThere isn't a save file for this game \nin the Wii System Memory.\nCreating a file. \n \nDo not touch the Power Button.\nThe save file could not be created. \nA save file has been created. \nChoose a Quest Log.\nThe Quest Log is corrupted. \nErase it?\nYes\nNo\nErasing... \n Do not touch the Power Button.\nErase this Quest Log?\n\n\nThe file could not be erased. \nErased.\nThe file could not be copied.\nCopy to where?\nCopy this Quest Log?\nCopying...\n Do not touch the Power Button.\nCopy complete.\n\n\n\nThe game cannot be saved.\nThe Wii System Memory is corrupted.\n\nRefer to the Wii Operations Manual\nfor more information.  \nUnable to save...\n\nThe save file for this game is\ncorrupted and needs to be erased. \nErase the file now?\nYes\nNo\nUnable to save. Continue without\nsaving?\nYes\nNo\nFormatting...\n\n Do not touch the Power Button.\nThe file has been formatted.\nThe file could not be formatted. \nUnable to save. There isn't enough\nempty space in the Wii System\nMemory. This game requires 1 open\nblock to save.\n\nUse the Data Management screen to\nerase data or move it to an SD Card. \nUnable to save. There aren't enough\nempty files in the Wii System\nMemory.\n\nUse the Data Management screen to\nerase data or move it to an SD Card. \nGo back to the Wii Menu?\nYes\nNo\nYou will not be able to save your\nprogress. Continue without saving?\nYes\nNo\nUnable to save.\n\nThe Wii System Memory does not\ncontain a save file for this game. \nWould you like to create a save file for\nthis game in the Wii System Memory?\nYes\nNo\nCreating a file...\n\n Do not touch the Power Button.\nA save file could not be created.\nA file has been created.\nA file has been created.\nChoose a Quest Log.\nOverwrite this Quest Log?\nSaving...\n Do not touch the Power Button.\nThe game could not be saved.\nThe game has been saved. Do you\nwant to continue?\n\n\n\n\n\n\n\n\n\n\n\n\n\n\n\n\n\n\n\n\n\n\n\n\n\n\n\n\n\n\n\n\n\n\n\n\n\n\n\n\n\n\n\n\n\n\n\n\n\n\n\n\n\n\n\n\n\n\n\n\n\n\n\n\n\n\n\n\n\n\n\n\n\n\n\n\n\n\n\n\n\n\n\n\n\n\n\n\n\n\n\n\n\n\n\n\n\n\n\n\n\n\n\n\n\n\n\n\n\n\n\n\n\n\n\n\n\n\n\n\n\n\n\n\n\n\n\nDoes this... connect to outside?\nENEMY PROGRAMMING\nTakamitsu Kuzuhara\nKeigo Nakanishi\nHisashi Okada\nAtsushi Yamazaki \nOBJECT PROGRAMMING\nKouji Sakai\nNorihisa Ashida \nNPC PROGRAMMING\nNobuhiro Sumiyoshi\nMasayuki Kuwajima\nTakashi Yoshimi\nKeiji Takahashi \nTECHNICAL PROGRAMMING\nKenzo Hayakawa\nKenji Matsutani\n\nCAMERA PROGRAMMING\nMasatoshi Ogawa \nART DIRECTOR\nSatoru Takizawa\n\nPLAYER DESIGN\nKeisuke Nishimori \nENEMY DESIGN LEAD\nYoshiyuki Oyama\n\nENEMY DESIGN\nYasutomo Nishibe\nTakafumi Kiuchi\nRikuto Yoshida \nCHARACTER DESIGN LEAD\nSatomi Asakawa\n\nCHARACTER DESIGN\nMichiko Iwasawa\nTsubasa Sakaguchi\nDaisuke Watanabe\nTomomi Marunami \nFIELD DESIGN LEAD\nAtsushi Miyagi\n\nFIELD DESIGN\nEiji Mukao\nHanako Hisada \nFIELD DESIGN\nTakuro Shimizu\nMasahiro Kawanishi\nMizue Suetake \nDUNGEON DESIGN\nHiromu Takemura\nShinko Takeshita\nAkito Osanai\nKazunori Hashimoto \nEFFECT DESIGN\nHaruyasu Ito\nYoko Fukuda \nUI DESIGN\nTokihiko Toyoda\nMei Ide\n\nMAIN CHARACTER DESIGN/\nILLUSTRATION\nYusuke Nakano \n3-D PLAYER ANIMATION\nMarumi Nakajo\nYuko Yoshimura \n3-D ENEMY/CHARACTER ANIMATION\nTakeshi Yamaguchi\nChikako Nishizaki\nTakeshi Arima\nHiroki Motoshiromizu\nMieko Ajima \n3-D ENEMY/CHARACTER ANIMATION\nKimihiro Ozaki\nHiroki Ishibashi \n3-D CINEMA SCENE ANIMATION \nHiroko Ihara\nSatoru Yasumura\nTakahiro Koizumi\nKatsuki Hisanaga\nKazuhide Hiura\nMasayuki Kawakita \n3-D ENEMY/CHARACTER MODELING\nHiroyuki Inoue\nYasutaka Maeki\nMasanori Esaki \n3-D ENEMY/CHARACTER MODELING\nTakumi Ishii\nKazuhiro Saito\nShunsuke Yamamoto \n3-D FIELD/DUNGEON MODELING\nShunichi Shirai\nSanae Suzuki\nTomoko Kusano\nRitsuko Tanaka\nMizuki Tashima \n3-D FIELD/DUNGEON MODELING\nMari Fujita\nKyohei Yamaguchi\nMariko Sanefuji\nMasami Naito \n3-D OBJECT MODELING\nMutsumi Oda\nFumihiro Matsumoto \nCINEMA SCENE DIRECTORS\nMitsuhiro Takano\nTakumi Kawagoe \nCINEMA SCENE PLANNING\nShigeki Yoshida\nDaisuke Nobori\nHiroyasu Kuwabara \nCINEMA SCENE PLANNING\nHitoshi Kobayashi\nEriko Kimura\nChiaki Aida\nNaoki Mori \nMOTION CAPTURE\nKoichi Natsuyama\nHitomi Hiraki\nMiwa Hashiguchi \nMUSIC\nToru Minegishi\nAsuka Ota\nKoji Kondo \nSOUND EFFECTS/PROGRAMMING\nTakahiro Watanabe\nYohei Miyagawa\nAtsushi Masaki\nMitsuhiro Kida \nVOICE\nAkira Sasanuma\nAkiko Koumoto\nHironori Miyata\nJunji Kitajima\nJun Mizusawa\nTakeharu Onishi \nVOICE\nJuri Takita\nSayaka Aida\nHiromi Hirata\nNaomi Wakabayashi \nTEASER MUSIC ORCHESTRATION\nMUSIC\nMahito Yokota\n\nARRANGEMENT\nMichiru Oshima{escape:0:0004007\n\n---\n\nExtract glossary entries following the instructions. For each item include 'term', 'translation', and 'notes' (1-2 short Ukrainian sentences)."
  }
]
--- RESPONSE RECEIVED ---
```json
[
  {
    "term": "spirit",
    "translation": "дух",
    "notes": "Форма існування людей у сутінках. Люди перетворюються на духів, коли світло зникає."
  },
  {
    "term": "twilight",
    "translation": "сутінки",
    "notes": "Стан світу без світла, де люди існують як духи, не усвідомлюючи свого перетворення."
  },
  {
    "term": "true power",
    "translation": "справжня сила",
    "notes": "Прихована здатність героя, яку він ще не відкрив."
  },
  {
    "term": "Lanayru",
    "translation": "Ланайру",
    "notes": "Дух-охоронець, який захищає землі на північному сході."
  },
  {
    "term": "dark power",
    "translation": "темна сила",
    "notes": "Зло, яке шукає герой, знаходиться в Храмі Озерного Дна."
  },
  {
    "term": "Lakebed Temple",
    "translation": "Храм Озерного Дна",
    "notes": "Сплячий храм, розташований в Озері Хілія, де приховано темну силу."
  },
  {
    "term": "Lake Hylia",
    "translation": "Озеро Хілія",
    "notes": "Локація, де знаходиться Храм Озерного Дна."
  },
  {
    "term": "light arrows",
    "translation": "світлові стріли",
    "notes": "Зброя, яку використовують для уповільнення Ганондорфа в бою."
  },
  {
    "term": "Ganondorf",
    "translation": "Ганондорф",
    "notes": "Головний антагоніст, якого потрібно тримати в зоні ураження світлових стріл."
  },
  {
    "term": "Memory Card",
    "translation": "Карта пам'яті",
    "notes": "Пристрій збереження даних у слоті A консолі."
  },
  {
    "term": "Wii System Memory",
    "translation": "Системна пам'ять Wii",
    "notes": "Внутрішня пам'ять консолі Wii для збереження ігрових файлів."
  },
  {
    "term": "Quest Log",
    "translation": "Журнал завдань",
    "notes": "Файл збереження прогресу гри, який можна копіювати або видаляти."
  },
  {
    "term": "Slot A",
    "translation": "Слот A",
    "notes": "Роз'єм для карти пам'яті на консолі."
  }
]
```
============================================================

==================== 2026-05-22 20:43:17.904 ====================
Task Type: build_glossary
--- MESSAGES SENT ---
[
  {
    "role": "system",
    "content": "You are a linguistic assistant creating a glossary for a video game translation from English to Ukrainian. Analyze the provided text chunk and identify key terms: proper names, locations, items, recurring phrases, and unique concepts. Return them as a JSON array of objects. Each object must include the keys 'term' (original English term), 'translation' (Ukrainian translation), and 'notes' (a short Ukrainian description of what the term means or how it is used). Do not add any extra text outside of the JSON array."
  },
  {
    "role": "user",
    "content": "Here is the text chunk to analyze:\n\n---\n\n8}\nPROGRESS MANAGEMENT\nKeizo Kato \nSUPERVISORS\nTakashi Tezuka\nToshihiko Nakago \nTECHNICAL SUPPORT\nHironobu Kakui\nYoshito Yasuda\nShingo Okamoto \nDEBUG\nRyosuke Yamada\nNaoki Takami\nSuper Mario Club \nPROGRAMMING SUPPORT\nMasato Kimura\nShinichi Sasaki\nMasafumi Kawamura\nHideaki Shimizu\nProgramming Support Group \nLOCALIZATION MANAGEMENT\nJeff Miller\nLeslie Swan\nBill Trinen \nLOCALIZATION\nNate Bihldorff\nReiko Ninomiya\nScot Ritchey \nPRODUCT TESTING\nShuji Hashimoto\nRobert Crombie\nKyle Hudson\nEric Bush \nPRODUCT TESTING\nSean Egan\nThomas Hertzog\nMika Kurosawa\nTeresa Lillygren \nPRODUCT TESTING\nTomoko Mikami\nKathy Huguenard\nJeffrey Storbo \nSPECIAL THANKS\nYuri Adachi\nJin Ikeda\nYoji Inagaki\nKeijiro Inoue\nKeizo Ota\nYoshinori Kiuchi\nShinya Kitai \nSPECIAL THANKS\nKeiko Kinoshita\nTomoaki Kuroume\nHiroyasu Sasano\nKaoru Sato\nTakao Shimizu\nTadashi Sugiyama \nSPECIAL THANKS\nToshiaki Suzuki\nShinya Takahashi\nMasahiro Takeguchi\nTakuhiro Douta\nTakahiro Hamaguchi\nYoshiki Haruhana \nSPECIAL THANKS\nShunsuke Makita\nKeisuke Matsui\nYumiko Matsumiya\nShigehiro Kasamatsu\nKiyoshi Koda\nAtsushi Nishiwaki \nSPECIAL THANKS\nKunihiro Komatsu\nMasaro Sakakibara\nGentaro Takaki\nHiromichi Miyake\nYuji Sawatani\nTakafumi Noma\nKei Uramoto \nSPECIAL THANKS\nSRD\nDIGITALSCAPE Co., Ltd.\nJAE\nSanda Heartland Ranch \nPRODUCER\nShigeru Miyamoto \nEXECUTIVE PRODUCER\nSatoru Iwata \nAll Rights, including the copyrights\nof Game, Scenario,\nMusic and Program, reserved \nby NINTENDO. \nThe End \n\n\n\n\n\n\n\n\n\n\n\n\n\n\n\n\n\n\n\n\n\n\n\n\n\n\n\n\n\n\n\n\n\n---\n\nExtract glossary entries following the instructions. For each item include 'term', 'translation', and 'notes' (1-2 short Ukrainian sentences)."
  }
]
============================================================

==================== 2026-05-22 20:43:31.945 ====================
Task Type: build_glossary
--- MESSAGES SENT ---
[
  {
    "role": "system",
    "content": "You are a linguistic assistant creating a glossary for a video game translation from English to Ukrainian. Analyze the provided text chunk and identify key terms: proper names, locations, items, recurring phrases, and unique concepts. Return them as a JSON array of objects. Each object must include the keys 'term' (original English term), 'translation' (Ukrainian translation), and 'notes' (a short Ukrainian description of what the term means or how it is used). Do not add any extra text outside of the JSON array."
  },
  {
    "role": "user",
    "content": "Here is the text chunk to analyze:\n\n---\n\n8}\nPROGRESS MANAGEMENT\nKeizo Kato \nSUPERVISORS\nTakashi Tezuka\nToshihiko Nakago \nTECHNICAL SUPPORT\nHironobu Kakui\nYoshito Yasuda\nShingo Okamoto \nDEBUG\nRyosuke Yamada\nNaoki Takami\nSuper Mario Club \nPROGRAMMING SUPPORT\nMasato Kimura\nShinichi Sasaki\nMasafumi Kawamura\nHideaki Shimizu\nProgramming Support Group \nLOCALIZATION MANAGEMENT\nJeff Miller\nLeslie Swan\nBill Trinen \nLOCALIZATION\nNate Bihldorff\nReiko Ninomiya\nScot Ritchey \nPRODUCT TESTING\nShuji Hashimoto\nRobert Crombie\nKyle Hudson\nEric Bush \nPRODUCT TESTING\nSean Egan\nThomas Hertzog\nMika Kurosawa\nTeresa Lillygren \nPRODUCT TESTING\nTomoko Mikami\nKathy Huguenard\nJeffrey Storbo \nSPECIAL THANKS\nYuri Adachi\nJin Ikeda\nYoji Inagaki\nKeijiro Inoue\nKeizo Ota\nYoshinori Kiuchi\nShinya Kitai \nSPECIAL THANKS\nKeiko Kinoshita\nTomoaki Kuroume\nHiroyasu Sasano\nKaoru Sato\nTakao Shimizu\nTadashi Sugiyama \nSPECIAL THANKS\nToshiaki Suzuki\nShinya Takahashi\nMasahiro Takeguchi\nTakuhiro Douta\nTakahiro Hamaguchi\nYoshiki Haruhana \nSPECIAL THANKS\nShunsuke Makita\nKeisuke Matsui\nYumiko Matsumiya\nShigehiro Kasamatsu\nKiyoshi Koda\nAtsushi Nishiwaki \nSPECIAL THANKS\nKunihiro Komatsu\nMasaro Sakakibara\nGentaro Takaki\nHiromichi Miyake\nYuji Sawatani\nTakafumi Noma\nKei Uramoto \nSPECIAL THANKS\nSRD\nDIGITALSCAPE Co., Ltd.\nJAE\nSanda Heartland Ranch \nPRODUCER\nShigeru Miyamoto \nEXECUTIVE PRODUCER\nSatoru Iwata \nAll Rights, including the copyrights\nof Game, Scenario,\nMusic and Program, reserved \nby NINTENDO. \nThe End \n\n\n\n\n\n\n\n\n\n\n\n\n\n\n\n\n\n\n\n\n\n\n\n\n\n\n\n\n\n\n\n\n\n---\n\nExtract glossary entries following the instructions. For each item include 'term', 'translation', and 'notes' (1-2 short Ukrainian sentences)."
  }
]
--- RESPONSE RECEIVED ---
```json
[
  {
    "term": "Progress Management",
    "translation": "Управління прогресом",
    "notes": "Посада або роль у розробці гри, відповідальна за контроль виконання завдань та дотримання термінів."
  },
  {
    "term": "Supervisors",
    "translation": "Супервайзери",
    "notes": "Керівники, які наглядають за процесом розробки гри."
  },
  {
    "term": "Technical Support",
    "translation": "Технічна підтримка",
    "notes": "Команда, що надає технічну допомогу під час розробки."
  },
  {
    "term": "Debug",
    "translation": "Налагодження",
    "notes": "Процес пошуку та виправлення помилок у грі."
  },
  {
    "term": "Super Mario Club",
    "translation": "Super Mario Club",
    "notes": "Внутрішня тестова група Nintendo, що спеціалізується на тестуванні ігор."
  },
  {
    "term": "Programming Support",
    "translation": "Підтримка програмування",
    "notes": "Команда програмістів, що надає допомогу в розробці коду гри."
  },
  {
    "term": "Programming Support Group",
    "translation": "Група підтримки програмування",
    "notes": "Відділ або команда, що допомагає з програмуванням."
  },
  {
    "term": "Localization Management",
    "translation": "Управління локалізацією",
    "notes": "Керівництво процесом адаптації гри для різних мов та регіонів."
  },
  {
    "term": "Localization",
    "translation": "Локалізація",
    "notes": "Процес перекладу та адаптації гри для різних мов і культур."
  },
  {
    "term": "Product Testing",
    "translation": "Тестування продукту",
    "notes": "Процес перевірки гри на помилки та проблеми перед випуском."
  },
  {
    "term": "Special Thanks",
    "translation": "Особлива подяка",
    "notes": "Розділ титрів, де дякують людям, які допомогли у створенні гри."
  },
  {
    "term": "Producer",
    "translation": "Продюсер",
    "notes": "Головна особа, відповідальна за загальне керівництво проектом."
  },
  {
    "term": "Executive Producer",
    "translation": "Виконавчий продюсер",
    "notes": "Найвища керівна посада в проекті, що контролює всі аспекти розробки."
  },
  {
    "term": "SRD",
    "translation": "SRD",
    "notes": "Компанія Systems Research & Development, партнер Nintendo у розробці ігор."
  },
  {
    "term": "The End",
    "translation": "Кінець",
    "notes": "Фінальний напис, що з'являється після завершення гри або титрів."
  }
]
```
============================================================

==================== 2026-05-22 23:12:38.314 ====================
Task Type: chat_message
--- MESSAGES SENT ---
[
  {
    "role": "user"
  }
]
============================================================

==================== 2026-05-22 23:12:38.315 ====================
Task Type: chat_message
--- MESSAGES SENT ---
[
  {
    "role": "user"
  }
]
--- RESPONSE RECEIVED ---
response
============================================================

==================== 2026-05-22 23:12:39.073 ====================
Task Type: build_glossary
--- MESSAGES SENT ---
[
  {
    "role": "system",
    "content": ""
  },
  {
    "role": "user",
    "content": "chunk1"
  }
]
============================================================

==================== 2026-05-22 23:12:39.073 ====================
Task Type: build_glossary
--- MESSAGES SENT ---
[
  {
    "role": "system",
    "content": ""
  },
  {
    "role": "user",
    "content": "chunk1"
  }
]
--- RESPONSE RECEIVED ---
```json
[{"term": "test"}]
```
============================================================

==================== 2026-05-22 23:12:39.833 ====================
Task Type: translate_block_chunked
--- MESSAGES SENT ---
[
  {
    "role": "system",
    "content": "sys"
  },
  {
    "role": "user",
    "content": "user"
  }
]
============================================================

==================== 2026-05-22 23:12:39.833 ====================
Task Type: translate_block_chunked
--- MESSAGES SENT ---
[
  {
    "role": "system",
    "content": "sys"
  },
  {
    "role": "user",
    "content": "user"
  }
]
--- RESPONSE RECEIVED ---
{"translated_strings": ["TransA"]}
============================================================

==================== 2026-05-22 23:12:41.366 ====================
Task Type: chat_message_stream
--- MESSAGES SENT ---
[
  {
    "role": "user",
    "content": "hi"
  }
]
============================================================

==================== 2026-05-22 23:12:41.366 ====================
Task Type: chat_message_stream
--- MESSAGES SENT ---
[
  {
    "role": "user",
    "content": "hi"
  }
]
--- RESPONSE RECEIVED ---
response
============================================================

==================== 2026-05-22 23:33:27.802 ====================
Task Type: chat_message
--- MESSAGES SENT ---
[
  {
    "role": "user"
  }
]
============================================================

==================== 2026-05-22 23:33:27.802 ====================
Task Type: chat_message
--- MESSAGES SENT ---
[
  {
    "role": "user"
  }
]
--- RESPONSE RECEIVED ---
response
============================================================

==================== 2026-05-22 23:33:28.589 ====================
Task Type: build_glossary
--- MESSAGES SENT ---
[
  {
    "role": "system",
    "content": ""
  },
  {
    "role": "user",
    "content": "chunk1"
  }
]
============================================================

==================== 2026-05-22 23:33:28.590 ====================
Task Type: build_glossary
--- MESSAGES SENT ---
[
  {
    "role": "system",
    "content": ""
  },
  {
    "role": "user",
    "content": "chunk1"
  }
]
--- RESPONSE RECEIVED ---
```json
[{"term": "test"}]
```
============================================================

==================== 2026-05-22 23:33:29.374 ====================
Task Type: translate_block_chunked
--- MESSAGES SENT ---
[
  {
    "role": "system",
    "content": "sys"
  },
  {
    "role": "user",
    "content": "user"
  }
]
============================================================

==================== 2026-05-22 23:33:29.374 ====================
Task Type: translate_block_chunked
--- MESSAGES SENT ---
[
  {
    "role": "system",
    "content": "sys"
  },
  {
    "role": "user",
    "content": "user"
  }
]
--- RESPONSE RECEIVED ---
{"translated_strings": ["TransA"]}
============================================================

==================== 2026-05-22 23:33:30.966 ====================
Task Type: chat_message_stream
--- MESSAGES SENT ---
[
  {
    "role": "user",
    "content": "hi"
  }
]
============================================================

==================== 2026-05-22 23:33:30.966 ====================
Task Type: chat_message_stream
--- MESSAGES SENT ---
[
  {
    "role": "user",
    "content": "hi"
  }
]
--- RESPONSE RECEIVED ---
response
============================================================

==================== 2026-05-22 23:53:44.521 ====================
Task Type: translate_single
--- MESSAGES SENT ---
[
  {
    "role": "system",
    "content": "# System Prompt for the Translator\n\nYou are a professional video game localizer. When translating into Ukrainian, always adhere to the following requirements:\n\n1. **Crucial Rule: Treat multi-line text as a single thought.** Text with newlines (`\\n`) is one continuous sentence or phrase. The translation must flow naturally across the lines. **Example:** `Southern\\nFairy Island` is a single place name and must be translated as a single grammatical unit, like `Південний\\nОстрів Фей`, not `Південний\\nФея Острів`.\n2. **Maintain precise meaning:** Do not invent details or omit information.\n3. **Do not change tags:** All tags (`{...}`, `[...]`, etc.) and service symbols (`\\n`) must be copied into the translation without any changes, in the same position and with the same case.\n4. **Do not translate tag content:** The text inside tags (e.g., `Color:Red` in `[Color:Red]`) is a command and must not be translated. `[Color:Red]` is correct; `[Колір:Червоний]` is **incorrect**.\n5. **Use the glossary:** The glossary has the highest priority. If an entry is missing, choose a translation that preserves established franchise names.\n6. **Adhere to the style:** The style, tone, and level of formality must match the original work. If no context is provided, use a neutral professional style.\n7. **Adhere to the format:** The number of lines, spaces, and punctuation marks within a line must match the original; do not merge or split lines.\n8. **Do not add anything extra:** Return only the final translated text without comments, explanations, or decorative symbols.\n\nFollow these instructions for every translation, regardless of the text's length or complexity.\n\nGLOSSARY (use with absolute priority):\n| Original | Translation | Notes |\n|---|---|---|\n| Memory Card | Карта пам'яті | Пристрій для збереження ігрових даних у консолі GameCube. |\n| Slot A | Слот A | Роз'єм для підключення карти пам'яті в консолі. |\n| POWER Button | Кнопка POWER | Кнопка живлення консолі GameCube. |\n| The Legend of Zelda: Twilight Princess | The Legend of Zelda: Twilight Princess | Назва гри, залишається без перекладу. |\n| save file | файл збереження | Файл, що містить збережений прогрес гри. |\n| blocks | блоки | Одиниці вимірювання пам'яті на карті пам'яті. |\n| Memory Card Screen | Екран карти пам'яті | Системне меню для керування файлами на карті пам'яті. |\n| Quest Log | Журнал завдань | Файл збереження з прогресом проходження гри. |\n| green Rupee | зелена рупія | Ігрова валюта вартістю 1 одиницю. |\n| blue Rupee | синя рупія | Ігрова валюта вартістю 5 одиниць. |\n| yellow Rupee | жовта рупія | Ігрова валюта вартістю 10 одиниць. |\n| red Rupee | червона рупія | Ігрова валюта вартістю 20 одиниць. |\n| purple Rupee | фіолетова рупія | Ігрова валюта вартістю 50 одиниць. |\n| orange Rupee | помаранчева рупія | Ігрова валюта вартістю 100 одиниць. |\n| silver Rupee | срібна рупія | Ігрова валюта вартістю 200 одиниць. |\n| bomb bag | сумка для бомб | Предмет для зберігання та перенесення бомб. |\n| bombs | бомби | Вибухові предмети для знищення перешкод та ворогів. |\n| Hero's Bow | Лук героя | Зброя для стрільби стрілами на відстані. |\n| bomb arrows | вибухові стріли | Стріли з прикріпленими бомбами для комбінованої атаки. |\n| arrows | стріли | Боєприпаси для лука. |\n| foes | вороги | Противники, з якими гравець бореться в грі. |\n| seeds | насіння | Боєприпаси для рогатки, використовуються як снаряди. |\n| slingshot | рогатка | Зброя дальнього бою, яка стріляє насінням. |\n| water bombs | водяні бомби | Вибухівка, яку можна використовувати у воді, але не під час плавання. |\n| bomblings | бомблінги | Маленькі бомби, які рухаються вперед і вибухають при зіткненні або через деякий час. |\n| fairy | фея | Магічна істота в пляшці, яка відновлює здоров'я гравця при смерті або використанні. |\n| hearts | серця | Одиниці здоров'я гравця в грі. |\n| small key | малий ключ | Ключ, який відкриває замкнені двері тільки в поточній локації. |\n| Piece of Heart | Частина Серця | Колекційний предмет; 5 частин формують новий Контейнер Серця. |\n| Heart Container | Контейнер Серця | Збільшує максимальну кількість здоров'я гравця на одне серце. |\n| dungeon map | карта підземелля | Показує планування підземелля, відвідані кімнати та поточне місцезнаходження. |\n| compass | компас | Інструмент, який показує розташування прихованих об'єктів у підземеллі. |\n| Ooccoo | Уку | Персонаж, який дозволяє гравцю покинути підземелля і повернутися пізніше. |\n| big key | великий ключ | Ключ, який відкриває доступ до лігва боса підземелля. |\n| Ordon sword | меч Ордона | Меч, виготовлений Раслом як данина королівській родині. |\n| Master Sword | Майстер-меч | Легендарна зброя, яку може використовувати лише справжній герой. |\n| Ordon shield | щит Ордона | Дерев'яний щит для захисту, який може згоріти від вогню. |\n| wooden shield | дерев'яний щит | Базовий щит для захисту, вразливий до вогню. |\n| Hylian shield | хайліанський щит | Металевий щит, який ніколи не згорить. |\n| magic armor | магічна броня | Броня, яка витрачає рупії замість здоров'я при отриманні пошкоджень. |\n| Rupees | рупії | Валюта в грі, використовується для покупок. |\n| Zora armor | броня Зора | Спеціальний обладунок королівської родини Зора, дозволяє вільно рухатися під водою. |\n| big wallet | великий гаманець | Дозволяє зберігати до 600 рупій. |\n| giant wallet | гігантський гаманець | Символ шанованого громадянина королівства комах, вміщує до 1000 рупій. |\n| dungeon | підземелля | Складна локація з головоломками, ворогами та босом. |\n| boss | бос | Головний ворог підземелля або локації. |\n| Rusl | Расл | Найкращий мечник Ордона, який виготовив меч Ордона. |\n| Ordon | Ордон | Назва села або регіону в грі. |\n| Malo Mart | Мало Март | Магазин у грі, де можна купити предмети. |\n| coral earring | коралова сережка | Прикраса з дорогоцінного коралу з Володіння Зора у формі гачка для риболовлі. Дозволяє ловити рікфіш. |\n| Zora's Domain | Володіння Зора | Локація, звідки походить дорогоцінний корал. Місце проживання народу Зора. |\n| reekfish | рікфіш | Вид риби, яку можна зловити за допомогою коралової сережки як гачка. |\n| Hawkeye | Соколине Око | Оптичний приціл для збільшення віддалених об'єктів. Поєднується з Луком Героя для точної стрільби. |\n| wooden sword | дерев'яний меч | Меч, відточений Руслом. Простий у використанні для базових атак. |\n| Gale Boomerang | Буревійний Бумеранг | Таємничий бумеранг з Феєю Вітрів всередині. Засмоктує предмети силою вітру та може захоплювати до 5 цілей. |\n| Fairy of Winds | Фея Вітрів | Магічна істота, що живе всередині Буревійного Бумеранга та надає йому силу вітру. |\n| Spinner | Спінер | Стародавній механізм для левітації. Дозволяє рухатися по піску та рейках на стінах. |\n| Ball and Chain | Куля на Ланцюгу | Гігантська залізна куля з неймовірною силою для завдання серйозної шкоди. |\n| Gorons | горони | Раса гірських істот, колишні власники Лука Героя. Відомі своєю силою. |\n| Clawshot | Кігтемет | Гак на довгому ланцюгу для чіплення за спеціальні мішені та подолання великих відстаней. |\n| Double Clawshots | Подвійний Кігтемет | Два Кігтемети разом, що дозволяють стріляти повторно під час висіння. |\n| Iron Boots | Залізні Чоботи | Чоботи, що роблять носія настільки важким, що навіть горон не зможе зрушити. |\n| Dominion Rod | Жезл Володаря | Дивовижний жезл, що оживляє стародавні статуї. Статуї рухаються як їхній господар. |\n| lantern | ліхтар | Необхідний для освітлення темних місць. Потребує олії для роботи та може підпалювати предмети. |\n| Twilight Realm | Сутінкове Царство | Альтернативний вимір темряви, де Майстер-Меч світиться золотим світлом. |\n| fishing rod | вудка | Проста вудка з поплавцем для ловлі риби. Можна ловити без наживки, але з наживкою різноманітність більша. |\n| giant bomb bags | гігантські торби для бомб | Дозволяють носити вдвічі більше бомб. Місткість залежить від типу бомб. |\n| big quiver | великий сагайдак | Може вміщувати до 60 стріл. |\n| giant quiver | гігантський сагайдак | Може вміщувати до 100 стріл. |\n| empty bottle | порожня пляшка | Універсальна ємність для зберігання води та інших рідин чи предметів. |\n| red potion | червоне зілля | Відновлює 8 сердець здоров'я при випиванні. |\n| blue potion | синє зілля | Відновлює всі серця здоров'я при випиванні. |\n| milk | молоко | Одна пляшка містить дві порції. Кожна порція відновлює три серця. |\n| bottle | пляшка | Контейнер для зберігання різних предметів та рідин. |\n| lantern oil | олія для ліхтаря | Паливо, необхідне для роботи ліхтаря. |\n| water | вода | Рідина, яку можна розбризкувати на різні об'єкти. |\n| nasty soup | огидний суп | Спеціальний рецепт Коро з невідомим ефектом. |\n| Coro | Коро | Персонаж, який готує особливий суп. |\n| hot springwater | гаряча джерельна вода | Поживна вода, що відновлює всі серця, поки тепла. |\n| Great Fairy's Tears | Сльози Великої Феї | Священна вода, що відновлює здоров'я і тимчасово підвищує силу атаки. |\n| Great Fairy | Велика Фея | Могутня магічна істота, чиї молитви містяться у священній воді. |\n| life energy | життєва енергія | Здоров'я персонажа. |\n| attack strength | сила атаки | Показник шкоди, яку завдає персонаж. |\n| worm | черв'як | Наживка для риболовлі, яку люблять риби. |\n| bee larva | бджолина личинка | Їстівна наживка для риболовлі, відновлює 1/4 серця. |\n| Chu Jelly | желе Чу | Желеподібна речовина різних кольорів з різними ефектами. |\n| rare Chu Jelly | рідкісне желе Чу | Відновлює всю енергію і тимчасово підвищує силу атаки. |\n| red Chu Jelly | червоне желе Чу | Відновлює 8 сердець здоров'я. |\n| blue Chu Jelly | синє желе Чу | Відновлює всі серця здоров'я. |\n| yellow Chu Jelly | жовте желе Чу | Використовується для заправки ліхтаря. |\n| purple Chu Jelly | фіолетове желе Чу | Має невідомий ефект при вживанні. |\n| simple soup | простий суп | Суп з запахом рибного бульйону, відновлює 2 серця. |\n| good soup | хороший суп | Суп з запахом гарбузів, відновлює 4 серця. |\n| superb soup | чудовий суп | Суп з сирним запахом, відновлює здоров'я. |\n| Renado's letter | лист Ренадо | Лист від персонажа на ім'я Ренадо з детальними інструкціями щодо лікування Ілії для відновлення її пам'яті. |\n| Ilia | Ілія | Ім'я жіночого персонажа, яка втратила пам'ять і потребує лікування. |\n| invoice | рахунок | Рахунок за послуги міського лікаря на астрономічну суму. |\n| wooden statue | дерев'яна статуетка | Статуетка незвичайної форми, що колись належала Ілії і може допомогти відновити її пам'ять. |\n| Ilia's charm | оберіг Ілії | Оберіг, який Ілія залишила жінці, що врятувала її. Ключ до відновлення пам'яті Ілії. |\n| horse call | поклик коня | Предмет, створений Ілією, який дозволяє покликати коня, граючи його улюблену мелодію. |\n| Auru's memo | записка Ауру | Записка від Ауру, адресована Файєру з озера Хайлія. |\n| Auru | Ауру | Ім'я персонажа, який написав записку. |\n| Fyer | Файєр | Персонаж, який знаходиться біля озера Хайлія. |\n| Lake Hylia | озеро Хайлія | Назва локації у грі. |\n| Ashei's sketch | ескіз Ашей | Швидко намальований малюнок істоти, яку Ашей бачила з червоною рибою. |\n| Ashei | Ашей | Ім'я персонажа, який намалював ескіз. |\n| red fish | червона риба | Риба, яку тримала істота на ескізі Ашей. |\n| black Chu Jelly | чорне желе Чу | Чорне желе, яке виглядає дуже шкідливим для здоров'я. |\n| bottle of oil | пляшка олії | Олія, необхідна для заправки ліхтаря. |\n| Tear of Light | Сльоза Світла | Священна сльоза, яка розсіює сутінки. Збирається у Посудину Світла. |\n| Vessel of Light | Посудина Світла | Посудина для збирання Сльоз Світла, необхідна для розсіювання сутінків і повернення світла. |\n| twilight | сутінки | Темрява або тіньовий стан, який покриває певні локації у грі. |\n| senses | чуття | Особлива здатність бачити прихованих ворогів, які тримають Сльози Світла. |\n| beetle | жук | Комаха, яку можна зловити; цінується любителями комах за золотистий колір. |\n| butterfly | метелик | Комаха, яку можна зловити; цінується любителями комах за золотистий колір. |\n| stag beetle | жук-олень | Комаха, яку можна зловити; цінується любителями комах за золотистий колір. |\n| grasshopper | коник | Комаха, яку можна зловити; цінується любителями комах за золотистий колір. |\n| phasmid | паличник | Комаха, яку можна зловити; цінується любителями комах за золотистий колір. |\n| pill bug | мокриця | Комаха, яку можна зловити; цінується любителями комах за золотистий колір. |\n| Collection screen | екран колекції | Меню, де можна переглянути зловлених комах. |\n| mantis | богомол | Комаха, яку можна зловити в грі. Відображається на екрані колекції. |\n| ladybug | сонечко | Комаха, яку можна зловити в грі. Має золотий колір. |\n| snail | равлик | Молюск, якого можна зловити. Фанати равликів люблять золотий колір. |\n| dragonfly | бабка | Комаха, яку можна зловити та переглянути в колекції. |\n| ant | мураха | Комаха, яку можна зловити в грі. |\n| dayfly | одноденка | Комаха, яку можна зловити та додати до колекції. |\n| Bug fans | Фанати комах | Персонажі або гравці, які цінують зловлених комах. |\n| Poe's soul | Душа По | Предмет, який випадає після перемоги над По. Збирається в колекцію. |\n| Poe | По | Ворог-привид, якого потрібно перемогти для отримання душі. |\n| Ancient Sky Book | Стародавня Небесна Книга | Книга, написана давньою небесною мовою. Містить підказку до шляху на небо. |\n| Sky character | Небесний символ | Відсутня частина слова в Стародавній Небесній Книзі. |\n| City in the Sky | Місто в Небі | Локація в грі, куди можна потрапити за допомогою Окку. |\n| Oocca | Окка | Раса, до якої належить Окку. |\n| Rupee | рупія | Основна валюта у світі гри. |\n| Faron Woods | Фаронський Ліс | Локація в грі, доступ до якої відкривається ключем. |\n| gate keys | ключі від воріт | Ключі, які відкривають ворота на шляху до Какаріко. |\n| Kakariko | Какаріко | Село або локація в грі. |\n| Ordon pumpkin | ордонський гарбуз | Гарбуз, вирощений у рідному селі гравця Ордоні. |\n| Ordon goat cheese | ордонський козячий сир | Сир, виготовлений з молока ордонських кіз. |\n| bedroom key | ключ від спальні | Ключ, який дає доступ до спальні з уламком дзеркала. |\n| mirror shard | уламок дзеркала | Частина дзеркала, яка знаходиться в спальні. |\n| key shard | уламок ключа | Частина великого ключа. Потрібно зібрати всі три уламки. |\n| Pieces of Heart | Частини серця | Колекційні предмети для збільшення здоров'я. |\n| Ooccoo Jr. | Окку-молодший | Дитина Окку, допомагає в підземеллях. |\n| Ooccoo's Note | Записка Окку | Повідомлення від Окку. |\n| Ranch Clothes | Одяг ранчо | Повсякденний одяг героя. |\n| Hero's Clothes | Одяг героя | Традиційний зелений одяг героя. |\n| Zora | Зора | Водяна раса в грі. |\n| Shadow Crystal | Кристал тіні | Предмет, пов'язаний з темною магією. |\n| Wallet | Гаманець | Базовий гаманець для зберігання рупій. |\n| Giant Bomb Bag | Гігантська сумка для бомб | Найбільша сумка для зберігання бомб. |\n| Fire Arrow | Вогняна стріла | Стріла з вогняним ефектом. |\n| Quiver | Сагайдак | Базовий сагайдак для стріл. |\n| Magic Potion | Магічне зілля | Зілля для відновлення магії. |\n| Fairy's Tears | Сльози феї | Рідкісний предмет від феї. |\n| Green Chu Jelly | Зелене желе Чу | Желе від зеленого Чу. |\n| Mirror Shards | Уламки Дзеркала | Фрагменти Дзеркала Сутінків, необхідні для відновлення артефакту. |\n| Scent of Ilia | Запах Ілії | Аромат, що дозволяє відстежувати Ілію у вовчій формі. |\n| Poe Scent | Запах По | Аромат духів По для відстеження. |\n| Reekfish Scent | Запах Рікфіша | Запах риби Рікфіш для відстеження. |\n| Youths' Scent | Запах Юнаків | Аромат молодих людей для відстеження. |\n| Medicine Scent | Запах Ліків | Аромат медикаментів для відстеження. |\n| Poe Souls | Душі По | Душі духів По, які можна збирати та обмінювати. |\n| Filled Sky Book | Заповнена Небесна Книга | Небесна книга після заповнення всіх літер. |\n| Gate Key | Ключ від Воріт | Спеціальний ключ для відкриття воріт. |\n| Ordon Cheese | Ордонський Сир | Сир з села Ордон, виготовлений з козячого молока. |\n| Surf Leaf | Листок для Серфінгу | Великий листок для ковзання по воді. |\n| Child's Wallet | Дитячий Гаманець | Гаманець з дитинства, вміщує до 300 рупій. |\n| Adult's Wallet | Дорослий Гаманець | Гаманець від Агіти, вміщує до 600 рупій. |\n| Giant's Wallet | Гігантський Гаманець | Найбільший гаманець від Агіти, вміщує до 1000 рупій. |\n| Hyrule | Хайрул | Королівство, де відбуваються події гри. |\n| Agitha | Агіта | Принцеса королівства комах, колекціонує комах. |\n| Iza | Іза | Власниця пункту прокату човнів, дає сумку для бомб. |\n| Goron | Горон | Раса гірських істот, що живуть у вулканічних регіонах. |\n| Chu | Чу | Желеподібні вороги різних кольорів. |\n| Epona | Епона | Вірний кінь головного героя. |\n| Twilight Mirror | Дзеркало Сутінків | Стародавній артефакт, зібраний з уламків. |\n| pellets | кульки | Боєприпаси для рогатки, максимум 50 штук. |\n| ancient statues | стародавні статуї | Статуї, які можна оживити за допомогою містичного жезла. |\n| Temple of Time | Храм Часу | Місце, звідки походить містичний жезл для оживлення статуй. |\n| larva | личинка | Принада для вудки, використовується для ловлі риби. |\n| earring hook | гачок-сережка | Спеціальний гачок для вудки, який можна використовувати з різними принадами. |\n| Death Mountain | Гора Смерті | Локація, звідки походить знамените гаряче джерельне вода. |\n| Items screen | екран предметів | Меню інвентаря, де гравець керує своїми предметами та спорядженням. |\n| attack power | сила атаки | Показник, що визначає величину шкоди, яку завдає персонаж. |\n| beehive | бджолиний вулик | Джерело личинок для наживки. |\n| rare Chu | рідкісний Чу | Особливий тип Чу, що дає поживне желе з покращеними властивостями. |\n| red Chu | червоний Чу | Різновид Чу, з якого отримують червоне желе для відновлення здоров'я. |\n| blue Chu | синій Чу | Різновид Чу, з якого отримують синє желе для повного відновлення здоров'я. |\n| yellow Chu | жовтий Чу | Різновид Чу, що дає олійне желе для заправки ліхтаря. |\n| purple Chu | фіолетовий Чу | Різновид Чу з підозрілим желе, ефект якого непередбачуваний. |\n| black Chu | чорний Чу | Різновид Чу, що дає погано пахнуче желе. |\n| Yeto | Єто | Персонаж, який готує домашній суп з різними інгредієнтами. |\n| Renado | Ренадо | Персонаж, який написав листа до Телми про лікування Ілії. |\n| Telma | Телма | Персонаж, якому адресований лист Ренадо. |\n| tears of light | сльози світла | Магічні предмети, які збираються в спеціальний контейнер від духа. |\n| Mirror of Twilight | Дзеркало Сутінків | Артефакт, що з'єднує світло і тінь, складається з кількох частин. |\n| Lanayru Province | провінція Ланайру | Регіон у грі, де знайдено гаманець Ілії. |\n| Arbiter's Grounds | Землі Арбітра | Локація в пустелі, де водяться привиди. |\n| Eldin Province | провінція Елдін | Регіон у грі, де знайдено дерев'яний меч. |\n| Faron Province | провінція Фарон | Регіон у грі, де знайдено золотого жука. |\n| Castle Town | Замкове Місто | Головне місто в грі, розташоване біля замку. |\n| Hyrule Castle | замок Хайрул | Головний замок королівства Хайрул. |\n| Kakariko Village | село Какаріко | Село в грі, біля якого знаходяться різні локації. |\n| Bridge of Eldin | міст Елдіна | Локація, де знайдено золотого привида. |\n| Kakariko Gorge | ущелина Какаріко | Локація біля села Какаріко, де знайдено золотого мокрицю. |\n| Great Bridge of Hylia | Великий міст Хілії | Велика локація-міст, названа на честь богині Хілії. |\n| Sacred Grove | Священна гаща | Таємнича лісова локація з особливим значенням. |\n| Zora's River | Річка Зора | Річка, пов'язана з народом Зора. |\n| Gerudo Desert | Пустеля Герудо | Пустельна локація, домівка племені Герудо. |\n| Poes | По | Духи-привиди, які можна побачити лише за допомогою особливих здібностей. |\n| Sky language | Небесна мова | Стародавня мова, пов'язана з небесними істотами. |\n| Snowpeak | Сніжний пік | Гірська снігова локація з особняком, де зберігається уламок дзеркала. |\n| Goron elder | старійшина Горонів | Лідер народу Горонів, який був перетворений темною магією. |\n| Forest Temple | Лісовий храм | Підземелля, розташоване в лісі. |\n| Goron Mines | Шахти Горонів | Підземелля в гірських шахтах народу Горонів. |\n| Lakebed Temple | Храм на дні озера | Підземелля, розташоване під водою. |\n| Snowpeak Ruins | Руїни Сніжного піку | Занедбаний особняк на засніженій горі. |\n| Palace of Twilight | Палац сутінків | Підземелля в Сутінковому царстві. |\n| Link | Лінк | Ім'я головного героя гри. |\n| Map | Карта | Предмет, який показує планування підземелля. |\n| Wii System Memory | Системна пам'ять Wii | Внутрішня пам'ять консолі Wii для збереження даних. |\n| Ordon Ranch | Ранчо Ордон | Ферма в селі Ордон, де Лінк працює пастухом. |\n| Ordon Village | Село Ордон | Мирне село на околиці Хайрулу, де починається пригода Лінка. |\n| Graveyard | Цвинтар | Кладовище біля села Какаріко з підземними катакомбами. |\n| Mirror Chamber | Зала Дзеркала | Місце, де зберігається Дзеркало Сутінків. |\n| Hyrule Field | Поле Хайрул | Великі відкриті простори, що з'єднують різні регіони Хайрулу. |\n| Hyrule Castle Town | Замкове Місто Хайрул | Головне місто королівства Хайрул. |\n| Sera's Sundries | Крамниця Сери | Магазин у селі Ордон. |\n| Barnes Bombs | Бомби Барнса | Магазин вибухівки в селі Какаріко. |\n| STAR Tent | Намет ЗІРКА | Розважальний намет у Замковому Місті. |\n| Telma's Bar | Бар Тельми | Таверна в Замковому Місті, де збирається група опору. |\n| Fanadi's Palace | Палац Фанаді | Будинок ворожки в Замковому Місті. |\n| Agitha's Castle | Замок Аґіти | Будинок дівчинки, яка колекціонує комах. |\n| Jovani's House | Будинок Джовані | Дім багатія, прокльятого перетворенням на золоту статую. |\n| Hidden Village | Приховане Село | Таємне село, заселене котами. |\n| Castle Town Sewers | Каналізація Замкового Міста | Підземні тунелі під містом. |\n| Fishing Hole | Рибальське Місце | Ставок для риболовлі. |\n| Twilit Parasite | Сутінковий Паразит | Комахоподібні створіння, що несуть сльози світла. |\n| DIABABA | ДІАБАБА | Бос Лісового Храму, гігантська хижа рослина. |\n| Twilit Igniter | Сутінковий Запалювач | Підзаголовок боса Файруса. |\n| FYRUS | ФАЙРУС | Бос Шахт Горонів, вогняний велетень у ланцюгах. |\n| Twilit Aquatic | Сутінковий Водяний | Підзаголовок боса Морфіла. |\n| MORPHEEL | МОРФІЛ | Бос Храму Озерного Дна, гігантська водяна істота. |\n| Twilit Fossil | Сутінкова Скам'янілість | Підзаголовок боса Сталлорда. |\n| STALLORD | СТАЛЛОРД | Бос Земель Арбітра, гігантський скелет динозавра. |\n| Twilit Ice Mass | Сутінкова Крижана Маса | Підзаголовок боса Бліззети. |\n| BLIZZETA | БЛІЗЗЕТА | Бос Руїн Сніжного Піку, одержима крижаним дзеркалом. |\n| Twilit Arachnid | Сутінковий Павукоподібний | Підзаголовок боса Армогоми. |\n| ARMOGOHMA | АРМОГОМА | Бос Храму Часу, гігантський броньований павук. |\n| Twilit Dragon | Сутінковий Дракон | Підзаголовок боса Аргорока. |\n| ARGOROK | АРГОРОК | Бос Міста в Небі, броньований вогняний дракон. |\n| Usurper King | Король-Узурпатор | Підзаголовок боса Занта. |\n| ZANT | ЗАНТ | Бос Палацу Сутінків, самопроголошений король сутінків. |\n| Dark Lord | Темний Володар | Підзаголовок фінального боса Ганондорфа. |\n| GANONDORF | ГАНОНДОРФ | Фінальний бос гри, втілення зла та влади. |\n| Ganon's Puppet | Маріонетка Ганона | Підзаголовок одержимої принцеси Зельди. |\n| ZELDA | ЗЕЛЬДА | Принцеса Хайрулу, тимчасово контрольована Ганондорфом. |\n| Dark Beast | Темний Звір | Підзаголовок звіриної форми Ганона. |\n| GANON | ГАНОН | Звіряча форма Ганондорфа у фінальній битві. |\n| Sensor Bar | Сенсорна Панель | Пристрій для відстеження Wii Remote. |\n| Wii Remote | Wii Remote | Бездротовий контролер для консолі Wii. |\n| Collection | Колекція | Меню інвентарю та карти. |\n| Helm splitter | Розсікач шолома | Спеціальна атака з підскоком та ударом зверху. |\n| Shield attack | Атака щитом | Удар щитом для оглушення ворогів. |\n| Spin attack | Обертова атака | Кругова атака мечем. |\n| Hyrule Kingdom | Королівство Хайрул | Головне королівство у грі, де відбувається дія. |\n| Ordon Woods | Ордонський ліс | Лісова місцевість біля села Ордон. |\n| Ordona Province | Провінція Ордона | Регіон, де знаходиться село Ордон. |\n| Peak Province | Провінція Вершин | Гірський регіон зі снігом. |\n| Desert Province | Пустельна провінція | Регіон з пустелею Герудо. |\n| Fused Shadows | Злиті тіні | Артефакти з небезпечною силою, розшукувані духами світла. |\n| Hidden Skills | Приховані навички | Спеціальні бойові техніки, які можна вивчити у золотого вовка. |\n| Golden Bugs | Золоті жуки | Колекційні комахи золотого кольору, розкидані по світу. |\n| Mansion Map | Карта особняка | Карта, що показує кімнати та поверхи особняка. |\n| Fish Journal | Журнал риболовлі | Записник для відстеження спійманої риби. |\n| Bobber Journal | Журнал поплавця | Записник для риболовлі з поплавцем. |\n| Ordon Catfish | Ордонський сом | Вид риби з околиць Ордона. |\n| Hylian Pike | Хайрульська щука | Вид щуки з вод Хайрулу. |\n| Greengill | Зеленозяброва | Риба із зеленими зябрами. |\n| Hylian Loach | Хайрульський в'юн | Рідкісна риба, важка для ловлі. |\n| Hyrule Bass | Хайрульський окунь | Поширений вид риби в Хайрулі. |\n| Portal | Портал | Магічний прохід, що з'являється після знищення темних створінь. |\n| Hour of twilight | Година сутінків | Особливий час, коли відчуваються духи померлих. |\n| Light spirits | Духи світла | Божественні істоти, що охороняють провінції Хайрулу. |\n| Golden wolf | Золотий вовк | Таємничий вовк, що навчає прихованим навичкам. |\n| Howling stones | Виючі камені | Місця, де можна покликати золотого вовка. |\n| Ordon Spring | Ордонське джерело | Священне джерело духа світла біля села Ордон. |\n| Forest spring | Лісове джерело | Цілюще джерело в лісі з духовною силою. |\n| Transform into wolf | Перетворитися на вовка | Здатність головного героя змінювати форму. |\n| Transform into human | Перетворитися на людину | Повернення до людської форми з вовчої. |\n| Midna | Мідна | Супутниця головного героя з сутінкового світу. |\n| Talo | Тало | Ім'я персонажа, якого було захоплено. Згадується в діалозі на початку. |\n| Colin | Колін | Ім'я персонажа, який розмовляє з головним героєм. Турбується про коня героя. |\n| porcelain horse call | порцеляновий кінський поклик | Предмет-подарунок, який отримує гравець перед подорожжю. |\n| spring | джерело | Місце, куди закликають прийти героя. Пов'язане з духами світла. |\n| shadow | тінь | Темна сила, яка перетворює героя та світ. Протилежність світлу. |\n| Twilight Princess | Сутінкова Принцеса | Титул Мідни. Вона є принцесою сутінкового царства. |\n| king that rules the twilight | король, що править сутінками | Антагоніст, який перетворив Хайрул на світ тіней. |\n| world of shadows | світ тіней | Перетворене царство Хайрул, де панують створіння, що уникають світла. |\n| shadow beasts | тіньові звірі | Створіння темряви, які шукають Мідну по всьому світу. |\n| darkened realm | затемнене царство | Альтернативна назва сутінкового світу, звідки вийшов герой. |\n| four light spirits | чотири духи світла | Божественні істоти, які захищають Хайрул за велінням богів. |\n| Ordona | Ордона | Ім'я одного з чотирьох духів світла, який розмовляє з героєм. |\n| shadow being | тіньова істота | Чорний звір, створіння темряви, яке намагається вкрасти силу світла. |\n| power of light | сила світла | Божественна енергія, якою володіють духи світла. |\n| light | світло | Священна сила, яку вкрали тіньові звірі у духів. |\n| fell beasts | зловісні звірі | Прокляті створіння, які вкрали світло у духів. |\n| netherworld | потойбічний світ | Стан, до якого було зведене королівство під владою темряви. |\n| world of light | світ світла | Нормальний світ, який перебуває під загрозою захоплення королем сутінків. |\n| king of twilight | король сутінків | Правитель темряви, який загрожує всьому світу світла. |\n| three light spirits | три духи світла | Духи в Хайрулі, які втратили своє світло і потребують відродження. |\n| light spirit | дух світла | Божественна істота, чия сила може повернути героєві його справжню форму. |\n| blue-eyed beast | синьоокий звір | Форма, в яку було перетворено героя в царстві тіней. |\n| tear | сльоза | Предмет або сутність, яку потрібно зібрати для відновлення світла. |\n| bow | лук | Зброя дальнього бою, якою гравець цілиться та стріляє стрілами. Використовується для ураження ворогів на відстані. |\n| scarecrow | опудало | Тренувальна ціль для практики стрільби з лука. |\n| reticule | приціл | Червоний маркер на екрані для наведення зброї на ціль. |\n| Princess Zelda | Принцеса Зельда | Головний персонаж серії ігор, принцеса королівства Хайрул. |\n| oil | олія | Паливо для ліхтаря, яке дозволяє безпечно подорожувати вночі. |\n| tears | сльози | Сльози, що пронизують темряву, які потрібно зібрати у Посудину Світла. |\n| Prince Zora | принц Зора | Персонаж, якого рятують у грі. |\n| Faron | Фарон | Один з духів світла, що живуть у Хайрулі. Захищає ліс за наказом богів. |\n| green tunic | зелена туніка | Одяг, що колись належав стародавньому герою, обраному богами. |\n| chosen one | обраний | Герой, обраний богами, в якому прокидаються особливі сили. |\n| dark power | темна сила | Заборонена сила, що знаходиться в храмі глибоко в лісі. |\n| temple | храм | Місце в глибині лісу, де знаходиться заборонена темна сила. |\n| spirits of light | духи світла | Духи, що живуть у Хайрулі та захищають землі за наказом богів. |\n| king of shadows | король тіней | Ворог, силі якого має протистояти герой. |\n| sanctuary | святилище | Безпечне місце, де ховаються люди від чудовиськ. |\n| cellar | підвал | Підземне приміщення, вхід до якого відкривається після запалення всіх свічок. Використовується як укриття. |\n| Fused Shadow | Злита Тінь | Артефакт темної сили, який потрібно знайти. Всього їх три. |\n| Eldin | Елдін | Один із духів світла Хайрулу, що охороняє певні землі. |\n| sacred grounds | священні землі | Святі місця гірських мешканців, осквернені темрявою. |\n| mountain dwellers | гірські мешканці | Племя горонів, що живе в горах. |\n| Luda | Луда | Дочка Ренадо. |\n| mines | шахти | Копальні горонів, куди вони не пускають людей. |\n| spirit | дух | Духовна істота, що може давати поради герою. |\n| Lanayru | Ланайру | Дух світла, що охороняє певні землі Хайрулу. |\n| Sacred Realm | Священне Царство | Землі, де зійшли богині та дарували порядок світу. |\n| goddesses | богині | Божества, що створили порядок у світі та замкнули заборонену силу. |\n| interlopers | чужинці | Ті, хто жив у світлі та володів магією, спричинивши велику битву. |\n| Beth | Бет | Одна з дітей, врятованих героєм. |\n| Barnes | Барнс | Ім'я персонажа, згадане в діалозі. |\n| sorcery | чаклунство | Потужна магія, якою володіли ті, хто намагався захопити Священне Царство. |\n| shaman | шаман | Цілитель у селі Какаріко, який лікує ґоронів та зора. |\n| Zoras | зора | Водний народ. У тексті згадується дитина зора, яка потребує лікування. |\n| dangerous beasts | небезпечні звірі | Загроза на рівнинах по дорозі до Какаріко. |\n| warp | телепортація | Здатність миттєво переміщуватися між локаціями. Доступна у формі вовка. |\n| province | провінція | Регіон або область на карті світу гри. |\n| light world | світлий світ | Те саме, що світ світла - звичайний вимір. |\n| light dwellers | мешканці світла | Жителі звичайного світу Хайрулу. |\n| princess | принцеса | Принцеса Зельда, правителька Хайрулу. |\n| castle | замок | Замок Хайрулу, де утримується принцеса. |\n| ancient wood | стародавній ліс | Давня лісова локація, деховається уламок дзеркала. |\n| sky | небо | Небесна локація, де знаходиться один з уламків. |\n| curtain of twilight | завіса сутінків | Межа між світлом та сутінками, що перетворює на звіра. |\n| evil power | зла сила | Темна магія, відмінна від магії Сутінкового Царства. |\n| blade of evil's bane | клинок прокляття зла | Опис Майстер Меча - зброї проти зла. |\n| ancient sages | стародавні мудреці | Давні мудреці, що створили Майстер Меч. |\n| hero | герой | Головний персонаж, обраний богинями. |\n| spirit's spring | джерело духа | Священне місце, де перебуває дух-охоронець. |\n| shadow magic | магія тіні | Магія племені Сутінкового Царства. |\n| evil magic | зла магія | Темна магія Занта, відмінна від магії тіні. |\n| beast | звір | Форма вовка, в яку перетворюється герой. |\n| wolf | вовк | Звірина форма головного героя. |\n| Lava fusion event | Подія злиття лави | Тимчасова демонстраційна подія, пов'язана з Гірою Смерті. |\n| spirit Eldin | дух Елдін | Один із духів-охоронців Хайрулу. |\n| Twili | Твілі | Народ, що був вигнаний до Сутінкового Царства. |\n| dark insects | темні комахи | Вороги, яких потрібно знищити для збору Сліз Світла. |\n| divine beast | божественний звір | Форма, в якій Герой з'являється у Сутінковому Царстві. |\n| sages | мудреці | Охоронці Дзеркала Сутінків, що служать богиням. |\n| chosen power of the gods | обрана сила богів | Божественна сила, якою був благословлений Ґанондорф. |\n| fragments | уламки | Частини розбитого Дзеркала Сутінків, розкидані по Хайрулу. |\n| curse | прокляття | Темна магія, накладена на Мідну богом Занта. |\n| magic | магія | Надприродна сила, якою володіють Твілі та інші персонажі. |\n| leader of the Twili | лідер Твілі | Титул правителя народу Твілі, який володіє особливою магією. |\n| absolute power | абсолютна влада | Найвища форма сили, дарована богами обраним героям. |\n| sword | меч | Зброя ближнього бою, необхідна для битви. |\n| shield | щит | Захисний предмет, який можна знайти в будинку з водяним колесом. |\n| Spirits of the light | Духи світла | Божественні сутності, що володіють силою світла і допомагають герою. |\n| chosen hero | обраний герой | Головний персонаж, посланий богинями для порятунку світу. |\n| king of light and shadow | король світла і тіні | Титул, який присвоює собі Ганондорф. |\n| Hylian crest | герб Хайліану | Символ королівства Хайрул на щиті. |\n| targets | цілі | Об'єкти або вороги, по яких можна атакувати або спрямовувати предмети. |\n| ancient machine | стародавня машина | Механічний пристрій, створений у давнину, здатний літати. |\n| wall rails | настінні рейки | Спеціальні направляючі на стінах, по яких можна їздити. |\n| iron ball | залізна куля | Велика куля на ланцюзі, яку можна розкрутити для атаки. |\n| Goron treasure | скарб ґоронів | Цінний предмет народу ґоронів, використовуваний стародавнім героєм. |\n| ancient hero | стародавній герой | Легендарний воїн минулого, який використовував особливу зброю. |\n| chain | ланцюг | Металевий ланцюг з гаком на кінці для переміщення. |\n| claw | гак | Кігтеподібний пристрій на кінці ланцюга для зачіплення. |\n| Clawshots | Подвійні гаки | Пара гаків-ланцюгів для переміщення між точками зачіплення. |\n| fuel | паливо | Олія для заправки ліхтаря, без якої він не горітиме. |\n| bobber | поплавець | Частина вудки, яка сигналізує про поклювку. |\n| bait | наживка | Приманка для риби, яку прикріплюють до гачка. |\n| pellet | кулька | Боєприпас для рогатки, можна носити до 50 штук. |\n| servings | порцій | Кількість разів, які можна використати предмет. |\n| Coro's homemade soup | домашній суп Коро | Особливий суп з непередбачуваним ефектом. |\n| Death Mountain hot springwater | гаряча вода з джерела Гори Смерті | Цілюща вода, яка відновлює всі сердця, але охолоджується з часом. |\n| Item Screen | Екран предметів | Меню, де можна керувати інвентарем та створювати спеціальні предмети. |\n| Jovani | Джовані | Персонаж, якому потрібно принести 20 або більше душ По. |\n| Purlo | Пурло | Персонаж, який надсилає листи гравцеві. |\n| Fanadi | Фанаді | Ворожка, яка має свій палац. |\n| Princess Agitha | Принцеса Аґіта | Персонаж, який збирає комах і має свою мрію. |\n| Impaz | Імпаз | Персонаж, який надсилає листи. |\n| Shad | Шад | Персонаж, який надсилає листи гравцеві. |\n| Yeta | Єта | Дружина Єто, яка надсилає листи. |\n| The Postman | Листоноша | Персонаж, який доставляє пошту гравцеві. |\n| bar | бар | Заклад Телми в Місті-Фортеці. Місце зустрічі з союзниками та отримання квестів. |\n| STAR game | гра ЗІРКА | Популярна міні-гра в Хайрулі. Доступна в різних локаціях з новими викликами. |\n| Iza's Rapid Ride | Сплав Ізи | Атракціон зі стрільбою по мішенях на річці. Безкоштовне використання вибухових стріл. |\n| Hena's Fishing Hole | Рибальське Місце Гени | Локація для риболовлі з використанням приманок. Міні-гра для дорослих. |\n| candles | свічки | Джерела світла в святилищі. Запалення свічок може відкрити таємні проходи. |\n| basement | підвал | Нижній поверх будівлі. Вхід може бути прихований і відкривається через механізми. |\n| yeti | йєті | Велика біла істота, що живе в горах. Володіє одним з уламків дзеркала. |\n| Ending Blow | Завершальний удар | Смертельний удар по поваленому ворогу. |\n| Back Slice | Удар у спину | Прийом, що дозволяє обкотитися навколо ворога і атакувати ззаду. |\n| Mortal Draw | Смертельне витягування | Швидка атака мечем з піхов, коли ворог наближається. |\n| Jump Strike | Стрибковий удар | Потужна атака з стрибка при таргетуванні ворога. |\n| Great Spin | Великий вихор | Обертова атака, доступна при повному здоров'ї. |\n| targeting | таргетування / наведення | Механіка фокусування на ворогу під час бою. |\n| reed | очерет / дудка | Предмет, звук якого приваблює певних істот. |\n| boot | чобіт | Сміття, яке можна виловити замість риби. |\n| bag of Rupees | мішечок рупій | Предмет з грошима, який можна знайти під час риболовлі. |\n| sinking lure | тонуча принада | Заборонена приманка для риболовлі, яка добре працює. |\n| skullfish | черепориба | Заборонена риба, яка не додається до журналу. |\n| bombfish | бомбориба | Заборонена риба, яку можна використати як бомбу. |\n| wheel | колесо | Сміття, яке можна виловити замість риби. |\n| empty can | порожня бляшанка | Сміття, яке можна виловити замість риби. |\n| twig | гілочка | Сміття або уламок, який можна виловити. |\n| Zora village | село Зора | Поселення раси Зора у грі. |\n| size record | рекорд розміру | Найбільший розмір зловленої риби певного виду. |\n| shadow creatures | тіньові створіння | Вороже істоти, пов'язані з сутінками, які можуть руйнувати мости та інші об'єкти. |\n| people of the sky | небесний народ | Легендарна раса або група істот, пов'язана з небесами та давніми переказами. |\n| rod of the heavens | небесний жезл | Легендарний предмет, пов'язаний з небесним народом та їхнім посланцем. |\n| messenger of the sky | небесний посланець | Персонаж або істота з легенди, що володіє небесним жезлом. |\n| Sky letters | небесні літери | Стародавня писемність небесного народу, яку важко прочитати. |\n| true power | справжня сила | Прихована здатність героя, яку він ще не відкрив. |\n| light arrows | світлові стріли | Зброя, яку використовують для уповільнення Ганондорфа в бою. |\n| Progress Management | Управління прогресом | Посада або роль у розробці гри, відповідальна за контроль виконання завдань та дотримання термінів. |\n| Supervisors | Супервайзери | Керівники, які наглядають за процесом розробки гри. |\n| Technical Support | Технічна підтримка | Команда, що надає технічну допомогу під час розробки. |\n| Debug | Налагодження | Процес пошуку та виправлення помилок у грі. |\n| Super Mario Club | Super Mario Club | Внутрішня тестова група Nintendo, що спеціалізується на тестуванні ігор. |\n| Programming Support | Підтримка програмування | Команда програмістів, що надає допомогу в розробці коду гри. |\n| Programming Support Group | Група підтримки програмування | Відділ або команда, що допомагає з програмуванням. |\n| Localization Management | Управління локалізацією | Керівництво процесом адаптації гри для різних мов та регіонів. |\n| Localization | Локалізація | Процес перекладу та адаптації гри для різних мов і культур. |\n| Product Testing | Тестування продукту | Процес перевірки гри на помилки та проблеми перед випуском. |\n| Special Thanks | Особлива подяка | Розділ титрів, де дякують людям, які допомогли у створенні гри. |\n| Producer | Продюсер | Головна особа, відповідальна за загальне керівництво проектом. |\n| Executive Producer | Виконавчий продюсер | Найвища керівна посада в проекті, що контролює всі аспекти розробки. |\n| SRD | SRD | Компанія Systems Research & Development, партнер Nintendo у розробці ігор. |\n| The End | Кінець | Фінальний напис, що з'являється після завершення гри або титрів. |"
  },
  {
    "role": "user",
    "content": "Game: Pokémon FireRed/LeafGreen\nBlock: data_event_scripts.s (#0)\nRow: #3\nMode: translation variations\n\nTranslate the text into Ukrainian without altering the meaning.\nKeep exactly 1 lines (including empty ones) and preserve their order.\nUse the provided glossary to translate terms. All other tags must be preserved exactly as they appear.\nThe glossary has absolute priority.\nDo not add explanations or meta text; return only the translation.\n\nInput text:\n\nThe door is locked.\\p...On closer inspection, this is written\\non it: “Write the secret code here.”"
  }
]
============================================================

==================== 2026-05-22 23:53:48.771 ====================
Task Type: translate_single
--- MESSAGES SENT ---
[
  {
    "role": "system",
    "content": "# System Prompt for the Translator\n\nYou are a professional video game localizer. When translating into Ukrainian, always adhere to the following requirements:\n\n1. **Crucial Rule: Treat multi-line text as a single thought.** Text with newlines (`\\n`) is one continuous sentence or phrase. The translation must flow naturally across the lines. **Example:** `Southern\\nFairy Island` is a single place name and must be translated as a single grammatical unit, like `Південний\\nОстрів Фей`, not `Південний\\nФея Острів`.\n2. **Maintain precise meaning:** Do not invent details or omit information.\n3. **Do not change tags:** All tags (`{...}`, `[...]`, etc.) and service symbols (`\\n`) must be copied into the translation without any changes, in the same position and with the same case.\n4. **Do not translate tag content:** The text inside tags (e.g., `Color:Red` in `[Color:Red]`) is a command and must not be translated. `[Color:Red]` is correct; `[Колір:Червоний]` is **incorrect**.\n5. **Use the glossary:** The glossary has the highest priority. If an entry is missing, choose a translation that preserves established franchise names.\n6. **Adhere to the style:** The style, tone, and level of formality must match the original work. If no context is provided, use a neutral professional style.\n7. **Adhere to the format:** The number of lines, spaces, and punctuation marks within a line must match the original; do not merge or split lines.\n8. **Do not add anything extra:** Return only the final translated text without comments, explanations, or decorative symbols.\n\nFollow these instructions for every translation, regardless of the text's length or complexity.\n\nGLOSSARY (use with absolute priority):\n| Original | Translation | Notes |\n|---|---|---|\n| Memory Card | Карта пам'яті | Пристрій для збереження ігрових даних у консолі GameCube. |\n| Slot A | Слот A | Роз'єм для підключення карти пам'яті в консолі. |\n| POWER Button | Кнопка POWER | Кнопка живлення консолі GameCube. |\n| The Legend of Zelda: Twilight Princess | The Legend of Zelda: Twilight Princess | Назва гри, залишається без перекладу. |\n| save file | файл збереження | Файл, що містить збережений прогрес гри. |\n| blocks | блоки | Одиниці вимірювання пам'яті на карті пам'яті. |\n| Memory Card Screen | Екран карти пам'яті | Системне меню для керування файлами на карті пам'яті. |\n| Quest Log | Журнал завдань | Файл збереження з прогресом проходження гри. |\n| green Rupee | зелена рупія | Ігрова валюта вартістю 1 одиницю. |\n| blue Rupee | синя рупія | Ігрова валюта вартістю 5 одиниць. |\n| yellow Rupee | жовта рупія | Ігрова валюта вартістю 10 одиниць. |\n| red Rupee | червона рупія | Ігрова валюта вартістю 20 одиниць. |\n| purple Rupee | фіолетова рупія | Ігрова валюта вартістю 50 одиниць. |\n| orange Rupee | помаранчева рупія | Ігрова валюта вартістю 100 одиниць. |\n| silver Rupee | срібна рупія | Ігрова валюта вартістю 200 одиниць. |\n| bomb bag | сумка для бомб | Предмет для зберігання та перенесення бомб. |\n| bombs | бомби | Вибухові предмети для знищення перешкод та ворогів. |\n| Hero's Bow | Лук героя | Зброя для стрільби стрілами на відстані. |\n| bomb arrows | вибухові стріли | Стріли з прикріпленими бомбами для комбінованої атаки. |\n| arrows | стріли | Боєприпаси для лука. |\n| foes | вороги | Противники, з якими гравець бореться в грі. |\n| seeds | насіння | Боєприпаси для рогатки, використовуються як снаряди. |\n| slingshot | рогатка | Зброя дальнього бою, яка стріляє насінням. |\n| water bombs | водяні бомби | Вибухівка, яку можна використовувати у воді, але не під час плавання. |\n| bomblings | бомблінги | Маленькі бомби, які рухаються вперед і вибухають при зіткненні або через деякий час. |\n| fairy | фея | Магічна істота в пляшці, яка відновлює здоров'я гравця при смерті або використанні. |\n| hearts | серця | Одиниці здоров'я гравця в грі. |\n| small key | малий ключ | Ключ, який відкриває замкнені двері тільки в поточній локації. |\n| Piece of Heart | Частина Серця | Колекційний предмет; 5 частин формують новий Контейнер Серця. |\n| Heart Container | Контейнер Серця | Збільшує максимальну кількість здоров'я гравця на одне серце. |\n| dungeon map | карта підземелля | Показує планування підземелля, відвідані кімнати та поточне місцезнаходження. |\n| compass | компас | Інструмент, який показує розташування прихованих об'єктів у підземеллі. |\n| Ooccoo | Уку | Персонаж, який дозволяє гравцю покинути підземелля і повернутися пізніше. |\n| big key | великий ключ | Ключ, який відкриває доступ до лігва боса підземелля. |\n| Ordon sword | меч Ордона | Меч, виготовлений Раслом як данина королівській родині. |\n| Master Sword | Майстер-меч | Легендарна зброя, яку може використовувати лише справжній герой. |\n| Ordon shield | щит Ордона | Дерев'яний щит для захисту, який може згоріти від вогню. |\n| wooden shield | дерев'яний щит | Базовий щит для захисту, вразливий до вогню. |\n| Hylian shield | хайліанський щит | Металевий щит, який ніколи не згорить. |\n| magic armor | магічна броня | Броня, яка витрачає рупії замість здоров'я при отриманні пошкоджень. |\n| Rupees | рупії | Валюта в грі, використовується для покупок. |\n| Zora armor | броня Зора | Спеціальний обладунок королівської родини Зора, дозволяє вільно рухатися під водою. |\n| big wallet | великий гаманець | Дозволяє зберігати до 600 рупій. |\n| giant wallet | гігантський гаманець | Символ шанованого громадянина королівства комах, вміщує до 1000 рупій. |\n| dungeon | підземелля | Складна локація з головоломками, ворогами та босом. |\n| boss | бос | Головний ворог підземелля або локації. |\n| Rusl | Расл | Найкращий мечник Ордона, який виготовив меч Ордона. |\n| Ordon | Ордон | Назва села або регіону в грі. |\n| Malo Mart | Мало Март | Магазин у грі, де можна купити предмети. |\n| coral earring | коралова сережка | Прикраса з дорогоцінного коралу з Володіння Зора у формі гачка для риболовлі. Дозволяє ловити рікфіш. |\n| Zora's Domain | Володіння Зора | Локація, звідки походить дорогоцінний корал. Місце проживання народу Зора. |\n| reekfish | рікфіш | Вид риби, яку можна зловити за допомогою коралової сережки як гачка. |\n| Hawkeye | Соколине Око | Оптичний приціл для збільшення віддалених об'єктів. Поєднується з Луком Героя для точної стрільби. |\n| wooden sword | дерев'яний меч | Меч, відточений Руслом. Простий у використанні для базових атак. |\n| Gale Boomerang | Буревійний Бумеранг | Таємничий бумеранг з Феєю Вітрів всередині. Засмоктує предмети силою вітру та може захоплювати до 5 цілей. |\n| Fairy of Winds | Фея Вітрів | Магічна істота, що живе всередині Буревійного Бумеранга та надає йому силу вітру. |\n| Spinner | Спінер | Стародавній механізм для левітації. Дозволяє рухатися по піску та рейках на стінах. |\n| Ball and Chain | Куля на Ланцюгу | Гігантська залізна куля з неймовірною силою для завдання серйозної шкоди. |\n| Gorons | горони | Раса гірських істот, колишні власники Лука Героя. Відомі своєю силою. |\n| Clawshot | Кігтемет | Гак на довгому ланцюгу для чіплення за спеціальні мішені та подолання великих відстаней. |\n| Double Clawshots | Подвійний Кігтемет | Два Кігтемети разом, що дозволяють стріляти повторно під час висіння. |\n| Iron Boots | Залізні Чоботи | Чоботи, що роблять носія настільки важким, що навіть горон не зможе зрушити. |\n| Dominion Rod | Жезл Володаря | Дивовижний жезл, що оживляє стародавні статуї. Статуї рухаються як їхній господар. |\n| lantern | ліхтар | Необхідний для освітлення темних місць. Потребує олії для роботи та може підпалювати предмети. |\n| Twilight Realm | Сутінкове Царство | Альтернативний вимір темряви, де Майстер-Меч світиться золотим світлом. |\n| fishing rod | вудка | Проста вудка з поплавцем для ловлі риби. Можна ловити без наживки, але з наживкою різноманітність більша. |\n| giant bomb bags | гігантські торби для бомб | Дозволяють носити вдвічі більше бомб. Місткість залежить від типу бомб. |\n| big quiver | великий сагайдак | Може вміщувати до 60 стріл. |\n| giant quiver | гігантський сагайдак | Може вміщувати до 100 стріл. |\n| empty bottle | порожня пляшка | Універсальна ємність для зберігання води та інших рідин чи предметів. |\n| red potion | червоне зілля | Відновлює 8 сердець здоров'я при випиванні. |\n| blue potion | синє зілля | Відновлює всі серця здоров'я при випиванні. |\n| milk | молоко | Одна пляшка містить дві порції. Кожна порція відновлює три серця. |\n| bottle | пляшка | Контейнер для зберігання різних предметів та рідин. |\n| lantern oil | олія для ліхтаря | Паливо, необхідне для роботи ліхтаря. |\n| water | вода | Рідина, яку можна розбризкувати на різні об'єкти. |\n| nasty soup | огидний суп | Спеціальний рецепт Коро з невідомим ефектом. |\n| Coro | Коро | Персонаж, який готує особливий суп. |\n| hot springwater | гаряча джерельна вода | Поживна вода, що відновлює всі серця, поки тепла. |\n| Great Fairy's Tears | Сльози Великої Феї | Священна вода, що відновлює здоров'я і тимчасово підвищує силу атаки. |\n| Great Fairy | Велика Фея | Могутня магічна істота, чиї молитви містяться у священній воді. |\n| life energy | життєва енергія | Здоров'я персонажа. |\n| attack strength | сила атаки | Показник шкоди, яку завдає персонаж. |\n| worm | черв'як | Наживка для риболовлі, яку люблять риби. |\n| bee larva | бджолина личинка | Їстівна наживка для риболовлі, відновлює 1/4 серця. |\n| Chu Jelly | желе Чу | Желеподібна речовина різних кольорів з різними ефектами. |\n| rare Chu Jelly | рідкісне желе Чу | Відновлює всю енергію і тимчасово підвищує силу атаки. |\n| red Chu Jelly | червоне желе Чу | Відновлює 8 сердець здоров'я. |\n| blue Chu Jelly | синє желе Чу | Відновлює всі серця здоров'я. |\n| yellow Chu Jelly | жовте желе Чу | Використовується для заправки ліхтаря. |\n| purple Chu Jelly | фіолетове желе Чу | Має невідомий ефект при вживанні. |\n| simple soup | простий суп | Суп з запахом рибного бульйону, відновлює 2 серця. |\n| good soup | хороший суп | Суп з запахом гарбузів, відновлює 4 серця. |\n| superb soup | чудовий суп | Суп з сирним запахом, відновлює здоров'я. |\n| Renado's letter | лист Ренадо | Лист від персонажа на ім'я Ренадо з детальними інструкціями щодо лікування Ілії для відновлення її пам'яті. |\n| Ilia | Ілія | Ім'я жіночого персонажа, яка втратила пам'ять і потребує лікування. |\n| invoice | рахунок | Рахунок за послуги міського лікаря на астрономічну суму. |\n| wooden statue | дерев'яна статуетка | Статуетка незвичайної форми, що колись належала Ілії і може допомогти відновити її пам'ять. |\n| Ilia's charm | оберіг Ілії | Оберіг, який Ілія залишила жінці, що врятувала її. Ключ до відновлення пам'яті Ілії. |\n| horse call | поклик коня | Предмет, створений Ілією, який дозволяє покликати коня, граючи його улюблену мелодію. |\n| Auru's memo | записка Ауру | Записка від Ауру, адресована Файєру з озера Хайлія. |\n| Auru | Ауру | Ім'я персонажа, який написав записку. |\n| Fyer | Файєр | Персонаж, який знаходиться біля озера Хайлія. |\n| Lake Hylia | озеро Хайлія | Назва локації у грі. |\n| Ashei's sketch | ескіз Ашей | Швидко намальований малюнок істоти, яку Ашей бачила з червоною рибою. |\n| Ashei | Ашей | Ім'я персонажа, який намалював ескіз. |\n| red fish | червона риба | Риба, яку тримала істота на ескізі Ашей. |\n| black Chu Jelly | чорне желе Чу | Чорне желе, яке виглядає дуже шкідливим для здоров'я. |\n| bottle of oil | пляшка олії | Олія, необхідна для заправки ліхтаря. |\n| Tear of Light | Сльоза Світла | Священна сльоза, яка розсіює сутінки. Збирається у Посудину Світла. |\n| Vessel of Light | Посудина Світла | Посудина для збирання Сльоз Світла, необхідна для розсіювання сутінків і повернення світла. |\n| twilight | сутінки | Темрява або тіньовий стан, який покриває певні локації у грі. |\n| senses | чуття | Особлива здатність бачити прихованих ворогів, які тримають Сльози Світла. |\n| beetle | жук | Комаха, яку можна зловити; цінується любителями комах за золотистий колір. |\n| butterfly | метелик | Комаха, яку можна зловити; цінується любителями комах за золотистий колір. |\n| stag beetle | жук-олень | Комаха, яку можна зловити; цінується любителями комах за золотистий колір. |\n| grasshopper | коник | Комаха, яку можна зловити; цінується любителями комах за золотистий колір. |\n| phasmid | паличник | Комаха, яку можна зловити; цінується любителями комах за золотистий колір. |\n| pill bug | мокриця | Комаха, яку можна зловити; цінується любителями комах за золотистий колір. |\n| Collection screen | екран колекції | Меню, де можна переглянути зловлених комах. |\n| mantis | богомол | Комаха, яку можна зловити в грі. Відображається на екрані колекції. |\n| ladybug | сонечко | Комаха, яку можна зловити в грі. Має золотий колір. |\n| snail | равлик | Молюск, якого можна зловити. Фанати равликів люблять золотий колір. |\n| dragonfly | бабка | Комаха, яку можна зловити та переглянути в колекції. |\n| ant | мураха | Комаха, яку можна зловити в грі. |\n| dayfly | одноденка | Комаха, яку можна зловити та додати до колекції. |\n| Bug fans | Фанати комах | Персонажі або гравці, які цінують зловлених комах. |\n| Poe's soul | Душа По | Предмет, який випадає після перемоги над По. Збирається в колекцію. |\n| Poe | По | Ворог-привид, якого потрібно перемогти для отримання душі. |\n| Ancient Sky Book | Стародавня Небесна Книга | Книга, написана давньою небесною мовою. Містить підказку до шляху на небо. |\n| Sky character | Небесний символ | Відсутня частина слова в Стародавній Небесній Книзі. |\n| City in the Sky | Місто в Небі | Локація в грі, куди можна потрапити за допомогою Окку. |\n| Oocca | Окка | Раса, до якої належить Окку. |\n| Rupee | рупія | Основна валюта у світі гри. |\n| Faron Woods | Фаронський Ліс | Локація в грі, доступ до якої відкривається ключем. |\n| gate keys | ключі від воріт | Ключі, які відкривають ворота на шляху до Какаріко. |\n| Kakariko | Какаріко | Село або локація в грі. |\n| Ordon pumpkin | ордонський гарбуз | Гарбуз, вирощений у рідному селі гравця Ордоні. |\n| Ordon goat cheese | ордонський козячий сир | Сир, виготовлений з молока ордонських кіз. |\n| bedroom key | ключ від спальні | Ключ, який дає доступ до спальні з уламком дзеркала. |\n| mirror shard | уламок дзеркала | Частина дзеркала, яка знаходиться в спальні. |\n| key shard | уламок ключа | Частина великого ключа. Потрібно зібрати всі три уламки. |\n| Pieces of Heart | Частини серця | Колекційні предмети для збільшення здоров'я. |\n| Ooccoo Jr. | Окку-молодший | Дитина Окку, допомагає в підземеллях. |\n| Ooccoo's Note | Записка Окку | Повідомлення від Окку. |\n| Ranch Clothes | Одяг ранчо | Повсякденний одяг героя. |\n| Hero's Clothes | Одяг героя | Традиційний зелений одяг героя. |\n| Zora | Зора | Водяна раса в грі. |\n| Shadow Crystal | Кристал тіні | Предмет, пов'язаний з темною магією. |\n| Wallet | Гаманець | Базовий гаманець для зберігання рупій. |\n| Giant Bomb Bag | Гігантська сумка для бомб | Найбільша сумка для зберігання бомб. |\n| Fire Arrow | Вогняна стріла | Стріла з вогняним ефектом. |\n| Quiver | Сагайдак | Базовий сагайдак для стріл. |\n| Magic Potion | Магічне зілля | Зілля для відновлення магії. |\n| Fairy's Tears | Сльози феї | Рідкісний предмет від феї. |\n| Green Chu Jelly | Зелене желе Чу | Желе від зеленого Чу. |\n| Mirror Shards | Уламки Дзеркала | Фрагменти Дзеркала Сутінків, необхідні для відновлення артефакту. |\n| Scent of Ilia | Запах Ілії | Аромат, що дозволяє відстежувати Ілію у вовчій формі. |\n| Poe Scent | Запах По | Аромат духів По для відстеження. |\n| Reekfish Scent | Запах Рікфіша | Запах риби Рікфіш для відстеження. |\n| Youths' Scent | Запах Юнаків | Аромат молодих людей для відстеження. |\n| Medicine Scent | Запах Ліків | Аромат медикаментів для відстеження. |\n| Poe Souls | Душі По | Душі духів По, які можна збирати та обмінювати. |\n| Filled Sky Book | Заповнена Небесна Книга | Небесна книга після заповнення всіх літер. |\n| Gate Key | Ключ від Воріт | Спеціальний ключ для відкриття воріт. |\n| Ordon Cheese | Ордонський Сир | Сир з села Ордон, виготовлений з козячого молока. |\n| Surf Leaf | Листок для Серфінгу | Великий листок для ковзання по воді. |\n| Child's Wallet | Дитячий Гаманець | Гаманець з дитинства, вміщує до 300 рупій. |\n| Adult's Wallet | Дорослий Гаманець | Гаманець від Агіти, вміщує до 600 рупій. |\n| Giant's Wallet | Гігантський Гаманець | Найбільший гаманець від Агіти, вміщує до 1000 рупій. |\n| Hyrule | Хайрул | Королівство, де відбуваються події гри. |\n| Agitha | Агіта | Принцеса королівства комах, колекціонує комах. |\n| Iza | Іза | Власниця пункту прокату човнів, дає сумку для бомб. |\n| Goron | Горон | Раса гірських істот, що живуть у вулканічних регіонах. |\n| Chu | Чу | Желеподібні вороги різних кольорів. |\n| Epona | Епона | Вірний кінь головного героя. |\n| Twilight Mirror | Дзеркало Сутінків | Стародавній артефакт, зібраний з уламків. |\n| pellets | кульки | Боєприпаси для рогатки, максимум 50 штук. |\n| ancient statues | стародавні статуї | Статуї, які можна оживити за допомогою містичного жезла. |\n| Temple of Time | Храм Часу | Місце, звідки походить містичний жезл для оживлення статуй. |\n| larva | личинка | Принада для вудки, використовується для ловлі риби. |\n| earring hook | гачок-сережка | Спеціальний гачок для вудки, який можна використовувати з різними принадами. |\n| Death Mountain | Гора Смерті | Локація, звідки походить знамените гаряче джерельне вода. |\n| Items screen | екран предметів | Меню інвентаря, де гравець керує своїми предметами та спорядженням. |\n| attack power | сила атаки | Показник, що визначає величину шкоди, яку завдає персонаж. |\n| beehive | бджолиний вулик | Джерело личинок для наживки. |\n| rare Chu | рідкісний Чу | Особливий тип Чу, що дає поживне желе з покращеними властивостями. |\n| red Chu | червоний Чу | Різновид Чу, з якого отримують червоне желе для відновлення здоров'я. |\n| blue Chu | синій Чу | Різновид Чу, з якого отримують синє желе для повного відновлення здоров'я. |\n| yellow Chu | жовтий Чу | Різновид Чу, що дає олійне желе для заправки ліхтаря. |\n| purple Chu | фіолетовий Чу | Різновид Чу з підозрілим желе, ефект якого непередбачуваний. |\n| black Chu | чорний Чу | Різновид Чу, що дає погано пахнуче желе. |\n| Yeto | Єто | Персонаж, який готує домашній суп з різними інгредієнтами. |\n| Renado | Ренадо | Персонаж, який написав листа до Телми про лікування Ілії. |\n| Telma | Телма | Персонаж, якому адресований лист Ренадо. |\n| tears of light | сльози світла | Магічні предмети, які збираються в спеціальний контейнер від духа. |\n| Mirror of Twilight | Дзеркало Сутінків | Артефакт, що з'єднує світло і тінь, складається з кількох частин. |\n| Lanayru Province | провінція Ланайру | Регіон у грі, де знайдено гаманець Ілії. |\n| Arbiter's Grounds | Землі Арбітра | Локація в пустелі, де водяться привиди. |\n| Eldin Province | провінція Елдін | Регіон у грі, де знайдено дерев'яний меч. |\n| Faron Province | провінція Фарон | Регіон у грі, де знайдено золотого жука. |\n| Castle Town | Замкове Місто | Головне місто в грі, розташоване біля замку. |\n| Hyrule Castle | замок Хайрул | Головний замок королівства Хайрул. |\n| Kakariko Village | село Какаріко | Село в грі, біля якого знаходяться різні локації. |\n| Bridge of Eldin | міст Елдіна | Локація, де знайдено золотого привида. |\n| Kakariko Gorge | ущелина Какаріко | Локація біля села Какаріко, де знайдено золотого мокрицю. |\n| Great Bridge of Hylia | Великий міст Хілії | Велика локація-міст, названа на честь богині Хілії. |\n| Sacred Grove | Священна гаща | Таємнича лісова локація з особливим значенням. |\n| Zora's River | Річка Зора | Річка, пов'язана з народом Зора. |\n| Gerudo Desert | Пустеля Герудо | Пустельна локація, домівка племені Герудо. |\n| Poes | По | Духи-привиди, які можна побачити лише за допомогою особливих здібностей. |\n| Sky language | Небесна мова | Стародавня мова, пов'язана з небесними істотами. |\n| Snowpeak | Сніжний пік | Гірська снігова локація з особняком, де зберігається уламок дзеркала. |\n| Goron elder | старійшина Горонів | Лідер народу Горонів, який був перетворений темною магією. |\n| Forest Temple | Лісовий храм | Підземелля, розташоване в лісі. |\n| Goron Mines | Шахти Горонів | Підземелля в гірських шахтах народу Горонів. |\n| Lakebed Temple | Храм на дні озера | Підземелля, розташоване під водою. |\n| Snowpeak Ruins | Руїни Сніжного піку | Занедбаний особняк на засніженій горі. |\n| Palace of Twilight | Палац сутінків | Підземелля в Сутінковому царстві. |\n| Link | Лінк | Ім'я головного героя гри. |\n| Map | Карта | Предмет, який показує планування підземелля. |\n| Wii System Memory | Системна пам'ять Wii | Внутрішня пам'ять консолі Wii для збереження даних. |\n| Ordon Ranch | Ранчо Ордон | Ферма в селі Ордон, де Лінк працює пастухом. |\n| Ordon Village | Село Ордон | Мирне село на околиці Хайрулу, де починається пригода Лінка. |\n| Graveyard | Цвинтар | Кладовище біля села Какаріко з підземними катакомбами. |\n| Mirror Chamber | Зала Дзеркала | Місце, де зберігається Дзеркало Сутінків. |\n| Hyrule Field | Поле Хайрул | Великі відкриті простори, що з'єднують різні регіони Хайрулу. |\n| Hyrule Castle Town | Замкове Місто Хайрул | Головне місто королівства Хайрул. |\n| Sera's Sundries | Крамниця Сери | Магазин у селі Ордон. |\n| Barnes Bombs | Бомби Барнса | Магазин вибухівки в селі Какаріко. |\n| STAR Tent | Намет ЗІРКА | Розважальний намет у Замковому Місті. |\n| Telma's Bar | Бар Тельми | Таверна в Замковому Місті, де збирається група опору. |\n| Fanadi's Palace | Палац Фанаді | Будинок ворожки в Замковому Місті. |\n| Agitha's Castle | Замок Аґіти | Будинок дівчинки, яка колекціонує комах. |\n| Jovani's House | Будинок Джовані | Дім багатія, прокльятого перетворенням на золоту статую. |\n| Hidden Village | Приховане Село | Таємне село, заселене котами. |\n| Castle Town Sewers | Каналізація Замкового Міста | Підземні тунелі під містом. |\n| Fishing Hole | Рибальське Місце | Ставок для риболовлі. |\n| Twilit Parasite | Сутінковий Паразит | Комахоподібні створіння, що несуть сльози світла. |\n| DIABABA | ДІАБАБА | Бос Лісового Храму, гігантська хижа рослина. |\n| Twilit Igniter | Сутінковий Запалювач | Підзаголовок боса Файруса. |\n| FYRUS | ФАЙРУС | Бос Шахт Горонів, вогняний велетень у ланцюгах. |\n| Twilit Aquatic | Сутінковий Водяний | Підзаголовок боса Морфіла. |\n| MORPHEEL | МОРФІЛ | Бос Храму Озерного Дна, гігантська водяна істота. |\n| Twilit Fossil | Сутінкова Скам'янілість | Підзаголовок боса Сталлорда. |\n| STALLORD | СТАЛЛОРД | Бос Земель Арбітра, гігантський скелет динозавра. |\n| Twilit Ice Mass | Сутінкова Крижана Маса | Підзаголовок боса Бліззети. |\n| BLIZZETA | БЛІЗЗЕТА | Бос Руїн Сніжного Піку, одержима крижаним дзеркалом. |\n| Twilit Arachnid | Сутінковий Павукоподібний | Підзаголовок боса Армогоми. |\n| ARMOGOHMA | АРМОГОМА | Бос Храму Часу, гігантський броньований павук. |\n| Twilit Dragon | Сутінковий Дракон | Підзаголовок боса Аргорока. |\n| ARGOROK | АРГОРОК | Бос Міста в Небі, броньований вогняний дракон. |\n| Usurper King | Король-Узурпатор | Підзаголовок боса Занта. |\n| ZANT | ЗАНТ | Бос Палацу Сутінків, самопроголошений король сутінків. |\n| Dark Lord | Темний Володар | Підзаголовок фінального боса Ганондорфа. |\n| GANONDORF | ГАНОНДОРФ | Фінальний бос гри, втілення зла та влади. |\n| Ganon's Puppet | Маріонетка Ганона | Підзаголовок одержимої принцеси Зельди. |\n| ZELDA | ЗЕЛЬДА | Принцеса Хайрулу, тимчасово контрольована Ганондорфом. |\n| Dark Beast | Темний Звір | Підзаголовок звіриної форми Ганона. |\n| GANON | ГАНОН | Звіряча форма Ганондорфа у фінальній битві. |\n| Sensor Bar | Сенсорна Панель | Пристрій для відстеження Wii Remote. |\n| Wii Remote | Wii Remote | Бездротовий контролер для консолі Wii. |\n| Collection | Колекція | Меню інвентарю та карти. |\n| Helm splitter | Розсікач шолома | Спеціальна атака з підскоком та ударом зверху. |\n| Shield attack | Атака щитом | Удар щитом для оглушення ворогів. |\n| Spin attack | Обертова атака | Кругова атака мечем. |\n| Hyrule Kingdom | Королівство Хайрул | Головне королівство у грі, де відбувається дія. |\n| Ordon Woods | Ордонський ліс | Лісова місцевість біля села Ордон. |\n| Ordona Province | Провінція Ордона | Регіон, де знаходиться село Ордон. |\n| Peak Province | Провінція Вершин | Гірський регіон зі снігом. |\n| Desert Province | Пустельна провінція | Регіон з пустелею Герудо. |\n| Fused Shadows | Злиті тіні | Артефакти з небезпечною силою, розшукувані духами світла. |\n| Hidden Skills | Приховані навички | Спеціальні бойові техніки, які можна вивчити у золотого вовка. |\n| Golden Bugs | Золоті жуки | Колекційні комахи золотого кольору, розкидані по світу. |\n| Mansion Map | Карта особняка | Карта, що показує кімнати та поверхи особняка. |\n| Fish Journal | Журнал риболовлі | Записник для відстеження спійманої риби. |\n| Bobber Journal | Журнал поплавця | Записник для риболовлі з поплавцем. |\n| Ordon Catfish | Ордонський сом | Вид риби з околиць Ордона. |\n| Hylian Pike | Хайрульська щука | Вид щуки з вод Хайрулу. |\n| Greengill | Зеленозяброва | Риба із зеленими зябрами. |\n| Hylian Loach | Хайрульський в'юн | Рідкісна риба, важка для ловлі. |\n| Hyrule Bass | Хайрульський окунь | Поширений вид риби в Хайрулі. |\n| Portal | Портал | Магічний прохід, що з'являється після знищення темних створінь. |\n| Hour of twilight | Година сутінків | Особливий час, коли відчуваються духи померлих. |\n| Light spirits | Духи світла | Божественні істоти, що охороняють провінції Хайрулу. |\n| Golden wolf | Золотий вовк | Таємничий вовк, що навчає прихованим навичкам. |\n| Howling stones | Виючі камені | Місця, де можна покликати золотого вовка. |\n| Ordon Spring | Ордонське джерело | Священне джерело духа світла біля села Ордон. |\n| Forest spring | Лісове джерело | Цілюще джерело в лісі з духовною силою. |\n| Transform into wolf | Перетворитися на вовка | Здатність головного героя змінювати форму. |\n| Transform into human | Перетворитися на людину | Повернення до людської форми з вовчої. |\n| Midna | Мідна | Супутниця головного героя з сутінкового світу. |\n| Talo | Тало | Ім'я персонажа, якого було захоплено. Згадується в діалозі на початку. |\n| Colin | Колін | Ім'я персонажа, який розмовляє з головним героєм. Турбується про коня героя. |\n| porcelain horse call | порцеляновий кінський поклик | Предмет-подарунок, який отримує гравець перед подорожжю. |\n| spring | джерело | Місце, куди закликають прийти героя. Пов'язане з духами світла. |\n| shadow | тінь | Темна сила, яка перетворює героя та світ. Протилежність світлу. |\n| Twilight Princess | Сутінкова Принцеса | Титул Мідни. Вона є принцесою сутінкового царства. |\n| king that rules the twilight | король, що править сутінками | Антагоніст, який перетворив Хайрул на світ тіней. |\n| world of shadows | світ тіней | Перетворене царство Хайрул, де панують створіння, що уникають світла. |\n| shadow beasts | тіньові звірі | Створіння темряви, які шукають Мідну по всьому світу. |\n| darkened realm | затемнене царство | Альтернативна назва сутінкового світу, звідки вийшов герой. |\n| four light spirits | чотири духи світла | Божественні істоти, які захищають Хайрул за велінням богів. |\n| Ordona | Ордона | Ім'я одного з чотирьох духів світла, який розмовляє з героєм. |\n| shadow being | тіньова істота | Чорний звір, створіння темряви, яке намагається вкрасти силу світла. |\n| power of light | сила світла | Божественна енергія, якою володіють духи світла. |\n| light | світло | Священна сила, яку вкрали тіньові звірі у духів. |\n| fell beasts | зловісні звірі | Прокляті створіння, які вкрали світло у духів. |\n| netherworld | потойбічний світ | Стан, до якого було зведене королівство під владою темряви. |\n| world of light | світ світла | Нормальний світ, який перебуває під загрозою захоплення королем сутінків. |\n| king of twilight | король сутінків | Правитель темряви, який загрожує всьому світу світла. |\n| three light spirits | три духи світла | Духи в Хайрулі, які втратили своє світло і потребують відродження. |\n| light spirit | дух світла | Божественна істота, чия сила може повернути героєві його справжню форму. |\n| blue-eyed beast | синьоокий звір | Форма, в яку було перетворено героя в царстві тіней. |\n| tear | сльоза | Предмет або сутність, яку потрібно зібрати для відновлення світла. |\n| bow | лук | Зброя дальнього бою, якою гравець цілиться та стріляє стрілами. Використовується для ураження ворогів на відстані. |\n| scarecrow | опудало | Тренувальна ціль для практики стрільби з лука. |\n| reticule | приціл | Червоний маркер на екрані для наведення зброї на ціль. |\n| Princess Zelda | Принцеса Зельда | Головний персонаж серії ігор, принцеса королівства Хайрул. |\n| oil | олія | Паливо для ліхтаря, яке дозволяє безпечно подорожувати вночі. |\n| tears | сльози | Сльози, що пронизують темряву, які потрібно зібрати у Посудину Світла. |\n| Prince Zora | принц Зора | Персонаж, якого рятують у грі. |\n| Faron | Фарон | Один з духів світла, що живуть у Хайрулі. Захищає ліс за наказом богів. |\n| green tunic | зелена туніка | Одяг, що колись належав стародавньому герою, обраному богами. |\n| chosen one | обраний | Герой, обраний богами, в якому прокидаються особливі сили. |\n| dark power | темна сила | Заборонена сила, що знаходиться в храмі глибоко в лісі. |\n| temple | храм | Місце в глибині лісу, де знаходиться заборонена темна сила. |\n| spirits of light | духи світла | Духи, що живуть у Хайрулі та захищають землі за наказом богів. |\n| king of shadows | король тіней | Ворог, силі якого має протистояти герой. |\n| sanctuary | святилище | Безпечне місце, де ховаються люди від чудовиськ. |\n| cellar | підвал | Підземне приміщення, вхід до якого відкривається після запалення всіх свічок. Використовується як укриття. |\n| Fused Shadow | Злита Тінь | Артефакт темної сили, який потрібно знайти. Всього їх три. |\n| Eldin | Елдін | Один із духів світла Хайрулу, що охороняє певні землі. |\n| sacred grounds | священні землі | Святі місця гірських мешканців, осквернені темрявою. |\n| mountain dwellers | гірські мешканці | Племя горонів, що живе в горах. |\n| Luda | Луда | Дочка Ренадо. |\n| mines | шахти | Копальні горонів, куди вони не пускають людей. |\n| spirit | дух | Духовна істота, що може давати поради герою. |\n| Lanayru | Ланайру | Дух світла, що охороняє певні землі Хайрулу. |\n| Sacred Realm | Священне Царство | Землі, де зійшли богині та дарували порядок світу. |\n| goddesses | богині | Божества, що створили порядок у світі та замкнули заборонену силу. |\n| interlopers | чужинці | Ті, хто жив у світлі та володів магією, спричинивши велику битву. |\n| Beth | Бет | Одна з дітей, врятованих героєм. |\n| Barnes | Барнс | Ім'я персонажа, згадане в діалозі. |\n| sorcery | чаклунство | Потужна магія, якою володіли ті, хто намагався захопити Священне Царство. |\n| shaman | шаман | Цілитель у селі Какаріко, який лікує ґоронів та зора. |\n| Zoras | зора | Водний народ. У тексті згадується дитина зора, яка потребує лікування. |\n| dangerous beasts | небезпечні звірі | Загроза на рівнинах по дорозі до Какаріко. |\n| warp | телепортація | Здатність миттєво переміщуватися між локаціями. Доступна у формі вовка. |\n| province | провінція | Регіон або область на карті світу гри. |\n| light world | світлий світ | Те саме, що світ світла - звичайний вимір. |\n| light dwellers | мешканці світла | Жителі звичайного світу Хайрулу. |\n| princess | принцеса | Принцеса Зельда, правителька Хайрулу. |\n| castle | замок | Замок Хайрулу, де утримується принцеса. |\n| ancient wood | стародавній ліс | Давня лісова локація, деховається уламок дзеркала. |\n| sky | небо | Небесна локація, де знаходиться один з уламків. |\n| curtain of twilight | завіса сутінків | Межа між світлом та сутінками, що перетворює на звіра. |\n| evil power | зла сила | Темна магія, відмінна від магії Сутінкового Царства. |\n| blade of evil's bane | клинок прокляття зла | Опис Майстер Меча - зброї проти зла. |\n| ancient sages | стародавні мудреці | Давні мудреці, що створили Майстер Меч. |\n| hero | герой | Головний персонаж, обраний богинями. |\n| spirit's spring | джерело духа | Священне місце, де перебуває дух-охоронець. |\n| shadow magic | магія тіні | Магія племені Сутінкового Царства. |\n| evil magic | зла магія | Темна магія Занта, відмінна від магії тіні. |\n| beast | звір | Форма вовка, в яку перетворюється герой. |\n| wolf | вовк | Звірина форма головного героя. |\n| Lava fusion event | Подія злиття лави | Тимчасова демонстраційна подія, пов'язана з Гірою Смерті. |\n| spirit Eldin | дух Елдін | Один із духів-охоронців Хайрулу. |\n| Twili | Твілі | Народ, що був вигнаний до Сутінкового Царства. |\n| dark insects | темні комахи | Вороги, яких потрібно знищити для збору Сліз Світла. |\n| divine beast | божественний звір | Форма, в якій Герой з'являється у Сутінковому Царстві. |\n| sages | мудреці | Охоронці Дзеркала Сутінків, що служать богиням. |\n| chosen power of the gods | обрана сила богів | Божественна сила, якою був благословлений Ґанондорф. |\n| fragments | уламки | Частини розбитого Дзеркала Сутінків, розкидані по Хайрулу. |\n| curse | прокляття | Темна магія, накладена на Мідну богом Занта. |\n| magic | магія | Надприродна сила, якою володіють Твілі та інші персонажі. |\n| leader of the Twili | лідер Твілі | Титул правителя народу Твілі, який володіє особливою магією. |\n| absolute power | абсолютна влада | Найвища форма сили, дарована богами обраним героям. |\n| sword | меч | Зброя ближнього бою, необхідна для битви. |\n| shield | щит | Захисний предмет, який можна знайти в будинку з водяним колесом. |\n| Spirits of the light | Духи світла | Божественні сутності, що володіють силою світла і допомагають герою. |\n| chosen hero | обраний герой | Головний персонаж, посланий богинями для порятунку світу. |\n| king of light and shadow | король світла і тіні | Титул, який присвоює собі Ганондорф. |\n| Hylian crest | герб Хайліану | Символ королівства Хайрул на щиті. |\n| targets | цілі | Об'єкти або вороги, по яких можна атакувати або спрямовувати предмети. |\n| ancient machine | стародавня машина | Механічний пристрій, створений у давнину, здатний літати. |\n| wall rails | настінні рейки | Спеціальні направляючі на стінах, по яких можна їздити. |\n| iron ball | залізна куля | Велика куля на ланцюзі, яку можна розкрутити для атаки. |\n| Goron treasure | скарб ґоронів | Цінний предмет народу ґоронів, використовуваний стародавнім героєм. |\n| ancient hero | стародавній герой | Легендарний воїн минулого, який використовував особливу зброю. |\n| chain | ланцюг | Металевий ланцюг з гаком на кінці для переміщення. |\n| claw | гак | Кігтеподібний пристрій на кінці ланцюга для зачіплення. |\n| Clawshots | Подвійні гаки | Пара гаків-ланцюгів для переміщення між точками зачіплення. |\n| fuel | паливо | Олія для заправки ліхтаря, без якої він не горітиме. |\n| bobber | поплавець | Частина вудки, яка сигналізує про поклювку. |\n| bait | наживка | Приманка для риби, яку прикріплюють до гачка. |\n| pellet | кулька | Боєприпас для рогатки, можна носити до 50 штук. |\n| servings | порцій | Кількість разів, які можна використати предмет. |\n| Coro's homemade soup | домашній суп Коро | Особливий суп з непередбачуваним ефектом. |\n| Death Mountain hot springwater | гаряча вода з джерела Гори Смерті | Цілюща вода, яка відновлює всі сердця, але охолоджується з часом. |\n| Item Screen | Екран предметів | Меню, де можна керувати інвентарем та створювати спеціальні предмети. |\n| Jovani | Джовані | Персонаж, якому потрібно принести 20 або більше душ По. |\n| Purlo | Пурло | Персонаж, який надсилає листи гравцеві. |\n| Fanadi | Фанаді | Ворожка, яка має свій палац. |\n| Princess Agitha | Принцеса Аґіта | Персонаж, який збирає комах і має свою мрію. |\n| Impaz | Імпаз | Персонаж, який надсилає листи. |\n| Shad | Шад | Персонаж, який надсилає листи гравцеві. |\n| Yeta | Єта | Дружина Єто, яка надсилає листи. |\n| The Postman | Листоноша | Персонаж, який доставляє пошту гравцеві. |\n| bar | бар | Заклад Телми в Місті-Фортеці. Місце зустрічі з союзниками та отримання квестів. |\n| STAR game | гра ЗІРКА | Популярна міні-гра в Хайрулі. Доступна в різних локаціях з новими викликами. |\n| Iza's Rapid Ride | Сплав Ізи | Атракціон зі стрільбою по мішенях на річці. Безкоштовне використання вибухових стріл. |\n| Hena's Fishing Hole | Рибальське Місце Гени | Локація для риболовлі з використанням приманок. Міні-гра для дорослих. |\n| candles | свічки | Джерела світла в святилищі. Запалення свічок може відкрити таємні проходи. |\n| basement | підвал | Нижній поверх будівлі. Вхід може бути прихований і відкривається через механізми. |\n| yeti | йєті | Велика біла істота, що живе в горах. Володіє одним з уламків дзеркала. |\n| Ending Blow | Завершальний удар | Смертельний удар по поваленому ворогу. |\n| Back Slice | Удар у спину | Прийом, що дозволяє обкотитися навколо ворога і атакувати ззаду. |\n| Mortal Draw | Смертельне витягування | Швидка атака мечем з піхов, коли ворог наближається. |\n| Jump Strike | Стрибковий удар | Потужна атака з стрибка при таргетуванні ворога. |\n| Great Spin | Великий вихор | Обертова атака, доступна при повному здоров'ї. |\n| targeting | таргетування / наведення | Механіка фокусування на ворогу під час бою. |\n| reed | очерет / дудка | Предмет, звук якого приваблює певних істот. |\n| boot | чобіт | Сміття, яке можна виловити замість риби. |\n| bag of Rupees | мішечок рупій | Предмет з грошима, який можна знайти під час риболовлі. |\n| sinking lure | тонуча принада | Заборонена приманка для риболовлі, яка добре працює. |\n| skullfish | черепориба | Заборонена риба, яка не додається до журналу. |\n| bombfish | бомбориба | Заборонена риба, яку можна використати як бомбу. |\n| wheel | колесо | Сміття, яке можна виловити замість риби. |\n| empty can | порожня бляшанка | Сміття, яке можна виловити замість риби. |\n| twig | гілочка | Сміття або уламок, який можна виловити. |\n| Zora village | село Зора | Поселення раси Зора у грі. |\n| size record | рекорд розміру | Найбільший розмір зловленої риби певного виду. |\n| shadow creatures | тіньові створіння | Вороже істоти, пов'язані з сутінками, які можуть руйнувати мости та інші об'єкти. |\n| people of the sky | небесний народ | Легендарна раса або група істот, пов'язана з небесами та давніми переказами. |\n| rod of the heavens | небесний жезл | Легендарний предмет, пов'язаний з небесним народом та їхнім посланцем. |\n| messenger of the sky | небесний посланець | Персонаж або істота з легенди, що володіє небесним жезлом. |\n| Sky letters | небесні літери | Стародавня писемність небесного народу, яку важко прочитати. |\n| true power | справжня сила | Прихована здатність героя, яку він ще не відкрив. |\n| light arrows | світлові стріли | Зброя, яку використовують для уповільнення Ганондорфа в бою. |\n| Progress Management | Управління прогресом | Посада або роль у розробці гри, відповідальна за контроль виконання завдань та дотримання термінів. |\n| Supervisors | Супервайзери | Керівники, які наглядають за процесом розробки гри. |\n| Technical Support | Технічна підтримка | Команда, що надає технічну допомогу під час розробки. |\n| Debug | Налагодження | Процес пошуку та виправлення помилок у грі. |\n| Super Mario Club | Super Mario Club | Внутрішня тестова група Nintendo, що спеціалізується на тестуванні ігор. |\n| Programming Support | Підтримка програмування | Команда програмістів, що надає допомогу в розробці коду гри. |\n| Programming Support Group | Група підтримки програмування | Відділ або команда, що допомагає з програмуванням. |\n| Localization Management | Управління локалізацією | Керівництво процесом адаптації гри для різних мов та регіонів. |\n| Localization | Локалізація | Процес перекладу та адаптації гри для різних мов і культур. |\n| Product Testing | Тестування продукту | Процес перевірки гри на помилки та проблеми перед випуском. |\n| Special Thanks | Особлива подяка | Розділ титрів, де дякують людям, які допомогли у створенні гри. |\n| Producer | Продюсер | Головна особа, відповідальна за загальне керівництво проектом. |\n| Executive Producer | Виконавчий продюсер | Найвища керівна посада в проекті, що контролює всі аспекти розробки. |\n| SRD | SRD | Компанія Systems Research & Development, партнер Nintendo у розробці ігор. |\n| The End | Кінець | Фінальний напис, що з'являється після завершення гри або титрів. |"
  },
  {
    "role": "user",
    "content": "Game: Pokémon FireRed/LeafGreen\nBlock: data_event_scripts.s (#0)\nRow: #3\nMode: translation variations\n\nTranslate the text into Ukrainian without altering the meaning.\nKeep exactly 1 lines (including empty ones) and preserve their order.\nUse the provided glossary to translate terms. All other tags must be preserved exactly as they appear.\nThe glossary has absolute priority.\nDo not add explanations or meta text; return only the translation.\n\nInput text:\n\nThe door is locked.\\p...On closer inspection, this is written\\non it: “Write the secret code here.”"
  }
]
--- ERROR ---
API request failed: 400 Client Error: Bad Request for url: http://localhost:20128/v1/chat/completions - {"error":{"message":"[400]: Missing bearer token in the authorization header.","type":"invalid_request_error","code":"bad_request"},"upstream_details":{"message":"Missing bearer token in the authoriza
============================================================

==================== 2026-05-23 01:52:43.501 ====================
Task Type: chat_message
--- MESSAGES SENT ---
[
  {
    "role": "user"
  }
]
============================================================

==================== 2026-05-23 01:52:43.501 ====================
Task Type: chat_message
--- MESSAGES SENT ---
[
  {
    "role": "user"
  }
]
--- RESPONSE RECEIVED ---
response
============================================================

==================== 2026-05-23 01:52:44.255 ====================
Task Type: build_glossary
--- MESSAGES SENT ---
[
  {
    "role": "system",
    "content": ""
  },
  {
    "role": "user",
    "content": "chunk1"
  }
]
============================================================

==================== 2026-05-23 01:52:44.256 ====================
Task Type: build_glossary
--- MESSAGES SENT ---
[
  {
    "role": "system",
    "content": ""
  },
  {
    "role": "user",
    "content": "chunk1"
  }
]
--- RESPONSE RECEIVED ---
```json
[{"term": "test"}]
```
============================================================

==================== 2026-05-23 01:52:45.009 ====================
Task Type: translate_block_chunked
--- MESSAGES SENT ---
[
  {
    "role": "system",
    "content": "sys"
  },
  {
    "role": "user",
    "content": "user"
  }
]
============================================================

==================== 2026-05-23 01:52:45.009 ====================
Task Type: translate_block_chunked
--- MESSAGES SENT ---
[
  {
    "role": "system",
    "content": "sys"
  },
  {
    "role": "user",
    "content": "user"
  }
]
--- RESPONSE RECEIVED ---
{"translated_strings": ["TransA"]}
============================================================

==================== 2026-05-23 01:52:46.512 ====================
Task Type: chat_message_stream
--- MESSAGES SENT ---
[
  {
    "role": "user",
    "content": "hi"
  }
]
============================================================

==================== 2026-05-23 01:52:46.512 ====================
Task Type: chat_message_stream
--- MESSAGES SENT ---
[
  {
    "role": "user",
    "content": "hi"
  }
]
--- RESPONSE RECEIVED ---
response
============================================================

==================== 2026-05-23 02:06:49.956 ====================
Task Type: chat_message
--- MESSAGES SENT ---
[
  {
    "role": "user"
  }
]
============================================================

==================== 2026-05-23 02:06:49.957 ====================
Task Type: chat_message
--- MESSAGES SENT ---
[
  {
    "role": "user"
  }
]
--- RESPONSE RECEIVED ---
response
============================================================

==================== 2026-05-23 02:06:50.765 ====================
Task Type: build_glossary
--- MESSAGES SENT ---
[
  {
    "role": "system",
    "content": ""
  },
  {
    "role": "user",
    "content": "chunk1"
  }
]
============================================================

==================== 2026-05-23 02:06:50.765 ====================
Task Type: build_glossary
--- MESSAGES SENT ---
[
  {
    "role": "system",
    "content": ""
  },
  {
    "role": "user",
    "content": "chunk1"
  }
]
--- RESPONSE RECEIVED ---
```json
[{"term": "test"}]
```
============================================================

==================== 2026-05-23 02:06:51.583 ====================
Task Type: translate_block_chunked
--- MESSAGES SENT ---
[
  {
    "role": "system",
    "content": "sys"
  },
  {
    "role": "user",
    "content": "user"
  }
]
============================================================

==================== 2026-05-23 02:06:51.584 ====================
Task Type: translate_block_chunked
--- MESSAGES SENT ---
[
  {
    "role": "system",
    "content": "sys"
  },
  {
    "role": "user",
    "content": "user"
  }
]
--- RESPONSE RECEIVED ---
{"translated_strings": ["TransA"]}
============================================================

==================== 2026-05-23 02:06:53.217 ====================
Task Type: chat_message_stream
--- MESSAGES SENT ---
[
  {
    "role": "user",
    "content": "hi"
  }
]
============================================================

==================== 2026-05-23 02:06:53.218 ====================
Task Type: chat_message_stream
--- MESSAGES SENT ---
[
  {
    "role": "user",
    "content": "hi"
  }
]
--- RESPONSE RECEIVED ---
response
============================================================

==================== 2026-05-23 02:50:18.163 ====================
Task Type: chat_message
--- MESSAGES SENT ---
[
  {
    "role": "user"
  }
]
============================================================

==================== 2026-05-23 02:50:18.164 ====================
Task Type: chat_message
--- MESSAGES SENT ---
[
  {
    "role": "user"
  }
]
--- RESPONSE RECEIVED ---
response
============================================================

==================== 2026-05-23 02:50:18.921 ====================
Task Type: build_glossary
--- MESSAGES SENT ---
[
  {
    "role": "system",
    "content": ""
  },
  {
    "role": "user",
    "content": "chunk1"
  }
]
============================================================

==================== 2026-05-23 02:50:18.921 ====================
Task Type: build_glossary
--- MESSAGES SENT ---
[
  {
    "role": "system",
    "content": ""
  },
  {
    "role": "user",
    "content": "chunk1"
  }
]
--- RESPONSE RECEIVED ---
```json
[{"term": "test"}]
```
============================================================

==================== 2026-05-23 02:50:19.679 ====================
Task Type: translate_block_chunked
--- MESSAGES SENT ---
[
  {
    "role": "system",
    "content": "sys"
  },
  {
    "role": "user",
    "content": "user"
  }
]
============================================================

==================== 2026-05-23 02:50:19.680 ====================
Task Type: translate_block_chunked
--- MESSAGES SENT ---
[
  {
    "role": "system",
    "content": "sys"
  },
  {
    "role": "user",
    "content": "user"
  }
]
--- RESPONSE RECEIVED ---
{"translated_strings": ["TransA"]}
============================================================

==================== 2026-05-23 02:50:21.200 ====================
Task Type: chat_message_stream
--- MESSAGES SENT ---
[
  {
    "role": "user",
    "content": "hi"
  }
]
============================================================

==================== 2026-05-23 02:50:21.201 ====================
Task Type: chat_message_stream
--- MESSAGES SENT ---
[
  {
    "role": "user",
    "content": "hi"
  }
]
--- RESPONSE RECEIVED ---
response
============================================================

==================== 2026-05-23 10:40:22.721 ====================
Task Type: chat_message
--- MESSAGES SENT ---
[
  {
    "role": "user"
  }
]
============================================================

==================== 2026-05-23 10:40:22.722 ====================
Task Type: chat_message
--- MESSAGES SENT ---
[
  {
    "role": "user"
  }
]
--- RESPONSE RECEIVED ---
response
============================================================

==================== 2026-05-23 10:40:23.485 ====================
Task Type: build_glossary
--- MESSAGES SENT ---
[
  {
    "role": "system",
    "content": ""
  },
  {
    "role": "user",
    "content": "chunk1"
  }
]
============================================================

==================== 2026-05-23 10:40:23.485 ====================
Task Type: build_glossary
--- MESSAGES SENT ---
[
  {
    "role": "system",
    "content": ""
  },
  {
    "role": "user",
    "content": "chunk1"
  }
]
--- RESPONSE RECEIVED ---
```json
[{"term": "test"}]
```
============================================================

==================== 2026-05-23 10:40:24.253 ====================
Task Type: translate_block_chunked
--- MESSAGES SENT ---
[
  {
    "role": "system",
    "content": "sys"
  },
  {
    "role": "user",
    "content": "user"
  }
]
============================================================

==================== 2026-05-23 10:40:24.253 ====================
Task Type: translate_block_chunked
--- MESSAGES SENT ---
[
  {
    "role": "system",
    "content": "sys"
  },
  {
    "role": "user",
    "content": "user"
  }
]
--- RESPONSE RECEIVED ---
{"translated_strings": ["TransA"]}
============================================================

==================== 2026-05-23 10:40:25.776 ====================
Task Type: chat_message_stream
--- MESSAGES SENT ---
[
  {
    "role": "user",
    "content": "hi"
  }
]
============================================================

==================== 2026-05-23 10:40:25.776 ====================
Task Type: chat_message_stream
--- MESSAGES SENT ---
[
  {
    "role": "user",
    "content": "hi"
  }
]
--- RESPONSE RECEIVED ---
response
============================================================

==================== 2026-05-23 11:17:34.117 ====================
Task Type: chat_message
--- MESSAGES SENT ---
[
  {
    "role": "user"
  }
]
============================================================

==================== 2026-05-23 11:17:34.117 ====================
Task Type: chat_message
--- MESSAGES SENT ---
[
  {
    "role": "user"
  }
]
--- RESPONSE RECEIVED ---
response
============================================================

==================== 2026-05-23 11:17:34.886 ====================
Task Type: build_glossary
--- MESSAGES SENT ---
[
  {
    "role": "system",
    "content": ""
  },
  {
    "role": "user",
    "content": "chunk1"
  }
]
============================================================

==================== 2026-05-23 11:17:34.886 ====================
Task Type: build_glossary
--- MESSAGES SENT ---
[
  {
    "role": "system",
    "content": ""
  },
  {
    "role": "user",
    "content": "chunk1"
  }
]
--- RESPONSE RECEIVED ---
```json
[{"term": "test"}]
```
============================================================

==================== 2026-05-23 11:17:35.659 ====================
Task Type: translate_block_chunked
--- MESSAGES SENT ---
[
  {
    "role": "system",
    "content": "sys"
  },
  {
    "role": "user",
    "content": "user"
  }
]
============================================================

==================== 2026-05-23 11:17:35.659 ====================
Task Type: translate_block_chunked
--- MESSAGES SENT ---
[
  {
    "role": "system",
    "content": "sys"
  },
  {
    "role": "user",
    "content": "user"
  }
]
--- RESPONSE RECEIVED ---
{"translated_strings": ["TransA"]}
============================================================

==================== 2026-05-23 11:17:37.161 ====================
Task Type: chat_message_stream
--- MESSAGES SENT ---
[
  {
    "role": "user",
    "content": "hi"
  }
]
============================================================

==================== 2026-05-23 11:17:37.161 ====================
Task Type: chat_message_stream
--- MESSAGES SENT ---
[
  {
    "role": "user",
    "content": "hi"
  }
]
--- RESPONSE RECEIVED ---
response
============================================================

==================== 2026-05-23 11:22:25.492 ====================
Task Type: chat_message
--- MESSAGES SENT ---
[
  {
    "role": "user"
  }
]
============================================================

==================== 2026-05-23 11:22:25.492 ====================
Task Type: chat_message
--- MESSAGES SENT ---
[
  {
    "role": "user"
  }
]
--- RESPONSE RECEIVED ---
response
============================================================

==================== 2026-05-23 11:22:26.332 ====================
Task Type: build_glossary
--- MESSAGES SENT ---
[
  {
    "role": "system",
    "content": ""
  },
  {
    "role": "user",
    "content": "chunk1"
  }
]
============================================================

==================== 2026-05-23 11:22:26.332 ====================
Task Type: build_glossary
--- MESSAGES SENT ---
[
  {
    "role": "system",
    "content": ""
  },
  {
    "role": "user",
    "content": "chunk1"
  }
]
--- RESPONSE RECEIVED ---
```json
[{"term": "test"}]
```
============================================================

==================== 2026-05-23 11:22:27.170 ====================
Task Type: translate_block_chunked
--- MESSAGES SENT ---
[
  {
    "role": "system",
    "content": "sys"
  },
  {
    "role": "user",
    "content": "user"
  }
]
============================================================

==================== 2026-05-23 11:22:27.171 ====================
Task Type: translate_block_chunked
--- MESSAGES SENT ---
[
  {
    "role": "system",
    "content": "sys"
  },
  {
    "role": "user",
    "content": "user"
  }
]
--- RESPONSE RECEIVED ---
{"translated_strings": ["TransA"]}
============================================================

==================== 2026-05-23 11:22:28.824 ====================
Task Type: chat_message_stream
--- MESSAGES SENT ---
[
  {
    "role": "user",
    "content": "hi"
  }
]
============================================================

==================== 2026-05-23 11:22:28.824 ====================
Task Type: chat_message_stream
--- MESSAGES SENT ---
[
  {
    "role": "user",
    "content": "hi"
  }
]
--- RESPONSE RECEIVED ---
response
============================================================

==================== 2026-05-23 12:06:23.327 ====================
Task Type: chat_message
--- MESSAGES SENT ---
[
  {
    "role": "user"
  }
]
============================================================

==================== 2026-05-23 12:06:23.328 ====================
Task Type: chat_message
--- MESSAGES SENT ---
[
  {
    "role": "user"
  }
]
--- RESPONSE RECEIVED ---
response
============================================================

==================== 2026-05-23 12:06:24.079 ====================
Task Type: build_glossary
--- MESSAGES SENT ---
[
  {
    "role": "system",
    "content": ""
  },
  {
    "role": "user",
    "content": "chunk1"
  }
]
============================================================

==================== 2026-05-23 12:06:24.079 ====================
Task Type: build_glossary
--- MESSAGES SENT ---
[
  {
    "role": "system",
    "content": ""
  },
  {
    "role": "user",
    "content": "chunk1"
  }
]
--- RESPONSE RECEIVED ---
```json
[{"term": "test"}]
```
============================================================

==================== 2026-05-23 12:06:24.826 ====================
Task Type: translate_block_chunked
--- MESSAGES SENT ---
[
  {
    "role": "system",
    "content": "sys"
  },
  {
    "role": "user",
    "content": "user"
  }
]
============================================================

==================== 2026-05-23 12:06:24.826 ====================
Task Type: translate_block_chunked
--- MESSAGES SENT ---
[
  {
    "role": "system",
    "content": "sys"
  },
  {
    "role": "user",
    "content": "user"
  }
]
--- RESPONSE RECEIVED ---
{"translated_strings": ["TransA"]}
============================================================

==================== 2026-05-23 12:06:26.324 ====================
Task Type: chat_message_stream
--- MESSAGES SENT ---
[
  {
    "role": "user",
    "content": "hi"
  }
]
============================================================

==================== 2026-05-23 12:06:26.324 ====================
Task Type: chat_message_stream
--- MESSAGES SENT ---
[
  {
    "role": "user",
    "content": "hi"
  }
]
--- RESPONSE RECEIVED ---
response
============================================================

==================== 2026-05-23 13:09:25.028 ====================
Task Type: translate_single
--- MESSAGES SENT ---
[
  {
    "role": "system",
    "content": "# System Prompt for the Translator\n\nYou are a professional video game localizer. When translating into Ukrainian, always adhere to the following requirements:\n\n1. **Crucial Rule: Treat multi-line text as a single thought.** Text with newlines (`\\n`) is one continuous sentence or phrase. The translation must flow naturally across the lines. **Example:** `Southern\\nFairy Island` is a single place name and must be translated as a single grammatical unit, like `Південний\\nОстрів Фей`, not `Південний\\nФея Острів`.\n2. **Maintain precise meaning:** Do not invent details or omit information.\n3. **Do not change tags:** All tags (`{...}`, `[...]`, etc.) and service symbols (`\\n`) must be copied into the translation without any changes, in the same position and with the same case.\n4. **Do not translate tag content:** The text inside tags (e.g., `Color:Red` in `[Color:Red]`) is a command and must not be translated. `[Color:Red]` is correct; `[Колір:Червоний]` is **incorrect**.\n5. **Use the glossary:** The glossary has the highest priority. If an entry is missing, choose a translation that preserves established franchise names.\n6. **Adhere to the style:** The style, tone, and level of formality must match the original work. If no context is provided, use a neutral professional style.\n7. **Adhere to the format:** The number of lines, spaces, and punctuation marks within a line must match the original; do not merge or split lines.\n8. **Do not add anything extra:** Return only the final translated text without comments, explanations, or decorative symbols.\n\nFollow these instructions for every translation, regardless of the text's length or complexity.\n\nGLOSSARY (use with absolute priority):\n| Original | Translation | Notes |\n|---|---|---|\n| Memory Card | Карта пам'яті | Пристрій для збереження ігрових даних у консолі GameCube. |\n| Slot A | Слот A | Роз'єм для підключення карти пам'яті в консолі. |\n| POWER Button | Кнопка POWER | Кнопка живлення консолі GameCube. |\n| The Legend of Zelda: Twilight Princess | The Legend of Zelda: Twilight Princess | Назва гри, залишається без перекладу. |\n| save file | файл збереження | Файл, що містить збережений прогрес гри. |\n| blocks | блоки | Одиниці вимірювання пам'яті на карті пам'яті. |\n| Memory Card Screen | Екран карти пам'яті | Системне меню для керування файлами на карті пам'яті. |\n| Quest Log | Журнал завдань | Файл збереження з прогресом проходження гри. |\n| green Rupee | зелена рупія | Ігрова валюта вартістю 1 одиницю. |\n| blue Rupee | синя рупія | Ігрова валюта вартістю 5 одиниць. |\n| yellow Rupee | жовта рупія | Ігрова валюта вартістю 10 одиниць. |\n| red Rupee | червона рупія | Ігрова валюта вартістю 20 одиниць. |\n| purple Rupee | фіолетова рупія | Ігрова валюта вартістю 50 одиниць. |\n| orange Rupee | помаранчева рупія | Ігрова валюта вартістю 100 одиниць. |\n| silver Rupee | срібна рупія | Ігрова валюта вартістю 200 одиниць. |\n| bomb bag | сумка для бомб | Предмет для зберігання та перенесення бомб. |\n| bombs | бомби | Вибухові предмети для знищення перешкод та ворогів. |\n| Hero's Bow | Лук героя | Зброя для стрільби стрілами на відстані. |\n| bomb arrows | вибухові стріли | Стріли з прикріпленими бомбами для комбінованої атаки. |\n| arrows | стріли | Боєприпаси для лука. |\n| foes | вороги | Противники, з якими гравець бореться в грі. |\n| seeds | насіння | Боєприпаси для рогатки, використовуються як снаряди. |\n| slingshot | рогатка | Зброя дальнього бою, яка стріляє насінням. |\n| water bombs | водяні бомби | Вибухівка, яку можна використовувати у воді, але не під час плавання. |\n| bomblings | бомблінги | Маленькі бомби, які рухаються вперед і вибухають при зіткненні або через деякий час. |\n| fairy | фея | Магічна істота в пляшці, яка відновлює здоров'я гравця при смерті або використанні. |\n| hearts | серця | Одиниці здоров'я гравця в грі. |\n| small key | малий ключ | Ключ, який відкриває замкнені двері тільки в поточній локації. |\n| Piece of Heart | Частина Серця | Колекційний предмет; 5 частин формують новий Контейнер Серця. |\n| Heart Container | Контейнер Серця | Збільшує максимальну кількість здоров'я гравця на одне серце. |\n| dungeon map | карта підземелля | Показує планування підземелля, відвідані кімнати та поточне місцезнаходження. |\n| compass | компас | Інструмент, який показує розташування прихованих об'єктів у підземеллі. |\n| Ooccoo | Уку | Персонаж, який дозволяє гравцю покинути підземелля і повернутися пізніше. |\n| big key | великий ключ | Ключ, який відкриває доступ до лігва боса підземелля. |\n| Ordon sword | меч Ордона | Меч, виготовлений Раслом як данина королівській родині. |\n| Master Sword | Майстер-меч | Легендарна зброя, яку може використовувати лише справжній герой. |\n| Ordon shield | щит Ордона | Дерев'яний щит для захисту, який може згоріти від вогню. |\n| wooden shield | дерев'яний щит | Базовий щит для захисту, вразливий до вогню. |\n| Hylian shield | хайліанський щит | Металевий щит, який ніколи не згорить. |\n| magic armor | магічна броня | Броня, яка витрачає рупії замість здоров'я при отриманні пошкоджень. |\n| Rupees | рупії | Валюта в грі, використовується для покупок. |\n| Zora armor | броня Зора | Спеціальний обладунок королівської родини Зора, дозволяє вільно рухатися під водою. |\n| big wallet | великий гаманець | Дозволяє зберігати до 600 рупій. |\n| giant wallet | гігантський гаманець | Символ шанованого громадянина королівства комах, вміщує до 1000 рупій. |\n| dungeon | підземелля | Складна локація з головоломками, ворогами та босом. |\n| boss | бос | Головний ворог підземелля або локації. |\n| Rusl | Расл | Найкращий мечник Ордона, який виготовив меч Ордона. |\n| Ordon | Ордон | Назва села або регіону в грі. |\n| Malo Mart | Мало Март | Магазин у грі, де можна купити предмети. |\n| coral earring | коралова сережка | Прикраса з дорогоцінного коралу з Володіння Зора у формі гачка для риболовлі. Дозволяє ловити рікфіш. |\n| Zora's Domain | Володіння Зора | Локація, звідки походить дорогоцінний корал. Місце проживання народу Зора. |\n| reekfish | рікфіш | Вид риби, яку можна зловити за допомогою коралової сережки як гачка. |\n| Hawkeye | Соколине Око | Оптичний приціл для збільшення віддалених об'єктів. Поєднується з Луком Героя для точної стрільби. |\n| wooden sword | дерев'яний меч | Меч, відточений Руслом. Простий у використанні для базових атак. |\n| Gale Boomerang | Буревійний Бумеранг | Таємничий бумеранг з Феєю Вітрів всередині. Засмоктує предмети силою вітру та може захоплювати до 5 цілей. |\n| Fairy of Winds | Фея Вітрів | Магічна істота, що живе всередині Буревійного Бумеранга та надає йому силу вітру. |\n| Spinner | Спінер | Стародавній механізм для левітації. Дозволяє рухатися по піску та рейках на стінах. |\n| Ball and Chain | Куля на Ланцюгу | Гігантська залізна куля з неймовірною силою для завдання серйозної шкоди. |\n| Gorons | горони | Раса гірських істот, колишні власники Лука Героя. Відомі своєю силою. |\n| Clawshot | Кігтемет | Гак на довгому ланцюгу для чіплення за спеціальні мішені та подолання великих відстаней. |\n| Double Clawshots | Подвійний Кігтемет | Два Кігтемети разом, що дозволяють стріляти повторно під час висіння. |\n| Iron Boots | Залізні Чоботи | Чоботи, що роблять носія настільки важким, що навіть горон не зможе зрушити. |\n| Dominion Rod | Жезл Володаря | Дивовижний жезл, що оживляє стародавні статуї. Статуї рухаються як їхній господар. |\n| lantern | ліхтар | Необхідний для освітлення темних місць. Потребує олії для роботи та може підпалювати предмети. |\n| Twilight Realm | Сутінкове Царство | Альтернативний вимір темряви, де Майстер-Меч світиться золотим світлом. |\n| fishing rod | вудка | Проста вудка з поплавцем для ловлі риби. Можна ловити без наживки, але з наживкою різноманітність більша. |\n| giant bomb bags | гігантські торби для бомб | Дозволяють носити вдвічі більше бомб. Місткість залежить від типу бомб. |\n| big quiver | великий сагайдак | Може вміщувати до 60 стріл. |\n| giant quiver | гігантський сагайдак | Може вміщувати до 100 стріл. |\n| empty bottle | порожня пляшка | Універсальна ємність для зберігання води та інших рідин чи предметів. |\n| red potion | червоне зілля | Відновлює 8 сердець здоров'я при випиванні. |\n| blue potion | синє зілля | Відновлює всі серця здоров'я при випиванні. |\n| milk | молоко | Одна пляшка містить дві порції. Кожна порція відновлює три серця. |\n| bottle | пляшка | Контейнер для зберігання різних предметів та рідин. |\n| lantern oil | олія для ліхтаря | Паливо, необхідне для роботи ліхтаря. |\n| water | вода | Рідина, яку можна розбризкувати на різні об'єкти. |\n| nasty soup | огидний суп | Спеціальний рецепт Коро з невідомим ефектом. |\n| Coro | Коро | Персонаж, який готує особливий суп. |\n| hot springwater | гаряча джерельна вода | Поживна вода, що відновлює всі серця, поки тепла. |\n| Great Fairy's Tears | Сльози Великої Феї | Священна вода, що відновлює здоров'я і тимчасово підвищує силу атаки. |\n| Great Fairy | Велика Фея | Могутня магічна істота, чиї молитви містяться у священній воді. |\n| life energy | життєва енергія | Здоров'я персонажа. |\n| attack strength | сила атаки | Показник шкоди, яку завдає персонаж. |\n| worm | черв'як | Наживка для риболовлі, яку люблять риби. |\n| bee larva | бджолина личинка | Їстівна наживка для риболовлі, відновлює 1/4 серця. |\n| Chu Jelly | желе Чу | Желеподібна речовина різних кольорів з різними ефектами. |\n| rare Chu Jelly | рідкісне желе Чу | Відновлює всю енергію і тимчасово підвищує силу атаки. |\n| red Chu Jelly | червоне желе Чу | Відновлює 8 сердець здоров'я. |\n| blue Chu Jelly | синє желе Чу | Відновлює всі серця здоров'я. |\n| yellow Chu Jelly | жовте желе Чу | Використовується для заправки ліхтаря. |\n| purple Chu Jelly | фіолетове желе Чу | Має невідомий ефект при вживанні. |\n| simple soup | простий суп | Суп з запахом рибного бульйону, відновлює 2 серця. |\n| good soup | хороший суп | Суп з запахом гарбузів, відновлює 4 серця. |\n| superb soup | чудовий суп | Суп з сирним запахом, відновлює здоров'я. |\n| Renado's letter | лист Ренадо | Лист від персонажа на ім'я Ренадо з детальними інструкціями щодо лікування Ілії для відновлення її пам'яті. |\n| Ilia | Ілія | Ім'я жіночого персонажа, яка втратила пам'ять і потребує лікування. |\n| invoice | рахунок | Рахунок за послуги міського лікаря на астрономічну суму. |\n| wooden statue | дерев'яна статуетка | Статуетка незвичайної форми, що колись належала Ілії і може допомогти відновити її пам'ять. |\n| Ilia's charm | оберіг Ілії | Оберіг, який Ілія залишила жінці, що врятувала її. Ключ до відновлення пам'яті Ілії. |\n| horse call | поклик коня | Предмет, створений Ілією, який дозволяє покликати коня, граючи його улюблену мелодію. |\n| Auru's memo | записка Ауру | Записка від Ауру, адресована Файєру з озера Хайлія. |\n| Auru | Ауру | Ім'я персонажа, який написав записку. |\n| Fyer | Файєр | Персонаж, який знаходиться біля озера Хайлія. |\n| Lake Hylia | озеро Хайлія | Назва локації у грі. |\n| Ashei's sketch | ескіз Ашей | Швидко намальований малюнок істоти, яку Ашей бачила з червоною рибою. |\n| Ashei | Ашей | Ім'я персонажа, який намалював ескіз. |\n| red fish | червона риба | Риба, яку тримала істота на ескізі Ашей. |\n| black Chu Jelly | чорне желе Чу | Чорне желе, яке виглядає дуже шкідливим для здоров'я. |\n| bottle of oil | пляшка олії | Олія, необхідна для заправки ліхтаря. |\n| Tear of Light | Сльоза Світла | Священна сльоза, яка розсіює сутінки. Збирається у Посудину Світла. |\n| Vessel of Light | Посудина Світла | Посудина для збирання Сльоз Світла, необхідна для розсіювання сутінків і повернення світла. |\n| twilight | сутінки | Темрява або тіньовий стан, який покриває певні локації у грі. |\n| senses | чуття | Особлива здатність бачити прихованих ворогів, які тримають Сльози Світла. |\n| beetle | жук | Комаха, яку можна зловити; цінується любителями комах за золотистий колір. |\n| butterfly | метелик | Комаха, яку можна зловити; цінується любителями комах за золотистий колір. |\n| stag beetle | жук-олень | Комаха, яку можна зловити; цінується любителями комах за золотистий колір. |\n| grasshopper | коник | Комаха, яку можна зловити; цінується любителями комах за золотистий колір. |\n| phasmid | паличник | Комаха, яку можна зловити; цінується любителями комах за золотистий колір. |\n| pill bug | мокриця | Комаха, яку можна зловити; цінується любителями комах за золотистий колір. |\n| Collection screen | екран колекції | Меню, де можна переглянути зловлених комах. |\n| mantis | богомол | Комаха, яку можна зловити в грі. Відображається на екрані колекції. |\n| ladybug | сонечко | Комаха, яку можна зловити в грі. Має золотий колір. |\n| snail | равлик | Молюск, якого можна зловити. Фанати равликів люблять золотий колір. |\n| dragonfly | бабка | Комаха, яку можна зловити та переглянути в колекції. |\n| ant | мураха | Комаха, яку можна зловити в грі. |\n| dayfly | одноденка | Комаха, яку можна зловити та додати до колекції. |\n| Bug fans | Фанати комах | Персонажі або гравці, які цінують зловлених комах. |\n| Poe's soul | Душа По | Предмет, який випадає після перемоги над По. Збирається в колекцію. |\n| Poe | По | Ворог-привид, якого потрібно перемогти для отримання душі. |\n| Ancient Sky Book | Стародавня Небесна Книга | Книга, написана давньою небесною мовою. Містить підказку до шляху на небо. |\n| Sky character | Небесний символ | Відсутня частина слова в Стародавній Небесній Книзі. |\n| City in the Sky | Місто в Небі | Локація в грі, куди можна потрапити за допомогою Окку. |\n| Oocca | Окка | Раса, до якої належить Окку. |\n| Rupee | рупія | Основна валюта у світі гри. |\n| Faron Woods | Фаронський Ліс | Локація в грі, доступ до якої відкривається ключем. |\n| gate keys | ключі від воріт | Ключі, які відкривають ворота на шляху до Какаріко. |\n| Kakariko | Какаріко | Село або локація в грі. |\n| Ordon pumpkin | ордонський гарбуз | Гарбуз, вирощений у рідному селі гравця Ордоні. |\n| Ordon goat cheese | ордонський козячий сир | Сир, виготовлений з молока ордонських кіз. |\n| bedroom key | ключ від спальні | Ключ, який дає доступ до спальні з уламком дзеркала. |\n| mirror shard | уламок дзеркала | Частина дзеркала, яка знаходиться в спальні. |\n| key shard | уламок ключа | Частина великого ключа. Потрібно зібрати всі три уламки. |\n| Pieces of Heart | Частини серця | Колекційні предмети для збільшення здоров'я. |\n| Ooccoo Jr. | Окку-молодший | Дитина Окку, допомагає в підземеллях. |\n| Ooccoo's Note | Записка Окку | Повідомлення від Окку. |\n| Ranch Clothes | Одяг ранчо | Повсякденний одяг героя. |\n| Hero's Clothes | Одяг героя | Традиційний зелений одяг героя. |\n| Zora | Зора | Водяна раса в грі. |\n| Shadow Crystal | Кристал тіні | Предмет, пов'язаний з темною магією. |\n| Wallet | Гаманець | Базовий гаманець для зберігання рупій. |\n| Giant Bomb Bag | Гігантська сумка для бомб | Найбільша сумка для зберігання бомб. |\n| Fire Arrow | Вогняна стріла | Стріла з вогняним ефектом. |\n| Quiver | Сагайдак | Базовий сагайдак для стріл. |\n| Magic Potion | Магічне зілля | Зілля для відновлення магії. |\n| Fairy's Tears | Сльози феї | Рідкісний предмет від феї. |\n| Green Chu Jelly | Зелене желе Чу | Желе від зеленого Чу. |\n| Mirror Shards | Уламки Дзеркала | Фрагменти Дзеркала Сутінків, необхідні для відновлення артефакту. |\n| Scent of Ilia | Запах Ілії | Аромат, що дозволяє відстежувати Ілію у вовчій формі. |\n| Poe Scent | Запах По | Аромат духів По для відстеження. |\n| Reekfish Scent | Запах Рікфіша | Запах риби Рікфіш для відстеження. |\n| Youths' Scent | Запах Юнаків | Аромат молодих людей для відстеження. |\n| Medicine Scent | Запах Ліків | Аромат медикаментів для відстеження. |\n| Poe Souls | Душі По | Душі духів По, які можна збирати та обмінювати. |\n| Filled Sky Book | Заповнена Небесна Книга | Небесна книга після заповнення всіх літер. |\n| Gate Key | Ключ від Воріт | Спеціальний ключ для відкриття воріт. |\n| Ordon Cheese | Ордонський Сир | Сир з села Ордон, виготовлений з козячого молока. |\n| Surf Leaf | Листок для Серфінгу | Великий листок для ковзання по воді. |\n| Child's Wallet | Дитячий Гаманець | Гаманець з дитинства, вміщує до 300 рупій. |\n| Adult's Wallet | Дорослий Гаманець | Гаманець від Агіти, вміщує до 600 рупій. |\n| Giant's Wallet | Гігантський Гаманець | Найбільший гаманець від Агіти, вміщує до 1000 рупій. |\n| Hyrule | Хайрул | Королівство, де відбуваються події гри. |\n| Agitha | Агіта | Принцеса королівства комах, колекціонує комах. |\n| Iza | Іза | Власниця пункту прокату човнів, дає сумку для бомб. |\n| Goron | Горон | Раса гірських істот, що живуть у вулканічних регіонах. |\n| Chu | Чу | Желеподібні вороги різних кольорів. |\n| Epona | Епона | Вірний кінь головного героя. |\n| Twilight Mirror | Дзеркало Сутінків | Стародавній артефакт, зібраний з уламків. |\n| pellets | кульки | Боєприпаси для рогатки, максимум 50 штук. |\n| ancient statues | стародавні статуї | Статуї, які можна оживити за допомогою містичного жезла. |\n| Temple of Time | Храм Часу | Місце, звідки походить містичний жезл для оживлення статуй. |\n| larva | личинка | Принада для вудки, використовується для ловлі риби. |\n| earring hook | гачок-сережка | Спеціальний гачок для вудки, який можна використовувати з різними принадами. |\n| Death Mountain | Гора Смерті | Локація, звідки походить знамените гаряче джерельне вода. |\n| Items screen | екран предметів | Меню інвентаря, де гравець керує своїми предметами та спорядженням. |\n| attack power | сила атаки | Показник, що визначає величину шкоди, яку завдає персонаж. |\n| beehive | бджолиний вулик | Джерело личинок для наживки. |\n| rare Chu | рідкісний Чу | Особливий тип Чу, що дає поживне желе з покращеними властивостями. |\n| red Chu | червоний Чу | Різновид Чу, з якого отримують червоне желе для відновлення здоров'я. |\n| blue Chu | синій Чу | Різновид Чу, з якого отримують синє желе для повного відновлення здоров'я. |\n| yellow Chu | жовтий Чу | Різновид Чу, що дає олійне желе для заправки ліхтаря. |\n| purple Chu | фіолетовий Чу | Різновид Чу з підозрілим желе, ефект якого непередбачуваний. |\n| black Chu | чорний Чу | Різновид Чу, що дає погано пахнуче желе. |\n| Yeto | Єто | Персонаж, який готує домашній суп з різними інгредієнтами. |\n| Renado | Ренадо | Персонаж, який написав листа до Телми про лікування Ілії. |\n| Telma | Телма | Персонаж, якому адресований лист Ренадо. |\n| tears of light | сльози світла | Магічні предмети, які збираються в спеціальний контейнер від духа. |\n| Mirror of Twilight | Дзеркало Сутінків | Артефакт, що з'єднує світло і тінь, складається з кількох частин. |\n| Lanayru Province | провінція Ланайру | Регіон у грі, де знайдено гаманець Ілії. |\n| Arbiter's Grounds | Землі Арбітра | Локація в пустелі, де водяться привиди. |\n| Eldin Province | провінція Елдін | Регіон у грі, де знайдено дерев'яний меч. |\n| Faron Province | провінція Фарон | Регіон у грі, де знайдено золотого жука. |\n| Castle Town | Замкове Місто | Головне місто в грі, розташоване біля замку. |\n| Hyrule Castle | замок Хайрул | Головний замок королівства Хайрул. |\n| Kakariko Village | село Какаріко | Село в грі, біля якого знаходяться різні локації. |\n| Bridge of Eldin | міст Елдіна | Локація, де знайдено золотого привида. |\n| Kakariko Gorge | ущелина Какаріко | Локація біля села Какаріко, де знайдено золотого мокрицю. |\n| Great Bridge of Hylia | Великий міст Хілії | Велика локація-міст, названа на честь богині Хілії. |\n| Sacred Grove | Священна гаща | Таємнича лісова локація з особливим значенням. |\n| Zora's River | Річка Зора | Річка, пов'язана з народом Зора. |\n| Gerudo Desert | Пустеля Герудо | Пустельна локація, домівка племені Герудо. |\n| Poes | По | Духи-привиди, які можна побачити лише за допомогою особливих здібностей. |\n| Sky language | Небесна мова | Стародавня мова, пов'язана з небесними істотами. |\n| Snowpeak | Сніжний пік | Гірська снігова локація з особняком, де зберігається уламок дзеркала. |\n| Goron elder | старійшина Горонів | Лідер народу Горонів, який був перетворений темною магією. |\n| Forest Temple | Лісовий храм | Підземелля, розташоване в лісі. |\n| Goron Mines | Шахти Горонів | Підземелля в гірських шахтах народу Горонів. |\n| Lakebed Temple | Храм на дні озера | Підземелля, розташоване під водою. |\n| Snowpeak Ruins | Руїни Сніжного піку | Занедбаний особняк на засніженій горі. |\n| Palace of Twilight | Палац сутінків | Підземелля в Сутінковому царстві. |\n| Link | Лінк | Ім'я головного героя гри. |\n| Map | Карта | Предмет, який показує планування підземелля. |\n| Wii System Memory | Системна пам'ять Wii | Внутрішня пам'ять консолі Wii для збереження даних. |\n| Ordon Ranch | Ранчо Ордон | Ферма в селі Ордон, де Лінк працює пастухом. |\n| Ordon Village | Село Ордон | Мирне село на околиці Хайрулу, де починається пригода Лінка. |\n| Graveyard | Цвинтар | Кладовище біля села Какаріко з підземними катакомбами. |\n| Mirror Chamber | Зала Дзеркала | Місце, де зберігається Дзеркало Сутінків. |\n| Hyrule Field | Поле Хайрул | Великі відкриті простори, що з'єднують різні регіони Хайрулу. |\n| Hyrule Castle Town | Замкове Місто Хайрул | Головне місто королівства Хайрул. |\n| Sera's Sundries | Крамниця Сери | Магазин у селі Ордон. |\n| Barnes Bombs | Бомби Барнса | Магазин вибухівки в селі Какаріко. |\n| STAR Tent | Намет ЗІРКА | Розважальний намет у Замковому Місті. |\n| Telma's Bar | Бар Тельми | Таверна в Замковому Місті, де збирається група опору. |\n| Fanadi's Palace | Палац Фанаді | Будинок ворожки в Замковому Місті. |\n| Agitha's Castle | Замок Аґіти | Будинок дівчинки, яка колекціонує комах. |\n| Jovani's House | Будинок Джовані | Дім багатія, прокльятого перетворенням на золоту статую. |\n| Hidden Village | Приховане Село | Таємне село, заселене котами. |\n| Castle Town Sewers | Каналізація Замкового Міста | Підземні тунелі під містом. |\n| Fishing Hole | Рибальське Місце | Ставок для риболовлі. |\n| Twilit Parasite | Сутінковий Паразит | Комахоподібні створіння, що несуть сльози світла. |\n| DIABABA | ДІАБАБА | Бос Лісового Храму, гігантська хижа рослина. |\n| Twilit Igniter | Сутінковий Запалювач | Підзаголовок боса Файруса. |\n| FYRUS | ФАЙРУС | Бос Шахт Горонів, вогняний велетень у ланцюгах. |\n| Twilit Aquatic | Сутінковий Водяний | Підзаголовок боса Морфіла. |\n| MORPHEEL | МОРФІЛ | Бос Храму Озерного Дна, гігантська водяна істота. |\n| Twilit Fossil | Сутінкова Скам'янілість | Підзаголовок боса Сталлорда. |\n| STALLORD | СТАЛЛОРД | Бос Земель Арбітра, гігантський скелет динозавра. |\n| Twilit Ice Mass | Сутінкова Крижана Маса | Підзаголовок боса Бліззети. |\n| BLIZZETA | БЛІЗЗЕТА | Бос Руїн Сніжного Піку, одержима крижаним дзеркалом. |\n| Twilit Arachnid | Сутінковий Павукоподібний | Підзаголовок боса Армогоми. |\n| ARMOGOHMA | АРМОГОМА | Бос Храму Часу, гігантський броньований павук. |\n| Twilit Dragon | Сутінковий Дракон | Підзаголовок боса Аргорока. |\n| ARGOROK | АРГОРОК | Бос Міста в Небі, броньований вогняний дракон. |\n| Usurper King | Король-Узурпатор | Підзаголовок боса Занта. |\n| ZANT | ЗАНТ | Бос Палацу Сутінків, самопроголошений король сутінків. |\n| Dark Lord | Темний Володар | Підзаголовок фінального боса Ганондорфа. |\n| GANONDORF | ГАНОНДОРФ | Фінальний бос гри, втілення зла та влади. |\n| Ganon's Puppet | Маріонетка Ганона | Підзаголовок одержимої принцеси Зельди. |\n| ZELDA | ЗЕЛЬДА | Принцеса Хайрулу, тимчасово контрольована Ганондорфом. |\n| Dark Beast | Темний Звір | Підзаголовок звіриної форми Ганона. |\n| GANON | ГАНОН | Звіряча форма Ганондорфа у фінальній битві. |\n| Sensor Bar | Сенсорна Панель | Пристрій для відстеження Wii Remote. |\n| Wii Remote | Wii Remote | Бездротовий контролер для консолі Wii. |\n| Collection | Колекція | Меню інвентарю та карти. |\n| Helm splitter | Розсікач шолома | Спеціальна атака з підскоком та ударом зверху. |\n| Shield attack | Атака щитом | Удар щитом для оглушення ворогів. |\n| Spin attack | Обертова атака | Кругова атака мечем. |\n| Hyrule Kingdom | Королівство Хайрул | Головне королівство у грі, де відбувається дія. |\n| Ordon Woods | Ордонський ліс | Лісова місцевість біля села Ордон. |\n| Ordona Province | Провінція Ордона | Регіон, де знаходиться село Ордон. |\n| Peak Province | Провінція Вершин | Гірський регіон зі снігом. |\n| Desert Province | Пустельна провінція | Регіон з пустелею Герудо. |\n| Fused Shadows | Злиті тіні | Артефакти з небезпечною силою, розшукувані духами світла. |\n| Hidden Skills | Приховані навички | Спеціальні бойові техніки, які можна вивчити у золотого вовка. |\n| Golden Bugs | Золоті жуки | Колекційні комахи золотого кольору, розкидані по світу. |\n| Mansion Map | Карта особняка | Карта, що показує кімнати та поверхи особняка. |\n| Fish Journal | Журнал риболовлі | Записник для відстеження спійманої риби. |\n| Bobber Journal | Журнал поплавця | Записник для риболовлі з поплавцем. |\n| Ordon Catfish | Ордонський сом | Вид риби з околиць Ордона. |\n| Hylian Pike | Хайрульська щука | Вид щуки з вод Хайрулу. |\n| Greengill | Зеленозяброва | Риба із зеленими зябрами. |\n| Hylian Loach | Хайрульський в'юн | Рідкісна риба, важка для ловлі. |\n| Hyrule Bass | Хайрульський окунь | Поширений вид риби в Хайрулі. |\n| Portal | Портал | Магічний прохід, що з'являється після знищення темних створінь. |\n| Hour of twilight | Година сутінків | Особливий час, коли відчуваються духи померлих. |\n| Light spirits | Духи світла | Божественні істоти, що охороняють провінції Хайрулу. |\n| Golden wolf | Золотий вовк | Таємничий вовк, що навчає прихованим навичкам. |\n| Howling stones | Виючі камені | Місця, де можна покликати золотого вовка. |\n| Ordon Spring | Ордонське джерело | Священне джерело духа світла біля села Ордон. |\n| Forest spring | Лісове джерело | Цілюще джерело в лісі з духовною силою. |\n| Transform into wolf | Перетворитися на вовка | Здатність головного героя змінювати форму. |\n| Transform into human | Перетворитися на людину | Повернення до людської форми з вовчої. |\n| Midna | Мідна | Супутниця головного героя з сутінкового світу. |\n| Talo | Тало | Ім'я персонажа, якого було захоплено. Згадується в діалозі на початку. |\n| Colin | Колін | Ім'я персонажа, який розмовляє з головним героєм. Турбується про коня героя. |\n| porcelain horse call | порцеляновий кінський поклик | Предмет-подарунок, який отримує гравець перед подорожжю. |\n| spring | джерело | Місце, куди закликають прийти героя. Пов'язане з духами світла. |\n| shadow | тінь | Темна сила, яка перетворює героя та світ. Протилежність світлу. |\n| Twilight Princess | Сутінкова Принцеса | Титул Мідни. Вона є принцесою сутінкового царства. |\n| king that rules the twilight | король, що править сутінками | Антагоніст, який перетворив Хайрул на світ тіней. |\n| world of shadows | світ тіней | Перетворене царство Хайрул, де панують створіння, що уникають світла. |\n| shadow beasts | тіньові звірі | Створіння темряви, які шукають Мідну по всьому світу. |\n| darkened realm | затемнене царство | Альтернативна назва сутінкового світу, звідки вийшов герой. |\n| four light spirits | чотири духи світла | Божественні істоти, які захищають Хайрул за велінням богів. |\n| Ordona | Ордона | Ім'я одного з чотирьох духів світла, який розмовляє з героєм. |\n| shadow being | тіньова істота | Чорний звір, створіння темряви, яке намагається вкрасти силу світла. |\n| power of light | сила світла | Божественна енергія, якою володіють духи світла. |\n| light | світло | Священна сила, яку вкрали тіньові звірі у духів. |\n| fell beasts | зловісні звірі | Прокляті створіння, які вкрали світло у духів. |\n| netherworld | потойбічний світ | Стан, до якого було зведене королівство під владою темряви. |\n| world of light | світ світла | Нормальний світ, який перебуває під загрозою захоплення королем сутінків. |\n| king of twilight | король сутінків | Правитель темряви, який загрожує всьому світу світла. |\n| three light spirits | три духи світла | Духи в Хайрулі, які втратили своє світло і потребують відродження. |\n| light spirit | дух світла | Божественна істота, чия сила може повернути героєві його справжню форму. |\n| blue-eyed beast | синьоокий звір | Форма, в яку було перетворено героя в царстві тіней. |\n| tear | сльоза | Предмет або сутність, яку потрібно зібрати для відновлення світла. |\n| bow | лук | Зброя дальнього бою, якою гравець цілиться та стріляє стрілами. Використовується для ураження ворогів на відстані. |\n| scarecrow | опудало | Тренувальна ціль для практики стрільби з лука. |\n| reticule | приціл | Червоний маркер на екрані для наведення зброї на ціль. |\n| Princess Zelda | Принцеса Зельда | Головний персонаж серії ігор, принцеса королівства Хайрул. |\n| oil | олія | Паливо для ліхтаря, яке дозволяє безпечно подорожувати вночі. |\n| tears | сльози | Сльози, що пронизують темряву, які потрібно зібрати у Посудину Світла. |\n| Prince Zora | принц Зора | Персонаж, якого рятують у грі. |\n| Faron | Фарон | Один з духів світла, що живуть у Хайрулі. Захищає ліс за наказом богів. |\n| green tunic | зелена туніка | Одяг, що колись належав стародавньому герою, обраному богами. |\n| chosen one | обраний | Герой, обраний богами, в якому прокидаються особливі сили. |\n| dark power | темна сила | Заборонена сила, що знаходиться в храмі глибоко в лісі. |\n| temple | храм | Місце в глибині лісу, де знаходиться заборонена темна сила. |\n| spirits of light | духи світла | Духи, що живуть у Хайрулі та захищають землі за наказом богів. |\n| king of shadows | король тіней | Ворог, силі якого має протистояти герой. |\n| sanctuary | святилище | Безпечне місце, де ховаються люди від чудовиськ. |\n| cellar | підвал | Підземне приміщення, вхід до якого відкривається після запалення всіх свічок. Використовується як укриття. |\n| Fused Shadow | Злита Тінь | Артефакт темної сили, який потрібно знайти. Всього їх три. |\n| Eldin | Елдін | Один із духів світла Хайрулу, що охороняє певні землі. |\n| sacred grounds | священні землі | Святі місця гірських мешканців, осквернені темрявою. |\n| mountain dwellers | гірські мешканці | Племя горонів, що живе в горах. |\n| Luda | Луда | Дочка Ренадо. |\n| mines | шахти | Копальні горонів, куди вони не пускають людей. |\n| spirit | дух | Духовна істота, що може давати поради герою. |\n| Lanayru | Ланайру | Дух світла, що охороняє певні землі Хайрулу. |\n| Sacred Realm | Священне Царство | Землі, де зійшли богині та дарували порядок світу. |\n| goddesses | богині | Божества, що створили порядок у світі та замкнули заборонену силу. |\n| interlopers | чужинці | Ті, хто жив у світлі та володів магією, спричинивши велику битву. |\n| Beth | Бет | Одна з дітей, врятованих героєм. |\n| Barnes | Барнс | Ім'я персонажа, згадане в діалозі. |\n| sorcery | чаклунство | Потужна магія, якою володіли ті, хто намагався захопити Священне Царство. |\n| shaman | шаман | Цілитель у селі Какаріко, який лікує ґоронів та зора. |\n| Zoras | зора | Водний народ. У тексті згадується дитина зора, яка потребує лікування. |\n| dangerous beasts | небезпечні звірі | Загроза на рівнинах по дорозі до Какаріко. |\n| warp | телепортація | Здатність миттєво переміщуватися між локаціями. Доступна у формі вовка. |\n| province | провінція | Регіон або область на карті світу гри. |\n| light world | світлий світ | Те саме, що світ світла - звичайний вимір. |\n| light dwellers | мешканці світла | Жителі звичайного світу Хайрулу. |\n| princess | принцеса | Принцеса Зельда, правителька Хайрулу. |\n| castle | замок | Замок Хайрулу, де утримується принцеса. |\n| ancient wood | стародавній ліс | Давня лісова локація, деховається уламок дзеркала. |\n| sky | небо | Небесна локація, де знаходиться один з уламків. |\n| curtain of twilight | завіса сутінків | Межа між світлом та сутінками, що перетворює на звіра. |\n| evil power | зла сила | Темна магія, відмінна від магії Сутінкового Царства. |\n| blade of evil's bane | клинок прокляття зла | Опис Майстер Меча - зброї проти зла. |\n| ancient sages | стародавні мудреці | Давні мудреці, що створили Майстер Меч. |\n| hero | герой | Головний персонаж, обраний богинями. |\n| spirit's spring | джерело духа | Священне місце, де перебуває дух-охоронець. |\n| shadow magic | магія тіні | Магія племені Сутінкового Царства. |\n| evil magic | зла магія | Темна магія Занта, відмінна від магії тіні. |\n| beast | звір | Форма вовка, в яку перетворюється герой. |\n| wolf | вовк | Звірина форма головного героя. |\n| Lava fusion event | Подія злиття лави | Тимчасова демонстраційна подія, пов'язана з Гірою Смерті. |\n| spirit Eldin | дух Елдін | Один із духів-охоронців Хайрулу. |\n| Twili | Твілі | Народ, що був вигнаний до Сутінкового Царства. |\n| dark insects | темні комахи | Вороги, яких потрібно знищити для збору Сліз Світла. |\n| divine beast | божественний звір | Форма, в якій Герой з'являється у Сутінковому Царстві. |\n| sages | мудреці | Охоронці Дзеркала Сутінків, що служать богиням. |\n| chosen power of the gods | обрана сила богів | Божественна сила, якою був благословлений Ґанондорф. |\n| fragments | уламки | Частини розбитого Дзеркала Сутінків, розкидані по Хайрулу. |\n| curse | прокляття | Темна магія, накладена на Мідну богом Занта. |\n| magic | магія | Надприродна сила, якою володіють Твілі та інші персонажі. |\n| leader of the Twili | лідер Твілі | Титул правителя народу Твілі, який володіє особливою магією. |\n| absolute power | абсолютна влада | Найвища форма сили, дарована богами обраним героям. |\n| sword | меч | Зброя ближнього бою, необхідна для битви. |\n| shield | щит | Захисний предмет, який можна знайти в будинку з водяним колесом. |\n| Spirits of the light | Духи світла | Божественні сутності, що володіють силою світла і допомагають герою. |\n| chosen hero | обраний герой | Головний персонаж, посланий богинями для порятунку світу. |\n| king of light and shadow | король світла і тіні | Титул, який присвоює собі Ганондорф. |\n| Hylian crest | герб Хайліану | Символ королівства Хайрул на щиті. |\n| targets | цілі | Об'єкти або вороги, по яких можна атакувати або спрямовувати предмети. |\n| ancient machine | стародавня машина | Механічний пристрій, створений у давнину, здатний літати. |\n| wall rails | настінні рейки | Спеціальні направляючі на стінах, по яких можна їздити. |\n| iron ball | залізна куля | Велика куля на ланцюзі, яку можна розкрутити для атаки. |\n| Goron treasure | скарб ґоронів | Цінний предмет народу ґоронів, використовуваний стародавнім героєм. |\n| ancient hero | стародавній герой | Легендарний воїн минулого, який використовував особливу зброю. |\n| chain | ланцюг | Металевий ланцюг з гаком на кінці для переміщення. |\n| claw | гак | Кігтеподібний пристрій на кінці ланцюга для зачіплення. |\n| Clawshots | Подвійні гаки | Пара гаків-ланцюгів для переміщення між точками зачіплення. |\n| fuel | паливо | Олія для заправки ліхтаря, без якої він не горітиме. |\n| bobber | поплавець | Частина вудки, яка сигналізує про поклювку. |\n| bait | наживка | Приманка для риби, яку прикріплюють до гачка. |\n| pellet | кулька | Боєприпас для рогатки, можна носити до 50 штук. |\n| servings | порцій | Кількість разів, які можна використати предмет. |\n| Coro's homemade soup | домашній суп Коро | Особливий суп з непередбачуваним ефектом. |\n| Death Mountain hot springwater | гаряча вода з джерела Гори Смерті | Цілюща вода, яка відновлює всі сердця, але охолоджується з часом. |\n| Item Screen | Екран предметів | Меню, де можна керувати інвентарем та створювати спеціальні предмети. |\n| Jovani | Джовані | Персонаж, якому потрібно принести 20 або більше душ По. |\n| Purlo | Пурло | Персонаж, який надсилає листи гравцеві. |\n| Fanadi | Фанаді | Ворожка, яка має свій палац. |\n| Princess Agitha | Принцеса Аґіта | Персонаж, який збирає комах і має свою мрію. |\n| Impaz | Імпаз | Персонаж, який надсилає листи. |\n| Shad | Шад | Персонаж, який надсилає листи гравцеві. |\n| Yeta | Єта | Дружина Єто, яка надсилає листи. |\n| The Postman | Листоноша | Персонаж, який доставляє пошту гравцеві. |\n| bar | бар | Заклад Телми в Місті-Фортеці. Місце зустрічі з союзниками та отримання квестів. |\n| STAR game | гра ЗІРКА | Популярна міні-гра в Хайрулі. Доступна в різних локаціях з новими викликами. |\n| Iza's Rapid Ride | Сплав Ізи | Атракціон зі стрільбою по мішенях на річці. Безкоштовне використання вибухових стріл. |\n| Hena's Fishing Hole | Рибальське Місце Гени | Локація для риболовлі з використанням приманок. Міні-гра для дорослих. |\n| candles | свічки | Джерела світла в святилищі. Запалення свічок може відкрити таємні проходи. |\n| basement | підвал | Нижній поверх будівлі. Вхід може бути прихований і відкривається через механізми. |\n| yeti | йєті | Велика біла істота, що живе в горах. Володіє одним з уламків дзеркала. |\n| Ending Blow | Завершальний удар | Смертельний удар по поваленому ворогу. |\n| Back Slice | Удар у спину | Прийом, що дозволяє обкотитися навколо ворога і атакувати ззаду. |\n| Mortal Draw | Смертельне витягування | Швидка атака мечем з піхов, коли ворог наближається. |\n| Jump Strike | Стрибковий удар | Потужна атака з стрибка при таргетуванні ворога. |\n| Great Spin | Великий вихор | Обертова атака, доступна при повному здоров'ї. |\n| targeting | таргетування / наведення | Механіка фокусування на ворогу під час бою. |\n| reed | очерет / дудка | Предмет, звук якого приваблює певних істот. |\n| boot | чобіт | Сміття, яке можна виловити замість риби. |\n| bag of Rupees | мішечок рупій | Предмет з грошима, який можна знайти під час риболовлі. |\n| sinking lure | тонуча принада | Заборонена приманка для риболовлі, яка добре працює. |\n| skullfish | черепориба | Заборонена риба, яка не додається до журналу. |\n| bombfish | бомбориба | Заборонена риба, яку можна використати як бомбу. |\n| wheel | колесо | Сміття, яке можна виловити замість риби. |\n| empty can | порожня бляшанка | Сміття, яке можна виловити замість риби. |\n| twig | гілочка | Сміття або уламок, який можна виловити. |\n| Zora village | село Зора | Поселення раси Зора у грі. |\n| size record | рекорд розміру | Найбільший розмір зловленої риби певного виду. |\n| shadow creatures | тіньові створіння | Вороже істоти, пов'язані з сутінками, які можуть руйнувати мости та інші об'єкти. |\n| people of the sky | небесний народ | Легендарна раса або група істот, пов'язана з небесами та давніми переказами. |\n| rod of the heavens | небесний жезл | Легендарний предмет, пов'язаний з небесним народом та їхнім посланцем. |\n| messenger of the sky | небесний посланець | Персонаж або істота з легенди, що володіє небесним жезлом. |\n| Sky letters | небесні літери | Стародавня писемність небесного народу, яку важко прочитати. |\n| true power | справжня сила | Прихована здатність героя, яку він ще не відкрив. |\n| light arrows | світлові стріли | Зброя, яку використовують для уповільнення Ганондорфа в бою. |\n| Progress Management | Управління прогресом | Посада або роль у розробці гри, відповідальна за контроль виконання завдань та дотримання термінів. |\n| Supervisors | Супервайзери | Керівники, які наглядають за процесом розробки гри. |\n| Technical Support | Технічна підтримка | Команда, що надає технічну допомогу під час розробки. |\n| Debug | Налагодження | Процес пошуку та виправлення помилок у грі. |\n| Super Mario Club | Super Mario Club | Внутрішня тестова група Nintendo, що спеціалізується на тестуванні ігор. |\n| Programming Support | Підтримка програмування | Команда програмістів, що надає допомогу в розробці коду гри. |\n| Programming Support Group | Група підтримки програмування | Відділ або команда, що допомагає з програмуванням. |\n| Localization Management | Управління локалізацією | Керівництво процесом адаптації гри для різних мов та регіонів. |\n| Localization | Локалізація | Процес перекладу та адаптації гри для різних мов і культур. |\n| Product Testing | Тестування продукту | Процес перевірки гри на помилки та проблеми перед випуском. |\n| Special Thanks | Особлива подяка | Розділ титрів, де дякують людям, які допомогли у створенні гри. |\n| Producer | Продюсер | Головна особа, відповідальна за загальне керівництво проектом. |\n| Executive Producer | Виконавчий продюсер | Найвища керівна посада в проекті, що контролює всі аспекти розробки. |\n| SRD | SRD | Компанія Systems Research & Development, партнер Nintendo у розробці ігор. |\n| The End | Кінець | Фінальний напис, що з'являється після завершення гри або титрів. |"
  },
  {
    "role": "user",
    "content": "Game: Zelda: Twilight Princess BMG\nBlock: zel_00 (#0)\nRow: #0\nMode: translation variations\n\nTranslate the text into Ukrainian without altering the meaning.\nKeep exactly 1 lines (including empty ones) and preserve their order.\nUse the provided glossary to translate terms. All other tags must be preserved exactly as they appear.\nThe glossary has absolute priority.\nDo not add explanations or meta text; return only the translation.\n\nInput text:\n\nChecking Memory Card in Slot A..."
  }
]
============================================================

==================== 2026-05-23 13:09:45.161 ====================
Task Type: translate_single
--- MESSAGES SENT ---
[
  {
    "role": "system",
    "content": "# System Prompt for the Translator\n\nYou are a professional video game localizer. When translating into Ukrainian, always adhere to the following requirements:\n\n1. **Crucial Rule: Treat multi-line text as a single thought.** Text with newlines (`\\n`) is one continuous sentence or phrase. The translation must flow naturally across the lines. **Example:** `Southern\\nFairy Island` is a single place name and must be translated as a single grammatical unit, like `Південний\\nОстрів Фей`, not `Південний\\nФея Острів`.\n2. **Maintain precise meaning:** Do not invent details or omit information.\n3. **Do not change tags:** All tags (`{...}`, `[...]`, etc.) and service symbols (`\\n`) must be copied into the translation without any changes, in the same position and with the same case.\n4. **Do not translate tag content:** The text inside tags (e.g., `Color:Red` in `[Color:Red]`) is a command and must not be translated. `[Color:Red]` is correct; `[Колір:Червоний]` is **incorrect**.\n5. **Use the glossary:** The glossary has the highest priority. If an entry is missing, choose a translation that preserves established franchise names.\n6. **Adhere to the style:** The style, tone, and level of formality must match the original work. If no context is provided, use a neutral professional style.\n7. **Adhere to the format:** The number of lines, spaces, and punctuation marks within a line must match the original; do not merge or split lines.\n8. **Do not add anything extra:** Return only the final translated text without comments, explanations, or decorative symbols.\n\nFollow these instructions for every translation, regardless of the text's length or complexity.\n\nGLOSSARY (use with absolute priority):\n| Original | Translation | Notes |\n|---|---|---|\n| Memory Card | Карта пам'яті | Пристрій для збереження ігрових даних у консолі GameCube. |\n| Slot A | Слот A | Роз'єм для підключення карти пам'яті в консолі. |\n| POWER Button | Кнопка POWER | Кнопка живлення консолі GameCube. |\n| The Legend of Zelda: Twilight Princess | The Legend of Zelda: Twilight Princess | Назва гри, залишається без перекладу. |\n| save file | файл збереження | Файл, що містить збережений прогрес гри. |\n| blocks | блоки | Одиниці вимірювання пам'яті на карті пам'яті. |\n| Memory Card Screen | Екран карти пам'яті | Системне меню для керування файлами на карті пам'яті. |\n| Quest Log | Журнал завдань | Файл збереження з прогресом проходження гри. |\n| green Rupee | зелена рупія | Ігрова валюта вартістю 1 одиницю. |\n| blue Rupee | синя рупія | Ігрова валюта вартістю 5 одиниць. |\n| yellow Rupee | жовта рупія | Ігрова валюта вартістю 10 одиниць. |\n| red Rupee | червона рупія | Ігрова валюта вартістю 20 одиниць. |\n| purple Rupee | фіолетова рупія | Ігрова валюта вартістю 50 одиниць. |\n| orange Rupee | помаранчева рупія | Ігрова валюта вартістю 100 одиниць. |\n| silver Rupee | срібна рупія | Ігрова валюта вартістю 200 одиниць. |\n| bomb bag | сумка для бомб | Предмет для зберігання та перенесення бомб. |\n| bombs | бомби | Вибухові предмети для знищення перешкод та ворогів. |\n| Hero's Bow | Лук героя | Зброя для стрільби стрілами на відстані. |\n| bomb arrows | вибухові стріли | Стріли з прикріпленими бомбами для комбінованої атаки. |\n| arrows | стріли | Боєприпаси для лука. |\n| foes | вороги | Противники, з якими гравець бореться в грі. |\n| seeds | насіння | Боєприпаси для рогатки, використовуються як снаряди. |\n| slingshot | рогатка | Зброя дальнього бою, яка стріляє насінням. |\n| water bombs | водяні бомби | Вибухівка, яку можна використовувати у воді, але не під час плавання. |\n| bomblings | бомблінги | Маленькі бомби, які рухаються вперед і вибухають при зіткненні або через деякий час. |\n| fairy | фея | Магічна істота в пляшці, яка відновлює здоров'я гравця при смерті або використанні. |\n| hearts | серця | Одиниці здоров'я гравця в грі. |\n| small key | малий ключ | Ключ, який відкриває замкнені двері тільки в поточній локації. |\n| Piece of Heart | Частина Серця | Колекційний предмет; 5 частин формують новий Контейнер Серця. |\n| Heart Container | Контейнер Серця | Збільшує максимальну кількість здоров'я гравця на одне серце. |\n| dungeon map | карта підземелля | Показує планування підземелля, відвідані кімнати та поточне місцезнаходження. |\n| compass | компас | Інструмент, який показує розташування прихованих об'єктів у підземеллі. |\n| Ooccoo | Уку | Персонаж, який дозволяє гравцю покинути підземелля і повернутися пізніше. |\n| big key | великий ключ | Ключ, який відкриває доступ до лігва боса підземелля. |\n| Ordon sword | меч Ордона | Меч, виготовлений Раслом як данина королівській родині. |\n| Master Sword | Майстер-меч | Легендарна зброя, яку може використовувати лише справжній герой. |\n| Ordon shield | щит Ордона | Дерев'яний щит для захисту, який може згоріти від вогню. |\n| wooden shield | дерев'яний щит | Базовий щит для захисту, вразливий до вогню. |\n| Hylian shield | хайліанський щит | Металевий щит, який ніколи не згорить. |\n| magic armor | магічна броня | Броня, яка витрачає рупії замість здоров'я при отриманні пошкоджень. |\n| Rupees | рупії | Валюта в грі, використовується для покупок. |\n| Zora armor | броня Зора | Спеціальний обладунок королівської родини Зора, дозволяє вільно рухатися під водою. |\n| big wallet | великий гаманець | Дозволяє зберігати до 600 рупій. |\n| giant wallet | гігантський гаманець | Символ шанованого громадянина королівства комах, вміщує до 1000 рупій. |\n| dungeon | підземелля | Складна локація з головоломками, ворогами та босом. |\n| boss | бос | Головний ворог підземелля або локації. |\n| Rusl | Расл | Найкращий мечник Ордона, який виготовив меч Ордона. |\n| Ordon | Ордон | Назва села або регіону в грі. |\n| Malo Mart | Мало Март | Магазин у грі, де можна купити предмети. |\n| coral earring | коралова сережка | Прикраса з дорогоцінного коралу з Володіння Зора у формі гачка для риболовлі. Дозволяє ловити рікфіш. |\n| Zora's Domain | Володіння Зора | Локація, звідки походить дорогоцінний корал. Місце проживання народу Зора. |\n| reekfish | рікфіш | Вид риби, яку можна зловити за допомогою коралової сережки як гачка. |\n| Hawkeye | Соколине Око | Оптичний приціл для збільшення віддалених об'єктів. Поєднується з Луком Героя для точної стрільби. |\n| wooden sword | дерев'яний меч | Меч, відточений Руслом. Простий у використанні для базових атак. |\n| Gale Boomerang | Буревійний Бумеранг | Таємничий бумеранг з Феєю Вітрів всередині. Засмоктує предмети силою вітру та може захоплювати до 5 цілей. |\n| Fairy of Winds | Фея Вітрів | Магічна істота, що живе всередині Буревійного Бумеранга та надає йому силу вітру. |\n| Spinner | Спінер | Стародавній механізм для левітації. Дозволяє рухатися по піску та рейках на стінах. |\n| Ball and Chain | Куля на Ланцюгу | Гігантська залізна куля з неймовірною силою для завдання серйозної шкоди. |\n| Gorons | горони | Раса гірських істот, колишні власники Лука Героя. Відомі своєю силою. |\n| Clawshot | Кігтемет | Гак на довгому ланцюгу для чіплення за спеціальні мішені та подолання великих відстаней. |\n| Double Clawshots | Подвійний Кігтемет | Два Кігтемети разом, що дозволяють стріляти повторно під час висіння. |\n| Iron Boots | Залізні Чоботи | Чоботи, що роблять носія настільки важким, що навіть горон не зможе зрушити. |\n| Dominion Rod | Жезл Володаря | Дивовижний жезл, що оживляє стародавні статуї. Статуї рухаються як їхній господар. |\n| lantern | ліхтар | Необхідний для освітлення темних місць. Потребує олії для роботи та може підпалювати предмети. |\n| Twilight Realm | Сутінкове Царство | Альтернативний вимір темряви, де Майстер-Меч світиться золотим світлом. |\n| fishing rod | вудка | Проста вудка з поплавцем для ловлі риби. Можна ловити без наживки, але з наживкою різноманітність більша. |\n| giant bomb bags | гігантські торби для бомб | Дозволяють носити вдвічі більше бомб. Місткість залежить від типу бомб. |\n| big quiver | великий сагайдак | Може вміщувати до 60 стріл. |\n| giant quiver | гігантський сагайдак | Може вміщувати до 100 стріл. |\n| empty bottle | порожня пляшка | Універсальна ємність для зберігання води та інших рідин чи предметів. |\n| red potion | червоне зілля | Відновлює 8 сердець здоров'я при випиванні. |\n| blue potion | синє зілля | Відновлює всі серця здоров'я при випиванні. |\n| milk | молоко | Одна пляшка містить дві порції. Кожна порція відновлює три серця. |\n| bottle | пляшка | Контейнер для зберігання різних предметів та рідин. |\n| lantern oil | олія для ліхтаря | Паливо, необхідне для роботи ліхтаря. |\n| water | вода | Рідина, яку можна розбризкувати на різні об'єкти. |\n| nasty soup | огидний суп | Спеціальний рецепт Коро з невідомим ефектом. |\n| Coro | Коро | Персонаж, який готує особливий суп. |\n| hot springwater | гаряча джерельна вода | Поживна вода, що відновлює всі серця, поки тепла. |\n| Great Fairy's Tears | Сльози Великої Феї | Священна вода, що відновлює здоров'я і тимчасово підвищує силу атаки. |\n| Great Fairy | Велика Фея | Могутня магічна істота, чиї молитви містяться у священній воді. |\n| life energy | життєва енергія | Здоров'я персонажа. |\n| attack strength | сила атаки | Показник шкоди, яку завдає персонаж. |\n| worm | черв'як | Наживка для риболовлі, яку люблять риби. |\n| bee larva | бджолина личинка | Їстівна наживка для риболовлі, відновлює 1/4 серця. |\n| Chu Jelly | желе Чу | Желеподібна речовина різних кольорів з різними ефектами. |\n| rare Chu Jelly | рідкісне желе Чу | Відновлює всю енергію і тимчасово підвищує силу атаки. |\n| red Chu Jelly | червоне желе Чу | Відновлює 8 сердець здоров'я. |\n| blue Chu Jelly | синє желе Чу | Відновлює всі серця здоров'я. |\n| yellow Chu Jelly | жовте желе Чу | Використовується для заправки ліхтаря. |\n| purple Chu Jelly | фіолетове желе Чу | Має невідомий ефект при вживанні. |\n| simple soup | простий суп | Суп з запахом рибного бульйону, відновлює 2 серця. |\n| good soup | хороший суп | Суп з запахом гарбузів, відновлює 4 серця. |\n| superb soup | чудовий суп | Суп з сирним запахом, відновлює здоров'я. |\n| Renado's letter | лист Ренадо | Лист від персонажа на ім'я Ренадо з детальними інструкціями щодо лікування Ілії для відновлення її пам'яті. |\n| Ilia | Ілія | Ім'я жіночого персонажа, яка втратила пам'ять і потребує лікування. |\n| invoice | рахунок | Рахунок за послуги міського лікаря на астрономічну суму. |\n| wooden statue | дерев'яна статуетка | Статуетка незвичайної форми, що колись належала Ілії і може допомогти відновити її пам'ять. |\n| Ilia's charm | оберіг Ілії | Оберіг, який Ілія залишила жінці, що врятувала її. Ключ до відновлення пам'яті Ілії. |\n| horse call | поклик коня | Предмет, створений Ілією, який дозволяє покликати коня, граючи його улюблену мелодію. |\n| Auru's memo | записка Ауру | Записка від Ауру, адресована Файєру з озера Хайлія. |\n| Auru | Ауру | Ім'я персонажа, який написав записку. |\n| Fyer | Файєр | Персонаж, який знаходиться біля озера Хайлія. |\n| Lake Hylia | озеро Хайлія | Назва локації у грі. |\n| Ashei's sketch | ескіз Ашей | Швидко намальований малюнок істоти, яку Ашей бачила з червоною рибою. |\n| Ashei | Ашей | Ім'я персонажа, який намалював ескіз. |\n| red fish | червона риба | Риба, яку тримала істота на ескізі Ашей. |\n| black Chu Jelly | чорне желе Чу | Чорне желе, яке виглядає дуже шкідливим для здоров'я. |\n| bottle of oil | пляшка олії | Олія, необхідна для заправки ліхтаря. |\n| Tear of Light | Сльоза Світла | Священна сльоза, яка розсіює сутінки. Збирається у Посудину Світла. |\n| Vessel of Light | Посудина Світла | Посудина для збирання Сльоз Світла, необхідна для розсіювання сутінків і повернення світла. |\n| twilight | сутінки | Темрява або тіньовий стан, який покриває певні локації у грі. |\n| senses | чуття | Особлива здатність бачити прихованих ворогів, які тримають Сльози Світла. |\n| beetle | жук | Комаха, яку можна зловити; цінується любителями комах за золотистий колір. |\n| butterfly | метелик | Комаха, яку можна зловити; цінується любителями комах за золотистий колір. |\n| stag beetle | жук-олень | Комаха, яку можна зловити; цінується любителями комах за золотистий колір. |\n| grasshopper | коник | Комаха, яку можна зловити; цінується любителями комах за золотистий колір. |\n| phasmid | паличник | Комаха, яку можна зловити; цінується любителями комах за золотистий колір. |\n| pill bug | мокриця | Комаха, яку можна зловити; цінується любителями комах за золотистий колір. |\n| Collection screen | екран колекції | Меню, де можна переглянути зловлених комах. |\n| mantis | богомол | Комаха, яку можна зловити в грі. Відображається на екрані колекції. |\n| ladybug | сонечко | Комаха, яку можна зловити в грі. Має золотий колір. |\n| snail | равлик | Молюск, якого можна зловити. Фанати равликів люблять золотий колір. |\n| dragonfly | бабка | Комаха, яку можна зловити та переглянути в колекції. |\n| ant | мураха | Комаха, яку можна зловити в грі. |\n| dayfly | одноденка | Комаха, яку можна зловити та додати до колекції. |\n| Bug fans | Фанати комах | Персонажі або гравці, які цінують зловлених комах. |\n| Poe's soul | Душа По | Предмет, який випадає після перемоги над По. Збирається в колекцію. |\n| Poe | По | Ворог-привид, якого потрібно перемогти для отримання душі. |\n| Ancient Sky Book | Стародавня Небесна Книга | Книга, написана давньою небесною мовою. Містить підказку до шляху на небо. |\n| Sky character | Небесний символ | Відсутня частина слова в Стародавній Небесній Книзі. |\n| City in the Sky | Місто в Небі | Локація в грі, куди можна потрапити за допомогою Окку. |\n| Oocca | Окка | Раса, до якої належить Окку. |\n| Rupee | рупія | Основна валюта у світі гри. |\n| Faron Woods | Фаронський Ліс | Локація в грі, доступ до якої відкривається ключем. |\n| gate keys | ключі від воріт | Ключі, які відкривають ворота на шляху до Какаріко. |\n| Kakariko | Какаріко | Село або локація в грі. |\n| Ordon pumpkin | ордонський гарбуз | Гарбуз, вирощений у рідному селі гравця Ордоні. |\n| Ordon goat cheese | ордонський козячий сир | Сир, виготовлений з молока ордонських кіз. |\n| bedroom key | ключ від спальні | Ключ, який дає доступ до спальні з уламком дзеркала. |\n| mirror shard | уламок дзеркала | Частина дзеркала, яка знаходиться в спальні. |\n| key shard | уламок ключа | Частина великого ключа. Потрібно зібрати всі три уламки. |\n| Pieces of Heart | Частини серця | Колекційні предмети для збільшення здоров'я. |\n| Ooccoo Jr. | Окку-молодший | Дитина Окку, допомагає в підземеллях. |\n| Ooccoo's Note | Записка Окку | Повідомлення від Окку. |\n| Ranch Clothes | Одяг ранчо | Повсякденний одяг героя. |\n| Hero's Clothes | Одяг героя | Традиційний зелений одяг героя. |\n| Zora | Зора | Водяна раса в грі. |\n| Shadow Crystal | Кристал тіні | Предмет, пов'язаний з темною магією. |\n| Wallet | Гаманець | Базовий гаманець для зберігання рупій. |\n| Giant Bomb Bag | Гігантська сумка для бомб | Найбільша сумка для зберігання бомб. |\n| Fire Arrow | Вогняна стріла | Стріла з вогняним ефектом. |\n| Quiver | Сагайдак | Базовий сагайдак для стріл. |\n| Magic Potion | Магічне зілля | Зілля для відновлення магії. |\n| Fairy's Tears | Сльози феї | Рідкісний предмет від феї. |\n| Green Chu Jelly | Зелене желе Чу | Желе від зеленого Чу. |\n| Mirror Shards | Уламки Дзеркала | Фрагменти Дзеркала Сутінків, необхідні для відновлення артефакту. |\n| Scent of Ilia | Запах Ілії | Аромат, що дозволяє відстежувати Ілію у вовчій формі. |\n| Poe Scent | Запах По | Аромат духів По для відстеження. |\n| Reekfish Scent | Запах Рікфіша | Запах риби Рікфіш для відстеження. |\n| Youths' Scent | Запах Юнаків | Аромат молодих людей для відстеження. |\n| Medicine Scent | Запах Ліків | Аромат медикаментів для відстеження. |\n| Poe Souls | Душі По | Душі духів По, які можна збирати та обмінювати. |\n| Filled Sky Book | Заповнена Небесна Книга | Небесна книга після заповнення всіх літер. |\n| Gate Key | Ключ від Воріт | Спеціальний ключ для відкриття воріт. |\n| Ordon Cheese | Ордонський Сир | Сир з села Ордон, виготовлений з козячого молока. |\n| Surf Leaf | Листок для Серфінгу | Великий листок для ковзання по воді. |\n| Child's Wallet | Дитячий Гаманець | Гаманець з дитинства, вміщує до 300 рупій. |\n| Adult's Wallet | Дорослий Гаманець | Гаманець від Агіти, вміщує до 600 рупій. |\n| Giant's Wallet | Гігантський Гаманець | Найбільший гаманець від Агіти, вміщує до 1000 рупій. |\n| Hyrule | Хайрул | Королівство, де відбуваються події гри. |\n| Agitha | Агіта | Принцеса королівства комах, колекціонує комах. |\n| Iza | Іза | Власниця пункту прокату човнів, дає сумку для бомб. |\n| Goron | Горон | Раса гірських істот, що живуть у вулканічних регіонах. |\n| Chu | Чу | Желеподібні вороги різних кольорів. |\n| Epona | Епона | Вірний кінь головного героя. |\n| Twilight Mirror | Дзеркало Сутінків | Стародавній артефакт, зібраний з уламків. |\n| pellets | кульки | Боєприпаси для рогатки, максимум 50 штук. |\n| ancient statues | стародавні статуї | Статуї, які можна оживити за допомогою містичного жезла. |\n| Temple of Time | Храм Часу | Місце, звідки походить містичний жезл для оживлення статуй. |\n| larva | личинка | Принада для вудки, використовується для ловлі риби. |\n| earring hook | гачок-сережка | Спеціальний гачок для вудки, який можна використовувати з різними принадами. |\n| Death Mountain | Гора Смерті | Локація, звідки походить знамените гаряче джерельне вода. |\n| Items screen | екран предметів | Меню інвентаря, де гравець керує своїми предметами та спорядженням. |\n| attack power | сила атаки | Показник, що визначає величину шкоди, яку завдає персонаж. |\n| beehive | бджолиний вулик | Джерело личинок для наживки. |\n| rare Chu | рідкісний Чу | Особливий тип Чу, що дає поживне желе з покращеними властивостями. |\n| red Chu | червоний Чу | Різновид Чу, з якого отримують червоне желе для відновлення здоров'я. |\n| blue Chu | синій Чу | Різновид Чу, з якого отримують синє желе для повного відновлення здоров'я. |\n| yellow Chu | жовтий Чу | Різновид Чу, що дає олійне желе для заправки ліхтаря. |\n| purple Chu | фіолетовий Чу | Різновид Чу з підозрілим желе, ефект якого непередбачуваний. |\n| black Chu | чорний Чу | Різновид Чу, що дає погано пахнуче желе. |\n| Yeto | Єто | Персонаж, який готує домашній суп з різними інгредієнтами. |\n| Renado | Ренадо | Персонаж, який написав листа до Телми про лікування Ілії. |\n| Telma | Телма | Персонаж, якому адресований лист Ренадо. |\n| tears of light | сльози світла | Магічні предмети, які збираються в спеціальний контейнер від духа. |\n| Mirror of Twilight | Дзеркало Сутінків | Артефакт, що з'єднує світло і тінь, складається з кількох частин. |\n| Lanayru Province | провінція Ланайру | Регіон у грі, де знайдено гаманець Ілії. |\n| Arbiter's Grounds | Землі Арбітра | Локація в пустелі, де водяться привиди. |\n| Eldin Province | провінція Елдін | Регіон у грі, де знайдено дерев'яний меч. |\n| Faron Province | провінція Фарон | Регіон у грі, де знайдено золотого жука. |\n| Castle Town | Замкове Місто | Головне місто в грі, розташоване біля замку. |\n| Hyrule Castle | замок Хайрул | Головний замок королівства Хайрул. |\n| Kakariko Village | село Какаріко | Село в грі, біля якого знаходяться різні локації. |\n| Bridge of Eldin | міст Елдіна | Локація, де знайдено золотого привида. |\n| Kakariko Gorge | ущелина Какаріко | Локація біля села Какаріко, де знайдено золотого мокрицю. |\n| Great Bridge of Hylia | Великий міст Хілії | Велика локація-міст, названа на честь богині Хілії. |\n| Sacred Grove | Священна гаща | Таємнича лісова локація з особливим значенням. |\n| Zora's River | Річка Зора | Річка, пов'язана з народом Зора. |\n| Gerudo Desert | Пустеля Герудо | Пустельна локація, домівка племені Герудо. |\n| Poes | По | Духи-привиди, які можна побачити лише за допомогою особливих здібностей. |\n| Sky language | Небесна мова | Стародавня мова, пов'язана з небесними істотами. |\n| Snowpeak | Сніжний пік | Гірська снігова локація з особняком, де зберігається уламок дзеркала. |\n| Goron elder | старійшина Горонів | Лідер народу Горонів, який був перетворений темною магією. |\n| Forest Temple | Лісовий храм | Підземелля, розташоване в лісі. |\n| Goron Mines | Шахти Горонів | Підземелля в гірських шахтах народу Горонів. |\n| Lakebed Temple | Храм на дні озера | Підземелля, розташоване під водою. |\n| Snowpeak Ruins | Руїни Сніжного піку | Занедбаний особняк на засніженій горі. |\n| Palace of Twilight | Палац сутінків | Підземелля в Сутінковому царстві. |\n| Link | Лінк | Ім'я головного героя гри. |\n| Map | Карта | Предмет, який показує планування підземелля. |\n| Wii System Memory | Системна пам'ять Wii | Внутрішня пам'ять консолі Wii для збереження даних. |\n| Ordon Ranch | Ранчо Ордон | Ферма в селі Ордон, де Лінк працює пастухом. |\n| Ordon Village | Село Ордон | Мирне село на околиці Хайрулу, де починається пригода Лінка. |\n| Graveyard | Цвинтар | Кладовище біля села Какаріко з підземними катакомбами. |\n| Mirror Chamber | Зала Дзеркала | Місце, де зберігається Дзеркало Сутінків. |\n| Hyrule Field | Поле Хайрул | Великі відкриті простори, що з'єднують різні регіони Хайрулу. |\n| Hyrule Castle Town | Замкове Місто Хайрул | Головне місто королівства Хайрул. |\n| Sera's Sundries | Крамниця Сери | Магазин у селі Ордон. |\n| Barnes Bombs | Бомби Барнса | Магазин вибухівки в селі Какаріко. |\n| STAR Tent | Намет ЗІРКА | Розважальний намет у Замковому Місті. |\n| Telma's Bar | Бар Тельми | Таверна в Замковому Місті, де збирається група опору. |\n| Fanadi's Palace | Палац Фанаді | Будинок ворожки в Замковому Місті. |\n| Agitha's Castle | Замок Аґіти | Будинок дівчинки, яка колекціонує комах. |\n| Jovani's House | Будинок Джовані | Дім багатія, прокльятого перетворенням на золоту статую. |\n| Hidden Village | Приховане Село | Таємне село, заселене котами. |\n| Castle Town Sewers | Каналізація Замкового Міста | Підземні тунелі під містом. |\n| Fishing Hole | Рибальське Місце | Ставок для риболовлі. |\n| Twilit Parasite | Сутінковий Паразит | Комахоподібні створіння, що несуть сльози світла. |\n| DIABABA | ДІАБАБА | Бос Лісового Храму, гігантська хижа рослина. |\n| Twilit Igniter | Сутінковий Запалювач | Підзаголовок боса Файруса. |\n| FYRUS | ФАЙРУС | Бос Шахт Горонів, вогняний велетень у ланцюгах. |\n| Twilit Aquatic | Сутінковий Водяний | Підзаголовок боса Морфіла. |\n| MORPHEEL | МОРФІЛ | Бос Храму Озерного Дна, гігантська водяна істота. |\n| Twilit Fossil | Сутінкова Скам'янілість | Підзаголовок боса Сталлорда. |\n| STALLORD | СТАЛЛОРД | Бос Земель Арбітра, гігантський скелет динозавра. |\n| Twilit Ice Mass | Сутінкова Крижана Маса | Підзаголовок боса Бліззети. |\n| BLIZZETA | БЛІЗЗЕТА | Бос Руїн Сніжного Піку, одержима крижаним дзеркалом. |\n| Twilit Arachnid | Сутінковий Павукоподібний | Підзаголовок боса Армогоми. |\n| ARMOGOHMA | АРМОГОМА | Бос Храму Часу, гігантський броньований павук. |\n| Twilit Dragon | Сутінковий Дракон | Підзаголовок боса Аргорока. |\n| ARGOROK | АРГОРОК | Бос Міста в Небі, броньований вогняний дракон. |\n| Usurper King | Король-Узурпатор | Підзаголовок боса Занта. |\n| ZANT | ЗАНТ | Бос Палацу Сутінків, самопроголошений король сутінків. |\n| Dark Lord | Темний Володар | Підзаголовок фінального боса Ганондорфа. |\n| GANONDORF | ГАНОНДОРФ | Фінальний бос гри, втілення зла та влади. |\n| Ganon's Puppet | Маріонетка Ганона | Підзаголовок одержимої принцеси Зельди. |\n| ZELDA | ЗЕЛЬДА | Принцеса Хайрулу, тимчасово контрольована Ганондорфом. |\n| Dark Beast | Темний Звір | Підзаголовок звіриної форми Ганона. |\n| GANON | ГАНОН | Звіряча форма Ганондорфа у фінальній битві. |\n| Sensor Bar | Сенсорна Панель | Пристрій для відстеження Wii Remote. |\n| Wii Remote | Wii Remote | Бездротовий контролер для консолі Wii. |\n| Collection | Колекція | Меню інвентарю та карти. |\n| Helm splitter | Розсікач шолома | Спеціальна атака з підскоком та ударом зверху. |\n| Shield attack | Атака щитом | Удар щитом для оглушення ворогів. |\n| Spin attack | Обертова атака | Кругова атака мечем. |\n| Hyrule Kingdom | Королівство Хайрул | Головне королівство у грі, де відбувається дія. |\n| Ordon Woods | Ордонський ліс | Лісова місцевість біля села Ордон. |\n| Ordona Province | Провінція Ордона | Регіон, де знаходиться село Ордон. |\n| Peak Province | Провінція Вершин | Гірський регіон зі снігом. |\n| Desert Province | Пустельна провінція | Регіон з пустелею Герудо. |\n| Fused Shadows | Злиті тіні | Артефакти з небезпечною силою, розшукувані духами світла. |\n| Hidden Skills | Приховані навички | Спеціальні бойові техніки, які можна вивчити у золотого вовка. |\n| Golden Bugs | Золоті жуки | Колекційні комахи золотого кольору, розкидані по світу. |\n| Mansion Map | Карта особняка | Карта, що показує кімнати та поверхи особняка. |\n| Fish Journal | Журнал риболовлі | Записник для відстеження спійманої риби. |\n| Bobber Journal | Журнал поплавця | Записник для риболовлі з поплавцем. |\n| Ordon Catfish | Ордонський сом | Вид риби з околиць Ордона. |\n| Hylian Pike | Хайрульська щука | Вид щуки з вод Хайрулу. |\n| Greengill | Зеленозяброва | Риба із зеленими зябрами. |\n| Hylian Loach | Хайрульський в'юн | Рідкісна риба, важка для ловлі. |\n| Hyrule Bass | Хайрульський окунь | Поширений вид риби в Хайрулі. |\n| Portal | Портал | Магічний прохід, що з'являється після знищення темних створінь. |\n| Hour of twilight | Година сутінків | Особливий час, коли відчуваються духи померлих. |\n| Light spirits | Духи світла | Божественні істоти, що охороняють провінції Хайрулу. |\n| Golden wolf | Золотий вовк | Таємничий вовк, що навчає прихованим навичкам. |\n| Howling stones | Виючі камені | Місця, де можна покликати золотого вовка. |\n| Ordon Spring | Ордонське джерело | Священне джерело духа світла біля села Ордон. |\n| Forest spring | Лісове джерело | Цілюще джерело в лісі з духовною силою. |\n| Transform into wolf | Перетворитися на вовка | Здатність головного героя змінювати форму. |\n| Transform into human | Перетворитися на людину | Повернення до людської форми з вовчої. |\n| Midna | Мідна | Супутниця головного героя з сутінкового світу. |\n| Talo | Тало | Ім'я персонажа, якого було захоплено. Згадується в діалозі на початку. |\n| Colin | Колін | Ім'я персонажа, який розмовляє з головним героєм. Турбується про коня героя. |\n| porcelain horse call | порцеляновий кінський поклик | Предмет-подарунок, який отримує гравець перед подорожжю. |\n| spring | джерело | Місце, куди закликають прийти героя. Пов'язане з духами світла. |\n| shadow | тінь | Темна сила, яка перетворює героя та світ. Протилежність світлу. |\n| Twilight Princess | Сутінкова Принцеса | Титул Мідни. Вона є принцесою сутінкового царства. |\n| king that rules the twilight | король, що править сутінками | Антагоніст, який перетворив Хайрул на світ тіней. |\n| world of shadows | світ тіней | Перетворене царство Хайрул, де панують створіння, що уникають світла. |\n| shadow beasts | тіньові звірі | Створіння темряви, які шукають Мідну по всьому світу. |\n| darkened realm | затемнене царство | Альтернативна назва сутінкового світу, звідки вийшов герой. |\n| four light spirits | чотири духи світла | Божественні істоти, які захищають Хайрул за велінням богів. |\n| Ordona | Ордона | Ім'я одного з чотирьох духів світла, який розмовляє з героєм. |\n| shadow being | тіньова істота | Чорний звір, створіння темряви, яке намагається вкрасти силу світла. |\n| power of light | сила світла | Божественна енергія, якою володіють духи світла. |\n| light | світло | Священна сила, яку вкрали тіньові звірі у духів. |\n| fell beasts | зловісні звірі | Прокляті створіння, які вкрали світло у духів. |\n| netherworld | потойбічний світ | Стан, до якого було зведене королівство під владою темряви. |\n| world of light | світ світла | Нормальний світ, який перебуває під загрозою захоплення королем сутінків. |\n| king of twilight | король сутінків | Правитель темряви, який загрожує всьому світу світла. |\n| three light spirits | три духи світла | Духи в Хайрулі, які втратили своє світло і потребують відродження. |\n| light spirit | дух світла | Божественна істота, чия сила може повернути героєві його справжню форму. |\n| blue-eyed beast | синьоокий звір | Форма, в яку було перетворено героя в царстві тіней. |\n| tear | сльоза | Предмет або сутність, яку потрібно зібрати для відновлення світла. |\n| bow | лук | Зброя дальнього бою, якою гравець цілиться та стріляє стрілами. Використовується для ураження ворогів на відстані. |\n| scarecrow | опудало | Тренувальна ціль для практики стрільби з лука. |\n| reticule | приціл | Червоний маркер на екрані для наведення зброї на ціль. |\n| Princess Zelda | Принцеса Зельда | Головний персонаж серії ігор, принцеса королівства Хайрул. |\n| oil | олія | Паливо для ліхтаря, яке дозволяє безпечно подорожувати вночі. |\n| tears | сльози | Сльози, що пронизують темряву, які потрібно зібрати у Посудину Світла. |\n| Prince Zora | принц Зора | Персонаж, якого рятують у грі. |\n| Faron | Фарон | Один з духів світла, що живуть у Хайрулі. Захищає ліс за наказом богів. |\n| green tunic | зелена туніка | Одяг, що колись належав стародавньому герою, обраному богами. |\n| chosen one | обраний | Герой, обраний богами, в якому прокидаються особливі сили. |\n| dark power | темна сила | Заборонена сила, що знаходиться в храмі глибоко в лісі. |\n| temple | храм | Місце в глибині лісу, де знаходиться заборонена темна сила. |\n| spirits of light | духи світла | Духи, що живуть у Хайрулі та захищають землі за наказом богів. |\n| king of shadows | король тіней | Ворог, силі якого має протистояти герой. |\n| sanctuary | святилище | Безпечне місце, де ховаються люди від чудовиськ. |\n| cellar | підвал | Підземне приміщення, вхід до якого відкривається після запалення всіх свічок. Використовується як укриття. |\n| Fused Shadow | Злита Тінь | Артефакт темної сили, який потрібно знайти. Всього їх три. |\n| Eldin | Елдін | Один із духів світла Хайрулу, що охороняє певні землі. |\n| sacred grounds | священні землі | Святі місця гірських мешканців, осквернені темрявою. |\n| mountain dwellers | гірські мешканці | Племя горонів, що живе в горах. |\n| Luda | Луда | Дочка Ренадо. |\n| mines | шахти | Копальні горонів, куди вони не пускають людей. |\n| spirit | дух | Духовна істота, що може давати поради герою. |\n| Lanayru | Ланайру | Дух світла, що охороняє певні землі Хайрулу. |\n| Sacred Realm | Священне Царство | Землі, де зійшли богині та дарували порядок світу. |\n| goddesses | богині | Божества, що створили порядок у світі та замкнули заборонену силу. |\n| interlopers | чужинці | Ті, хто жив у світлі та володів магією, спричинивши велику битву. |\n| Beth | Бет | Одна з дітей, врятованих героєм. |\n| Barnes | Барнс | Ім'я персонажа, згадане в діалозі. |\n| sorcery | чаклунство | Потужна магія, якою володіли ті, хто намагався захопити Священне Царство. |\n| shaman | шаман | Цілитель у селі Какаріко, який лікує ґоронів та зора. |\n| Zoras | зора | Водний народ. У тексті згадується дитина зора, яка потребує лікування. |\n| dangerous beasts | небезпечні звірі | Загроза на рівнинах по дорозі до Какаріко. |\n| warp | телепортація | Здатність миттєво переміщуватися між локаціями. Доступна у формі вовка. |\n| province | провінція | Регіон або область на карті світу гри. |\n| light world | світлий світ | Те саме, що світ світла - звичайний вимір. |\n| light dwellers | мешканці світла | Жителі звичайного світу Хайрулу. |\n| princess | принцеса | Принцеса Зельда, правителька Хайрулу. |\n| castle | замок | Замок Хайрулу, де утримується принцеса. |\n| ancient wood | стародавній ліс | Давня лісова локація, деховається уламок дзеркала. |\n| sky | небо | Небесна локація, де знаходиться один з уламків. |\n| curtain of twilight | завіса сутінків | Межа між світлом та сутінками, що перетворює на звіра. |\n| evil power | зла сила | Темна магія, відмінна від магії Сутінкового Царства. |\n| blade of evil's bane | клинок прокляття зла | Опис Майстер Меча - зброї проти зла. |\n| ancient sages | стародавні мудреці | Давні мудреці, що створили Майстер Меч. |\n| hero | герой | Головний персонаж, обраний богинями. |\n| spirit's spring | джерело духа | Священне місце, де перебуває дух-охоронець. |\n| shadow magic | магія тіні | Магія племені Сутінкового Царства. |\n| evil magic | зла магія | Темна магія Занта, відмінна від магії тіні. |\n| beast | звір | Форма вовка, в яку перетворюється герой. |\n| wolf | вовк | Звірина форма головного героя. |\n| Lava fusion event | Подія злиття лави | Тимчасова демонстраційна подія, пов'язана з Гірою Смерті. |\n| spirit Eldin | дух Елдін | Один із духів-охоронців Хайрулу. |\n| Twili | Твілі | Народ, що був вигнаний до Сутінкового Царства. |\n| dark insects | темні комахи | Вороги, яких потрібно знищити для збору Сліз Світла. |\n| divine beast | божественний звір | Форма, в якій Герой з'являється у Сутінковому Царстві. |\n| sages | мудреці | Охоронці Дзеркала Сутінків, що служать богиням. |\n| chosen power of the gods | обрана сила богів | Божественна сила, якою був благословлений Ґанондорф. |\n| fragments | уламки | Частини розбитого Дзеркала Сутінків, розкидані по Хайрулу. |\n| curse | прокляття | Темна магія, накладена на Мідну богом Занта. |\n| magic | магія | Надприродна сила, якою володіють Твілі та інші персонажі. |\n| leader of the Twili | лідер Твілі | Титул правителя народу Твілі, який володіє особливою магією. |\n| absolute power | абсолютна влада | Найвища форма сили, дарована богами обраним героям. |\n| sword | меч | Зброя ближнього бою, необхідна для битви. |\n| shield | щит | Захисний предмет, який можна знайти в будинку з водяним колесом. |\n| Spirits of the light | Духи світла | Божественні сутності, що володіють силою світла і допомагають герою. |\n| chosen hero | обраний герой | Головний персонаж, посланий богинями для порятунку світу. |\n| king of light and shadow | король світла і тіні | Титул, який присвоює собі Ганондорф. |\n| Hylian crest | герб Хайліану | Символ королівства Хайрул на щиті. |\n| targets | цілі | Об'єкти або вороги, по яких можна атакувати або спрямовувати предмети. |\n| ancient machine | стародавня машина | Механічний пристрій, створений у давнину, здатний літати. |\n| wall rails | настінні рейки | Спеціальні направляючі на стінах, по яких можна їздити. |\n| iron ball | залізна куля | Велика куля на ланцюзі, яку можна розкрутити для атаки. |\n| Goron treasure | скарб ґоронів | Цінний предмет народу ґоронів, використовуваний стародавнім героєм. |\n| ancient hero | стародавній герой | Легендарний воїн минулого, який використовував особливу зброю. |\n| chain | ланцюг | Металевий ланцюг з гаком на кінці для переміщення. |\n| claw | гак | Кігтеподібний пристрій на кінці ланцюга для зачіплення. |\n| Clawshots | Подвійні гаки | Пара гаків-ланцюгів для переміщення між точками зачіплення. |\n| fuel | паливо | Олія для заправки ліхтаря, без якої він не горітиме. |\n| bobber | поплавець | Частина вудки, яка сигналізує про поклювку. |\n| bait | наживка | Приманка для риби, яку прикріплюють до гачка. |\n| pellet | кулька | Боєприпас для рогатки, можна носити до 50 штук. |\n| servings | порцій | Кількість разів, які можна використати предмет. |\n| Coro's homemade soup | домашній суп Коро | Особливий суп з непередбачуваним ефектом. |\n| Death Mountain hot springwater | гаряча вода з джерела Гори Смерті | Цілюща вода, яка відновлює всі сердця, але охолоджується з часом. |\n| Item Screen | Екран предметів | Меню, де можна керувати інвентарем та створювати спеціальні предмети. |\n| Jovani | Джовані | Персонаж, якому потрібно принести 20 або більше душ По. |\n| Purlo | Пурло | Персонаж, який надсилає листи гравцеві. |\n| Fanadi | Фанаді | Ворожка, яка має свій палац. |\n| Princess Agitha | Принцеса Аґіта | Персонаж, який збирає комах і має свою мрію. |\n| Impaz | Імпаз | Персонаж, який надсилає листи. |\n| Shad | Шад | Персонаж, який надсилає листи гравцеві. |\n| Yeta | Єта | Дружина Єто, яка надсилає листи. |\n| The Postman | Листоноша | Персонаж, який доставляє пошту гравцеві. |\n| bar | бар | Заклад Телми в Місті-Фортеці. Місце зустрічі з союзниками та отримання квестів. |\n| STAR game | гра ЗІРКА | Популярна міні-гра в Хайрулі. Доступна в різних локаціях з новими викликами. |\n| Iza's Rapid Ride | Сплав Ізи | Атракціон зі стрільбою по мішенях на річці. Безкоштовне використання вибухових стріл. |\n| Hena's Fishing Hole | Рибальське Місце Гени | Локація для риболовлі з використанням приманок. Міні-гра для дорослих. |\n| candles | свічки | Джерела світла в святилищі. Запалення свічок може відкрити таємні проходи. |\n| basement | підвал | Нижній поверх будівлі. Вхід може бути прихований і відкривається через механізми. |\n| yeti | йєті | Велика біла істота, що живе в горах. Володіє одним з уламків дзеркала. |\n| Ending Blow | Завершальний удар | Смертельний удар по поваленому ворогу. |\n| Back Slice | Удар у спину | Прийом, що дозволяє обкотитися навколо ворога і атакувати ззаду. |\n| Mortal Draw | Смертельне витягування | Швидка атака мечем з піхов, коли ворог наближається. |\n| Jump Strike | Стрибковий удар | Потужна атака з стрибка при таргетуванні ворога. |\n| Great Spin | Великий вихор | Обертова атака, доступна при повному здоров'ї. |\n| targeting | таргетування / наведення | Механіка фокусування на ворогу під час бою. |\n| reed | очерет / дудка | Предмет, звук якого приваблює певних істот. |\n| boot | чобіт | Сміття, яке можна виловити замість риби. |\n| bag of Rupees | мішечок рупій | Предмет з грошима, який можна знайти під час риболовлі. |\n| sinking lure | тонуча принада | Заборонена приманка для риболовлі, яка добре працює. |\n| skullfish | черепориба | Заборонена риба, яка не додається до журналу. |\n| bombfish | бомбориба | Заборонена риба, яку можна використати як бомбу. |\n| wheel | колесо | Сміття, яке можна виловити замість риби. |\n| empty can | порожня бляшанка | Сміття, яке можна виловити замість риби. |\n| twig | гілочка | Сміття або уламок, який можна виловити. |\n| Zora village | село Зора | Поселення раси Зора у грі. |\n| size record | рекорд розміру | Найбільший розмір зловленої риби певного виду. |\n| shadow creatures | тіньові створіння | Вороже істоти, пов'язані з сутінками, які можуть руйнувати мости та інші об'єкти. |\n| people of the sky | небесний народ | Легендарна раса або група істот, пов'язана з небесами та давніми переказами. |\n| rod of the heavens | небесний жезл | Легендарний предмет, пов'язаний з небесним народом та їхнім посланцем. |\n| messenger of the sky | небесний посланець | Персонаж або істота з легенди, що володіє небесним жезлом. |\n| Sky letters | небесні літери | Стародавня писемність небесного народу, яку важко прочитати. |\n| true power | справжня сила | Прихована здатність героя, яку він ще не відкрив. |\n| light arrows | світлові стріли | Зброя, яку використовують для уповільнення Ганондорфа в бою. |\n| Progress Management | Управління прогресом | Посада або роль у розробці гри, відповідальна за контроль виконання завдань та дотримання термінів. |\n| Supervisors | Супервайзери | Керівники, які наглядають за процесом розробки гри. |\n| Technical Support | Технічна підтримка | Команда, що надає технічну допомогу під час розробки. |\n| Debug | Налагодження | Процес пошуку та виправлення помилок у грі. |\n| Super Mario Club | Super Mario Club | Внутрішня тестова група Nintendo, що спеціалізується на тестуванні ігор. |\n| Programming Support | Підтримка програмування | Команда програмістів, що надає допомогу в розробці коду гри. |\n| Programming Support Group | Група підтримки програмування | Відділ або команда, що допомагає з програмуванням. |\n| Localization Management | Управління локалізацією | Керівництво процесом адаптації гри для різних мов та регіонів. |\n| Localization | Локалізація | Процес перекладу та адаптації гри для різних мов і культур. |\n| Product Testing | Тестування продукту | Процес перевірки гри на помилки та проблеми перед випуском. |\n| Special Thanks | Особлива подяка | Розділ титрів, де дякують людям, які допомогли у створенні гри. |\n| Producer | Продюсер | Головна особа, відповідальна за загальне керівництво проектом. |\n| Executive Producer | Виконавчий продюсер | Найвища керівна посада в проекті, що контролює всі аспекти розробки. |\n| SRD | SRD | Компанія Systems Research & Development, партнер Nintendo у розробці ігор. |\n| The End | Кінець | Фінальний напис, що з'являється після завершення гри або титрів. |"
  },
  {
    "role": "user",
    "content": "Game: Zelda: Twilight Princess BMG\nBlock: zel_00 (#0)\nRow: #0\nMode: translation variations\n\nTranslate the text into Ukrainian without altering the meaning.\nKeep exactly 1 lines (including empty ones) and preserve their order.\nUse the provided glossary to translate terms. All other tags must be preserved exactly as they appear.\nThe glossary has absolute priority.\nDo not add explanations or meta text; return only the translation.\n\nInput text:\n\nChecking Memory Card in Slot A..."
  }
]
--- RESPONSE RECEIVED ---
Перевірка карти пам'яті у слоті A...
============================================================

==================== 2026-05-23 18:59:23.892 ====================
Task Type: chat_message
--- MESSAGES SENT ---
[
  {
    "role": "user"
  }
]
============================================================

==================== 2026-05-23 18:59:23.892 ====================
Task Type: chat_message
--- MESSAGES SENT ---
[
  {
    "role": "user"
  }
]
--- RESPONSE RECEIVED ---
response
============================================================

==================== 2026-05-23 18:59:24.650 ====================
Task Type: build_glossary
--- MESSAGES SENT ---
[
  {
    "role": "system",
    "content": ""
  },
  {
    "role": "user",
    "content": "chunk1"
  }
]
============================================================

==================== 2026-05-23 18:59:24.651 ====================
Task Type: build_glossary
--- MESSAGES SENT ---
[
  {
    "role": "system",
    "content": ""
  },
  {
    "role": "user",
    "content": "chunk1"
  }
]
--- RESPONSE RECEIVED ---
```json
[{"term": "test"}]
```
============================================================

==================== 2026-05-23 18:59:25.416 ====================
Task Type: translate_block_chunked
--- MESSAGES SENT ---
[
  {
    "role": "system",
    "content": "sys"
  },
  {
    "role": "user",
    "content": "user"
  }
]
============================================================

==================== 2026-05-23 18:59:25.416 ====================
Task Type: translate_block_chunked
--- MESSAGES SENT ---
[
  {
    "role": "system",
    "content": "sys"
  },
  {
    "role": "user",
    "content": "user"
  }
]
--- RESPONSE RECEIVED ---
{"translated_strings": ["TransA"]}
============================================================

==================== 2026-05-23 18:59:26.956 ====================
Task Type: chat_message_stream
--- MESSAGES SENT ---
[
  {
    "role": "user",
    "content": "hi"
  }
]
============================================================

==================== 2026-05-23 18:59:26.956 ====================
Task Type: chat_message_stream
--- MESSAGES SENT ---
[
  {
    "role": "user",
    "content": "hi"
  }
]
--- RESPONSE RECEIVED ---
response
============================================================

==================== 2026-05-23 19:11:59.695 ====================
Task Type: chat_message
--- MESSAGES SENT ---
[
  {
    "role": "user"
  }
]
============================================================

==================== 2026-05-23 19:11:59.695 ====================
Task Type: chat_message
--- MESSAGES SENT ---
[
  {
    "role": "user"
  }
]
--- RESPONSE RECEIVED ---
response
============================================================

==================== 2026-05-23 19:12:00.447 ====================
Task Type: build_glossary
--- MESSAGES SENT ---
[
  {
    "role": "system",
    "content": ""
  },
  {
    "role": "user",
    "content": "chunk1"
  }
]
============================================================

==================== 2026-05-23 19:12:00.447 ====================
Task Type: build_glossary
--- MESSAGES SENT ---
[
  {
    "role": "system",
    "content": ""
  },
  {
    "role": "user",
    "content": "chunk1"
  }
]
--- RESPONSE RECEIVED ---
```json
[{"term": "test"}]
```
============================================================

==================== 2026-05-23 19:12:01.202 ====================
Task Type: translate_block_chunked
--- MESSAGES SENT ---
[
  {
    "role": "system",
    "content": "sys"
  },
  {
    "role": "user",
    "content": "user"
  }
]
============================================================

==================== 2026-05-23 19:12:01.203 ====================
Task Type: translate_block_chunked
--- MESSAGES SENT ---
[
  {
    "role": "system",
    "content": "sys"
  },
  {
    "role": "user",
    "content": "user"
  }
]
--- RESPONSE RECEIVED ---
{"translated_strings": ["TransA"]}
============================================================

==================== 2026-05-23 19:12:02.702 ====================
Task Type: chat_message_stream
--- MESSAGES SENT ---
[
  {
    "role": "user",
    "content": "hi"
  }
]
============================================================

==================== 2026-05-23 19:12:02.702 ====================
Task Type: chat_message_stream
--- MESSAGES SENT ---
[
  {
    "role": "user",
    "content": "hi"
  }
]
--- RESPONSE RECEIVED ---
response
============================================================

==================== 2026-05-23 19:48:00.803 ====================
Task Type: chat_message
--- MESSAGES SENT ---
[
  {
    "role": "user"
  }
]
============================================================

==================== 2026-05-23 19:48:00.803 ====================
Task Type: chat_message
--- MESSAGES SENT ---
[
  {
    "role": "user"
  }
]
--- RESPONSE RECEIVED ---
response
============================================================

==================== 2026-05-23 19:48:01.565 ====================
Task Type: build_glossary
--- MESSAGES SENT ---
[
  {
    "role": "system",
    "content": ""
  },
  {
    "role": "user",
    "content": "chunk1"
  }
]
============================================================

==================== 2026-05-23 19:48:01.565 ====================
Task Type: build_glossary
--- MESSAGES SENT ---
[
  {
    "role": "system",
    "content": ""
  },
  {
    "role": "user",
    "content": "chunk1"
  }
]
--- RESPONSE RECEIVED ---
```json
[{"term": "test"}]
```
============================================================

==================== 2026-05-23 19:48:02.322 ====================
Task Type: translate_block_chunked
--- MESSAGES SENT ---
[
  {
    "role": "system",
    "content": "sys"
  },
  {
    "role": "user",
    "content": "user"
  }
]
============================================================

==================== 2026-05-23 19:48:02.322 ====================
Task Type: translate_block_chunked
--- MESSAGES SENT ---
[
  {
    "role": "system",
    "content": "sys"
  },
  {
    "role": "user",
    "content": "user"
  }
]
--- RESPONSE RECEIVED ---
{"translated_strings": ["TransA"]}
============================================================

==================== 2026-05-23 19:48:03.841 ====================
Task Type: chat_message_stream
--- MESSAGES SENT ---
[
  {
    "role": "user",
    "content": "hi"
  }
]
============================================================

==================== 2026-05-23 19:48:03.841 ====================
Task Type: chat_message_stream
--- MESSAGES SENT ---
[
  {
    "role": "user",
    "content": "hi"
  }
]
--- RESPONSE RECEIVED ---
response
============================================================

==================== 2026-05-23 20:34:00.922 ====================
Task Type: chat_message
--- MESSAGES SENT ---
[
  {
    "role": "user"
  }
]
============================================================

==================== 2026-05-23 20:34:00.923 ====================
Task Type: chat_message
--- MESSAGES SENT ---
[
  {
    "role": "user"
  }
]
--- RESPONSE RECEIVED ---
response
============================================================

==================== 2026-05-23 20:34:01.692 ====================
Task Type: build_glossary
--- MESSAGES SENT ---
[
  {
    "role": "system",
    "content": ""
  },
  {
    "role": "user",
    "content": "chunk1"
  }
]
============================================================

==================== 2026-05-23 20:34:01.692 ====================
Task Type: build_glossary
--- MESSAGES SENT ---
[
  {
    "role": "system",
    "content": ""
  },
  {
    "role": "user",
    "content": "chunk1"
  }
]
--- RESPONSE RECEIVED ---
```json
[{"term": "test"}]
```
============================================================

==================== 2026-05-23 20:34:02.441 ====================
Task Type: translate_block_chunked
--- MESSAGES SENT ---
[
  {
    "role": "system",
    "content": "sys"
  },
  {
    "role": "user",
    "content": "user"
  }
]
============================================================

==================== 2026-05-23 20:34:02.441 ====================
Task Type: translate_block_chunked
--- MESSAGES SENT ---
[
  {
    "role": "system",
    "content": "sys"
  },
  {
    "role": "user",
    "content": "user"
  }
]
--- RESPONSE RECEIVED ---
{"translated_strings": ["TransA"]}
============================================================

==================== 2026-05-23 20:34:03.947 ====================
Task Type: chat_message_stream
--- MESSAGES SENT ---
[
  {
    "role": "user",
    "content": "hi"
  }
]
============================================================

==================== 2026-05-23 20:34:03.947 ====================
Task Type: chat_message_stream
--- MESSAGES SENT ---
[
  {
    "role": "user",
    "content": "hi"
  }
]
--- RESPONSE RECEIVED ---
response
============================================================

==================== 2026-05-24 11:42:06.554 ====================
Task Type: chat_message
--- MESSAGES SENT ---
[
  {
    "role": "user"
  }
]
============================================================

==================== 2026-05-24 11:42:06.556 ====================
Task Type: chat_message
--- MESSAGES SENT ---
[
  {
    "role": "user"
  }
]
--- RESPONSE RECEIVED ---
response
============================================================

==================== 2026-05-24 11:42:07.312 ====================
Task Type: build_glossary
--- MESSAGES SENT ---
[
  {
    "role": "system",
    "content": ""
  },
  {
    "role": "user",
    "content": "chunk1"
  }
]
============================================================

==================== 2026-05-24 11:42:07.313 ====================
Task Type: build_glossary
--- MESSAGES SENT ---
[
  {
    "role": "system",
    "content": ""
  },
  {
    "role": "user",
    "content": "chunk1"
  }
]
--- RESPONSE RECEIVED ---
```json
[{"term": "test"}]
```
============================================================

==================== 2026-05-24 11:42:08.067 ====================
Task Type: translate_block_chunked
--- MESSAGES SENT ---
[
  {
    "role": "system",
    "content": "sys"
  },
  {
    "role": "user",
    "content": "user"
  }
]
============================================================

==================== 2026-05-24 11:42:08.068 ====================
Task Type: translate_block_chunked
--- MESSAGES SENT ---
[
  {
    "role": "system",
    "content": "sys"
  },
  {
    "role": "user",
    "content": "user"
  }
]
--- RESPONSE RECEIVED ---
{"translated_strings": ["TransA"]}
============================================================

==================== 2026-05-24 11:42:09.609 ====================
Task Type: chat_message_stream
--- MESSAGES SENT ---
[
  {
    "role": "user",
    "content": "hi"
  }
]
============================================================

==================== 2026-05-24 11:42:09.609 ====================
Task Type: chat_message_stream
--- MESSAGES SENT ---
[
  {
    "role": "user",
    "content": "hi"
  }
]
--- RESPONSE RECEIVED ---
response
============================================================

==================== 2026-05-24 11:48:45.501 ====================
Task Type: chat_message
--- MESSAGES SENT ---
[
  {
    "role": "user"
  }
]
============================================================

==================== 2026-05-24 11:48:45.501 ====================
Task Type: chat_message
--- MESSAGES SENT ---
[
  {
    "role": "user"
  }
]
--- RESPONSE RECEIVED ---
response
============================================================

==================== 2026-05-24 11:48:46.335 ====================
Task Type: build_glossary
--- MESSAGES SENT ---
[
  {
    "role": "system",
    "content": ""
  },
  {
    "role": "user",
    "content": "chunk1"
  }
]
============================================================

==================== 2026-05-24 11:48:46.335 ====================
Task Type: build_glossary
--- MESSAGES SENT ---
[
  {
    "role": "system",
    "content": ""
  },
  {
    "role": "user",
    "content": "chunk1"
  }
]
--- RESPONSE RECEIVED ---
```json
[{"term": "test"}]
```
============================================================

==================== 2026-05-24 11:48:47.167 ====================
Task Type: translate_block_chunked
--- MESSAGES SENT ---
[
  {
    "role": "system",
    "content": "sys"
  },
  {
    "role": "user",
    "content": "user"
  }
]
============================================================

==================== 2026-05-24 11:48:47.167 ====================
Task Type: translate_block_chunked
--- MESSAGES SENT ---
[
  {
    "role": "system",
    "content": "sys"
  },
  {
    "role": "user",
    "content": "user"
  }
]
--- RESPONSE RECEIVED ---
{"translated_strings": ["TransA"]}
============================================================

==================== 2026-05-24 11:48:48.852 ====================
Task Type: chat_message_stream
--- MESSAGES SENT ---
[
  {
    "role": "user",
    "content": "hi"
  }
]
============================================================

==================== 2026-05-24 11:48:48.852 ====================
Task Type: chat_message_stream
--- MESSAGES SENT ---
[
  {
    "role": "user",
    "content": "hi"
  }
]
--- RESPONSE RECEIVED ---
response
============================================================

==================== 2026-05-24 13:30:30.051 ====================
Task Type: chat_message
--- MESSAGES SENT ---
[
  {
    "role": "user"
  }
]
============================================================

==================== 2026-05-24 13:30:30.051 ====================
Task Type: chat_message
--- MESSAGES SENT ---
[
  {
    "role": "user"
  }
]
--- RESPONSE RECEIVED ---
response
============================================================

==================== 2026-05-24 13:30:30.907 ====================
Task Type: build_glossary
--- MESSAGES SENT ---
[
  {
    "role": "system",
    "content": ""
  },
  {
    "role": "user",
    "content": "chunk1"
  }
]
============================================================

==================== 2026-05-24 13:30:30.908 ====================
Task Type: build_glossary
--- MESSAGES SENT ---
[
  {
    "role": "system",
    "content": ""
  },
  {
    "role": "user",
    "content": "chunk1"
  }
]
--- RESPONSE RECEIVED ---
```json
[{"term": "test"}]
```
============================================================

==================== 2026-05-24 13:30:31.696 ====================
Task Type: translate_block_chunked
--- MESSAGES SENT ---
[
  {
    "role": "system",
    "content": "sys"
  },
  {
    "role": "user",
    "content": "user"
  }
]
============================================================

==================== 2026-05-24 13:30:31.696 ====================
Task Type: translate_block_chunked
--- MESSAGES SENT ---
[
  {
    "role": "system",
    "content": "sys"
  },
  {
    "role": "user",
    "content": "user"
  }
]
--- RESPONSE RECEIVED ---
{"translated_strings": ["TransA"]}
============================================================

==================== 2026-05-24 13:30:33.283 ====================
Task Type: chat_message_stream
--- MESSAGES SENT ---
[
  {
    "role": "user",
    "content": "hi"
  }
]
============================================================

==================== 2026-05-24 13:30:33.283 ====================
Task Type: chat_message_stream
--- MESSAGES SENT ---
[
  {
    "role": "user",
    "content": "hi"
  }
]
--- RESPONSE RECEIVED ---
response
============================================================

==================== 2026-05-24 14:23:59.307 ====================
Task Type: chat_message
--- MESSAGES SENT ---
[
  {
    "role": "user"
  }
]
============================================================

==================== 2026-05-24 14:23:59.307 ====================
Task Type: chat_message
--- MESSAGES SENT ---
[
  {
    "role": "user"
  }
]
--- RESPONSE RECEIVED ---
response
============================================================

==================== 2026-05-24 14:24:00.057 ====================
Task Type: build_glossary
--- MESSAGES SENT ---
[
  {
    "role": "system",
    "content": ""
  },
  {
    "role": "user",
    "content": "chunk1"
  }
]
============================================================

==================== 2026-05-24 14:24:00.057 ====================
Task Type: build_glossary
--- MESSAGES SENT ---
[
  {
    "role": "system",
    "content": ""
  },
  {
    "role": "user",
    "content": "chunk1"
  }
]
--- RESPONSE RECEIVED ---
```json
[{"term": "test"}]
```
============================================================

==================== 2026-05-24 14:24:00.828 ====================
Task Type: translate_block_chunked
--- MESSAGES SENT ---
[
  {
    "role": "system",
    "content": "sys"
  },
  {
    "role": "user",
    "content": "user"
  }
]
============================================================

==================== 2026-05-24 14:24:00.828 ====================
Task Type: translate_block_chunked
--- MESSAGES SENT ---
[
  {
    "role": "system",
    "content": "sys"
  },
  {
    "role": "user",
    "content": "user"
  }
]
--- RESPONSE RECEIVED ---
{"translated_strings": ["TransA"]}
============================================================

==================== 2026-05-24 14:24:02.383 ====================
Task Type: chat_message_stream
--- MESSAGES SENT ---
[
  {
    "role": "user",
    "content": "hi"
  }
]
============================================================

==================== 2026-05-24 14:24:02.383 ====================
Task Type: chat_message_stream
--- MESSAGES SENT ---
[
  {
    "role": "user",
    "content": "hi"
  }
]
--- RESPONSE RECEIVED ---
response
============================================================

==================== 2026-05-24 14:41:27.597 ====================
Task Type: chat_message
--- MESSAGES SENT ---
[
  {
    "role": "user"
  }
]
============================================================

==================== 2026-05-24 14:41:27.598 ====================
Task Type: chat_message
--- MESSAGES SENT ---
[
  {
    "role": "user"
  }
]
--- RESPONSE RECEIVED ---
response
============================================================

==================== 2026-05-24 14:41:28.352 ====================
Task Type: build_glossary
--- MESSAGES SENT ---
[
  {
    "role": "system",
    "content": ""
  },
  {
    "role": "user",
    "content": "chunk1"
  }
]
============================================================

==================== 2026-05-24 14:41:28.352 ====================
Task Type: build_glossary
--- MESSAGES SENT ---
[
  {
    "role": "system",
    "content": ""
  },
  {
    "role": "user",
    "content": "chunk1"
  }
]
--- RESPONSE RECEIVED ---
```json
[{"term": "test"}]
```
============================================================

==================== 2026-05-24 14:41:29.100 ====================
Task Type: translate_block_chunked
--- MESSAGES SENT ---
[
  {
    "role": "system",
    "content": "sys"
  },
  {
    "role": "user",
    "content": "user"
  }
]
============================================================

==================== 2026-05-24 14:41:29.100 ====================
Task Type: translate_block_chunked
--- MESSAGES SENT ---
[
  {
    "role": "system",
    "content": "sys"
  },
  {
    "role": "user",
    "content": "user"
  }
]
--- RESPONSE RECEIVED ---
{"translated_strings": ["TransA"]}
============================================================

==================== 2026-05-24 14:41:30.592 ====================
Task Type: chat_message_stream
--- MESSAGES SENT ---
[
  {
    "role": "user",
    "content": "hi"
  }
]
============================================================

==================== 2026-05-24 14:41:30.592 ====================
Task Type: chat_message_stream
--- MESSAGES SENT ---
[
  {
    "role": "user",
    "content": "hi"
  }
]
--- RESPONSE RECEIVED ---
response
============================================================

==================== 2026-05-24 14:55:50.001 ====================
Task Type: chat_message
--- MESSAGES SENT ---
[
  {
    "role": "user"
  }
]
============================================================

==================== 2026-05-24 14:55:50.001 ====================
Task Type: chat_message
--- MESSAGES SENT ---
[
  {
    "role": "user"
  }
]
--- RESPONSE RECEIVED ---
response
============================================================

==================== 2026-05-24 14:55:50.772 ====================
Task Type: build_glossary
--- MESSAGES SENT ---
[
  {
    "role": "system",
    "content": ""
  },
  {
    "role": "user",
    "content": "chunk1"
  }
]
============================================================

==================== 2026-05-24 14:55:50.772 ====================
Task Type: build_glossary
--- MESSAGES SENT ---
[
  {
    "role": "system",
    "content": ""
  },
  {
    "role": "user",
    "content": "chunk1"
  }
]
--- RESPONSE RECEIVED ---
```json
[{"term": "test"}]
```
============================================================

==================== 2026-05-24 14:55:51.534 ====================
Task Type: translate_block_chunked
--- MESSAGES SENT ---
[
  {
    "role": "system",
    "content": "sys"
  },
  {
    "role": "user",
    "content": "user"
  }
]
============================================================

==================== 2026-05-24 14:55:51.534 ====================
Task Type: translate_block_chunked
--- MESSAGES SENT ---
[
  {
    "role": "system",
    "content": "sys"
  },
  {
    "role": "user",
    "content": "user"
  }
]
--- RESPONSE RECEIVED ---
{"translated_strings": ["TransA"]}
============================================================

==================== 2026-05-24 14:55:53.062 ====================
Task Type: chat_message_stream
--- MESSAGES SENT ---
[
  {
    "role": "user",
    "content": "hi"
  }
]
============================================================

==================== 2026-05-24 14:55:53.062 ====================
Task Type: chat_message_stream
--- MESSAGES SENT ---
[
  {
    "role": "user",
    "content": "hi"
  }
]
--- RESPONSE RECEIVED ---
response
============================================================

==================== 2026-05-24 16:37:03.226 ====================
Task Type: chat_message
--- MESSAGES SENT ---
[
  {
    "role": "user"
  }
]
============================================================

==================== 2026-05-24 16:37:03.226 ====================
Task Type: chat_message
--- MESSAGES SENT ---
[
  {
    "role": "user"
  }
]
--- RESPONSE RECEIVED ---
response
============================================================

==================== 2026-05-24 16:37:04.074 ====================
Task Type: build_glossary
--- MESSAGES SENT ---
[
  {
    "role": "system",
    "content": ""
  },
  {
    "role": "user",
    "content": "chunk1"
  }
]
============================================================

==================== 2026-05-24 16:37:04.075 ====================
Task Type: build_glossary
--- MESSAGES SENT ---
[
  {
    "role": "system",
    "content": ""
  },
  {
    "role": "user",
    "content": "chunk1"
  }
]
--- RESPONSE RECEIVED ---
```json
[{"term": "test"}]
```
============================================================

==================== 2026-05-24 16:37:04.934 ====================
Task Type: translate_block_chunked
--- MESSAGES SENT ---
[
  {
    "role": "system",
    "content": "sys"
  },
  {
    "role": "user",
    "content": "user"
  }
]
============================================================

==================== 2026-05-24 16:37:04.934 ====================
Task Type: translate_block_chunked
--- MESSAGES SENT ---
[
  {
    "role": "system",
    "content": "sys"
  },
  {
    "role": "user",
    "content": "user"
  }
]
--- RESPONSE RECEIVED ---
{"translated_strings": ["TransA"]}
============================================================

==================== 2026-05-24 16:37:06.626 ====================
Task Type: chat_message_stream
--- MESSAGES SENT ---
[
  {
    "role": "user",
    "content": "hi"
  }
]
============================================================

==================== 2026-05-24 16:37:06.626 ====================
Task Type: chat_message_stream
--- MESSAGES SENT ---
[
  {
    "role": "user",
    "content": "hi"
  }
]
--- RESPONSE RECEIVED ---
response
============================================================

==================== 2026-05-24 16:40:18.445 ====================
Task Type: chat_message
--- MESSAGES SENT ---
[
  {
    "role": "user"
  }
]
============================================================

==================== 2026-05-24 16:40:18.446 ====================
Task Type: chat_message
--- MESSAGES SENT ---
[
  {
    "role": "user"
  }
]
--- RESPONSE RECEIVED ---
response
============================================================

==================== 2026-05-24 16:40:19.206 ====================
Task Type: build_glossary
--- MESSAGES SENT ---
[
  {
    "role": "system",
    "content": ""
  },
  {
    "role": "user",
    "content": "chunk1"
  }
]
============================================================

==================== 2026-05-24 16:40:19.206 ====================
Task Type: build_glossary
--- MESSAGES SENT ---
[
  {
    "role": "system",
    "content": ""
  },
  {
    "role": "user",
    "content": "chunk1"
  }
]
--- RESPONSE RECEIVED ---
```json
[{"term": "test"}]
```
============================================================

==================== 2026-05-24 16:40:19.973 ====================
Task Type: translate_block_chunked
--- MESSAGES SENT ---
[
  {
    "role": "system",
    "content": "sys"
  },
  {
    "role": "user",
    "content": "user"
  }
]
============================================================

==================== 2026-05-24 16:40:19.973 ====================
Task Type: translate_block_chunked
--- MESSAGES SENT ---
[
  {
    "role": "system",
    "content": "sys"
  },
  {
    "role": "user",
    "content": "user"
  }
]
--- RESPONSE RECEIVED ---
{"translated_strings": ["TransA"]}
============================================================

==================== 2026-05-24 16:40:21.530 ====================
Task Type: chat_message_stream
--- MESSAGES SENT ---
[
  {
    "role": "user",
    "content": "hi"
  }
]
============================================================

==================== 2026-05-24 16:40:21.530 ====================
Task Type: chat_message_stream
--- MESSAGES SENT ---
[
  {
    "role": "user",
    "content": "hi"
  }
]
--- RESPONSE RECEIVED ---
response
============================================================

==================== 2026-05-24 20:34:26.607 ====================
Task Type: translate_preview
--- MESSAGES SENT ---
[
  {
    "role": "system",
    "content": "# System Prompt for the Translator\n\nYou are a professional video game localizer. When translating into Ukrainian, always adhere to the following requirements:\n\n1. **Crucial Rule: Treat multi-line text as a single thought.** Text with newlines (`\\n`) is one continuous sentence or phrase. The translation must flow naturally across the lines. **Example:** `Southern\\nFairy Island` is a single place name and must be translated as a single grammatical unit, like `Південний\\nОстрів Фей`, not `Південний\\nФея Острів`.\n2. **Maintain precise meaning:** Do not invent details or omit information.\n3. **Do not change tags:** All tags (`{...}`, `[...]`, etc.) and service symbols (`\\n`) must be copied into the translation without any changes, in the same position and with the same case.\n4. **Do not translate tag content:** The text inside tags (e.g., `Color:Red` in `[Color:Red]`) is a command and must not be translated. `[Color:Red]` is correct; `[Колір:Червоний]` is **incorrect**.\n5. **Use the glossary:** The glossary has the highest priority. If an entry is missing, choose a translation that preserves established franchise names.\n6. **Adhere to the style:** The style, tone, and level of formality must match the original work. If no context is provided, use a neutral professional style.\n7. **Adhere to the format:** The number of lines, spaces, and punctuation marks within a line must match the original; do not merge or split lines.\n8. **Do not add anything extra:** Return only the final translated text without comments, explanations, or decorative symbols.\n\nFollow these instructions for every translation, regardless of the text's length or complexity.\n\nIMPORTANT: All text chunks you receive in a single request are part of a larger, cohesive block of text. Ensure your translations are consistent in style, tone, and terminology across all chunks."
  },
  {
    "role": "user",
    "content": "Game: Zelda: Twilight Princess BMG\nMode: lines 1512-1525\nBlock: zel_00 (#0)\n\nINSTRUCTIONS:\n- Translate the \"text\" field for each object in the \"strings_to_translate\" array into Ukrainian.\n- Use \"context_before\", \"context_after\", and \"relevant_glossary\" to maintain consistency.\n- Return a single, valid JSON object with a \"translated_strings\" key.\n- The value of \"translated_strings\" must be an array of objects.\n- Each object in the returned array must have the original \"id\" (integer) and a \"translation\" (string) field.\n- The number of objects in the \"translated_strings\" array must exactly match the number of objects provided in the input array.\n- Follow the rules from the system prompt regarding tags and glossary.\n- Do not add any explanations or text outside the JSON object.\n\nJSON DATA TO PROCESS:\n{\n  \"strings_to_translate\": [\n    {\n      \"id\": 1511,\n      \"text\": \"Tell me... Do you ever feel a\\nstrange sadness as dusk falls?\",\n      \"context_before\": \"\",\n      \"context_after\": \"They say it's the only time when\\nour world intersects with theirs...\",\n      \"relevant_glossary\": \"\"\n    },\n    {\n      \"id\": 1512,\n      \"text\": \"They say it's the only time when\\nour world intersects with theirs...\",\n      \"context_before\": \"Tell me... Do you ever feel a\\nstrange sadness as dusk falls?\",\n      \"context_after\": \"...The only time we can feel the\\nlingering regrets of spirits who\\nhave left our world.\",\n      \"relevant_glossary\": \"\"\n    },\n    {\n      \"id\": 1513,\n      \"text\": \"...The only time we can feel the\\nlingering regrets of spirits who\\nhave left our world.\",\n      \"context_before\": \"They say it's the only time when\\nour world intersects with theirs...\",\n      \"context_after\": \"That is why loneliness always\\npervades the {escape:255:000001}hour of twilight{escape:255:000000}...\",\n      \"relevant_glossary\": \"| Original | Translation | Notes |\\n|---|---|---|\\n| Hour of twilight | Година сутінків | Особливий час, коли відчуваються духи померлих. |\\n| twilight | сутінки | Темрява або тіньовий стан, який покриває певні локації у грі. |\"\n    },\n    {\n      \"id\": 1514,\n      \"text\": \"That is why loneliness always\\npervades the {escape:255:000001}hour of twilight{escape:255:000000}...\",\n      \"context_before\": \"...The only time we can feel the\\nlingering regrets of spirits who\\nhave left our world.\",\n      \"context_after\": \"But enough talk of sadness...\\nI have a favor to ask of you,\\n{escape:0:0000}.\",\n      \"relevant_glossary\": \"| Original | Translation | Notes |\\n|---|---|---|\\n| Hour of twilight | Година сутінків | Особливий час, коли відчуваються духи померлих. |\\n| twilight | сутінки | Темрява або тіньовий стан, який покриває певні локації у грі. |\"\n    },\n    {\n      \"id\": 1515,\n      \"text\": \"But enough talk of sadness...\\nI have a favor to ask of you,\\n{escape:0:0000}.\",\n      \"context_before\": \"That is why loneliness always\\npervades the {escape:255:000001}hour of twilight{escape:255:000000}...\",\n      \"context_after\": \"I was supposed to deliver\\nsomething to the royal family of\\nHyrule the day after tomorrow...\",\n      \"relevant_glossary\": \"| Original | Translation | Notes |\\n|---|---|---|\\n| Hour of twilight | Година сутінків | Особливий час, коли відчуваються духи померлих. |\\n| twilight | сутінки | Темрява або тіньовий стан, який покриває певні локації у грі. |\\n| Hyrule | Хайрул | Королівство, де відбуваються події гри. |\"\n    },\n    {\n      \"id\": 1516,\n      \"text\": \"I was supposed to deliver\\nsomething to the royal family of\\nHyrule the day after tomorrow...\",\n      \"context_before\": \"But enough talk of sadness...\\nI have a favor to ask of you,\\n{escape:0:0000}.\",\n      \"context_after\": \"Yes, it was a task set to me by the\\nmayor, but...{escape:0:0007002d}would you go in my\\nstead?\",\n      \"relevant_glossary\": \"| Original | Translation | Notes |\\n|---|---|---|\\n| Hyrule | Хайрул | Королівство, де відбуваються події гри. |\"\n    },\n    {\n      \"id\": 1517,\n      \"text\": \"Yes, it was a task set to me by the\\nmayor, but...{escape:0:0007002d}would you go in my\\nstead?\",\n      \"context_before\": \"I was supposed to deliver\\nsomething to the royal family of\\nHyrule the day after tomorrow...\",\n      \"context_after\": \"You have...{escape:0:0007003c}never been to Hyrule,\\nright?\",\n      \"relevant_glossary\": \"| Original | Translation | Notes |\\n|---|---|---|\\n| Hyrule | Хайрул | Королівство, де відбуваються події гри. |\"\n    },\n    {\n      \"id\": 1518,\n      \"text\": \"You have...{escape:0:0007003c}never been to Hyrule,\\nright?\",\n      \"context_before\": \"Yes, it was a task set to me by the\\nmayor, but...{escape:0:0007002d}would you go in my\\nstead?\",\n      \"context_after\": \"In the {escape:255:000001}kingdom of Hyrule {escape:255:000000}there is a\\ngreat {escape:255:000001}castle{escape:255:000000}, and around it is Castle\\nTown, a community far bigger than\\nour little village.\\n...And far bigger than Hyrule is the\\nrest of the world the gods created.\\n\\n\\nYou should look upon it all with\\nyour own eyes.\",\n      \"relevant_glossary\": \"| Original | Translation | Notes |\\n|---|---|---|\\n| Hyrule | Хайрул | Королівство, де відбуваються події гри. |\\n| castle | замок | Замок Хайрулу, де утримується принцеса. |\\n| Castle Town | Замкове Місто | Головне місто в грі, розташоване біля замку. |\"\n    },\n    {\n      \"id\": 1519,\n      \"text\": \"In the {escape:255:000001}kingdom of Hyrule {escape:255:000000}there is a\\ngreat {escape:255:000001}castle{escape:255:000000}, and around it is Castle\\nTown, a community far bigger than\\nour little village.\\n...And far bigger than Hyrule is the\\nrest of the world the gods created.\\n\\n\\nYou should look upon it all with\\nyour own eyes.\",\n      \"context_before\": \"You have...{escape:0:0007003c}never been to Hyrule,\\nright?\",\n      \"context_after\": \"It is getting late... We should head\\nback to the village. I will talk to the\\nmayor about this matter.\",\n      \"relevant_glossary\": \"| Original | Translation | Notes |\\n|---|---|---|\\n| Hyrule | Хайрул | Королівство, де відбуваються події гри. |\\n| castle | замок | Замок Хайрулу, де утримується принцеса. |\\n| Castle Town | Замкове Місто | Головне місто в грі, розташоване біля замку. |\"\n    },\n    {\n      \"id\": 1520,\n      \"text\": \"It is getting late... We should head\\nback to the village. I will talk to the\\nmayor about this matter.\",\n      \"context_before\": \"In the {escape:255:000001}kingdom of Hyrule {escape:255:000000}there is a\\ngreat {escape:255:000001}castle{escape:255:000000}, and around it is Castle\\nTown, a community far bigger than\\nour little village.\\n...And far bigger than Hyrule is the\\nrest of the world the gods created.\\n\\n\\nYou should look upon it all with\\nyour own eyes.\",\n      \"context_after\": \"Hey! {escape:0:0000}! {escape:0:0007001e}You there?\",\n      \"relevant_glossary\": \"| Original | Translation | Notes |\\n|---|---|---|\\n| Hyrule | Хайрул | Королівство, де відбуваються події гри. |\\n| castle | замок | Замок Хайрулу, де утримується принцеса. |\\n| Castle Town | Замкове Місто | Головне місто в грі, розташоване біля замку. |\"\n    },\n    {\n      \"id\": 1521,\n      \"text\": \"Hey! {escape:0:0000}! {escape:0:0007001e}You there?\",\n      \"context_before\": \"It is getting late... We should head\\nback to the village. I will talk to the\\nmayor about this matter.\",\n      \"context_after\": \"Hey, you mind helpin' me herd the\\ngoats?\",\n      \"relevant_glossary\": \"\"\n    },\n    {\n      \"id\": 1522,\n      \"text\": \"Hey, you mind helpin' me herd the\\ngoats?\",\n      \"context_before\": \"Hey! {escape:0:0000}! {escape:0:0007001e}You there?\",\n      \"context_after\": \"Don't you think you should leave\\ntown for a while? I mean, at least\\nuntil the uproar settles? THEN you\\ncould come back...\",\n      \"relevant_glossary\": \"\"\n    },\n    {\n      \"id\": 1523,\n      \"text\": \"Don't you think you should leave\\ntown for a while? I mean, at least\\nuntil the uproar settles? THEN you\\ncould come back...\",\n      \"context_before\": \"Hey, you mind helpin' me herd the\\ngoats?\",\n      \"context_after\": \"With sword in hand, return to me...\",\n      \"relevant_glossary\": \"| Original | Translation | Notes |\\n|---|---|---|\\n| sword | меч | Зброя ближнього бою, необхідна для битви. |\"\n    },\n    {\n      \"id\": 1524,\n      \"text\": \"With sword in hand, return to me...\",\n      \"context_before\": \"Don't you think you should leave\\ntown for a while? I mean, at least\\nuntil the uproar settles? THEN you\\ncould come back...\",\n      \"context_after\": \"\",\n      \"relevant_glossary\": \"| Original | Translation | Notes |\\n|---|---|---|\\n| sword | меч | Зброя ближнього бою, необхідна для битви. |\"\n    }\n  ]\n}"
  }
]
============================================================

==================== 2026-05-24 20:35:09.301 ====================
Task Type: translate_preview
--- MESSAGES SENT ---
[
  {
    "role": "system",
    "content": "# System Prompt for the Translator\n\nYou are a professional video game localizer. When translating into Ukrainian, always adhere to the following requirements:\n\n1. **Crucial Rule: Treat multi-line text as a single thought.** Text with newlines (`\\n`) is one continuous sentence or phrase. The translation must flow naturally across the lines. **Example:** `Southern\\nFairy Island` is a single place name and must be translated as a single grammatical unit, like `Південний\\nОстрів Фей`, not `Південний\\nФея Острів`.\n2. **Maintain precise meaning:** Do not invent details or omit information.\n3. **Do not change tags:** All tags (`{...}`, `[...]`, etc.) and service symbols (`\\n`) must be copied into the translation without any changes, in the same position and with the same case.\n4. **Do not translate tag content:** The text inside tags (e.g., `Color:Red` in `[Color:Red]`) is a command and must not be translated. `[Color:Red]` is correct; `[Колір:Червоний]` is **incorrect**.\n5. **Use the glossary:** The glossary has the highest priority. If an entry is missing, choose a translation that preserves established franchise names.\n6. **Adhere to the style:** The style, tone, and level of formality must match the original work. If no context is provided, use a neutral professional style.\n7. **Adhere to the format:** The number of lines, spaces, and punctuation marks within a line must match the original; do not merge or split lines.\n8. **Do not add anything extra:** Return only the final translated text without comments, explanations, or decorative symbols.\n\nFollow these instructions for every translation, regardless of the text's length or complexity.\n\nIMPORTANT: All text chunks you receive in a single request are part of a larger, cohesive block of text. Ensure your translations are consistent in style, tone, and terminology across all chunks."
  },
  {
    "role": "user",
    "content": "Game: Zelda: Twilight Princess BMG\nMode: lines 1512-1525\nBlock: zel_00 (#0)\n\nINSTRUCTIONS:\n- Translate the \"text\" field for each object in the \"strings_to_translate\" array into Ukrainian.\n- Use \"context_before\", \"context_after\", and \"relevant_glossary\" to maintain consistency.\n- Return a single, valid JSON object with a \"translated_strings\" key.\n- The value of \"translated_strings\" must be an array of objects.\n- Each object in the returned array must have the original \"id\" (integer) and a \"translation\" (string) field.\n- The number of objects in the \"translated_strings\" array must exactly match the number of objects provided in the input array.\n- Follow the rules from the system prompt regarding tags and glossary.\n- Do not add any explanations or text outside the JSON object.\n\nJSON DATA TO PROCESS:\n{\n  \"strings_to_translate\": [\n    {\n      \"id\": 1511,\n      \"text\": \"Tell me... Do you ever feel a\\nstrange sadness as dusk falls?\",\n      \"context_before\": \"\",\n      \"context_after\": \"They say it's the only time when\\nour world intersects with theirs...\",\n      \"relevant_glossary\": \"\"\n    },\n    {\n      \"id\": 1512,\n      \"text\": \"They say it's the only time when\\nour world intersects with theirs...\",\n      \"context_before\": \"Tell me... Do you ever feel a\\nstrange sadness as dusk falls?\",\n      \"context_after\": \"...The only time we can feel the\\nlingering regrets of spirits who\\nhave left our world.\",\n      \"relevant_glossary\": \"\"\n    },\n    {\n      \"id\": 1513,\n      \"text\": \"...The only time we can feel the\\nlingering regrets of spirits who\\nhave left our world.\",\n      \"context_before\": \"They say it's the only time when\\nour world intersects with theirs...\",\n      \"context_after\": \"That is why loneliness always\\npervades the {escape:255:000001}hour of twilight{escape:255:000000}...\",\n      \"relevant_glossary\": \"| Original | Translation | Notes |\\n|---|---|---|\\n| Hour of twilight | Година сутінків | Особливий час, коли відчуваються духи померлих. |\\n| twilight | сутінки | Темрява або тіньовий стан, який покриває певні локації у грі. |\"\n    },\n    {\n      \"id\": 1514,\n      \"text\": \"That is why loneliness always\\npervades the {escape:255:000001}hour of twilight{escape:255:000000}...\",\n      \"context_before\": \"...The only time we can feel the\\nlingering regrets of spirits who\\nhave left our world.\",\n      \"context_after\": \"But enough talk of sadness...\\nI have a favor to ask of you,\\n{escape:0:0000}.\",\n      \"relevant_glossary\": \"| Original | Translation | Notes |\\n|---|---|---|\\n| Hour of twilight | Година сутінків | Особливий час, коли відчуваються духи померлих. |\\n| twilight | сутінки | Темрява або тіньовий стан, який покриває певні локації у грі. |\"\n    },\n    {\n      \"id\": 1515,\n      \"text\": \"But enough talk of sadness...\\nI have a favor to ask of you,\\n{escape:0:0000}.\",\n      \"context_before\": \"That is why loneliness always\\npervades the {escape:255:000001}hour of twilight{escape:255:000000}...\",\n      \"context_after\": \"I was supposed to deliver\\nsomething to the royal family of\\nHyrule the day after tomorrow...\",\n      \"relevant_glossary\": \"| Original | Translation | Notes |\\n|---|---|---|\\n| Hour of twilight | Година сутінків | Особливий час, коли відчуваються духи померлих. |\\n| twilight | сутінки | Темрява або тіньовий стан, який покриває певні локації у грі. |\\n| Hyrule | Хайрул | Королівство, де відбуваються події гри. |\"\n    },\n    {\n      \"id\": 1516,\n      \"text\": \"I was supposed to deliver\\nsomething to the royal family of\\nHyrule the day after tomorrow...\",\n      \"context_before\": \"But enough talk of sadness...\\nI have a favor to ask of you,\\n{escape:0:0000}.\",\n      \"context_after\": \"Yes, it was a task set to me by the\\nmayor, but...{escape:0:0007002d}would you go in my\\nstead?\",\n      \"relevant_glossary\": \"| Original | Translation | Notes |\\n|---|---|---|\\n| Hyrule | Хайрул | Королівство, де відбуваються події гри. |\"\n    },\n    {\n      \"id\": 1517,\n      \"text\": \"Yes, it was a task set to me by the\\nmayor, but...{escape:0:0007002d}would you go in my\\nstead?\",\n      \"context_before\": \"I was supposed to deliver\\nsomething to the royal family of\\nHyrule the day after tomorrow...\",\n      \"context_after\": \"You have...{escape:0:0007003c}never been to Hyrule,\\nright?\",\n      \"relevant_glossary\": \"| Original | Translation | Notes |\\n|---|---|---|\\n| Hyrule | Хайрул | Королівство, де відбуваються події гри. |\"\n    },\n    {\n      \"id\": 1518,\n      \"text\": \"You have...{escape:0:0007003c}never been to Hyrule,\\nright?\",\n      \"context_before\": \"Yes, it was a task set to me by the\\nmayor, but...{escape:0:0007002d}would you go in my\\nstead?\",\n      \"context_after\": \"In the {escape:255:000001}kingdom of Hyrule {escape:255:000000}there is a\\ngreat {escape:255:000001}castle{escape:255:000000}, and around it is Castle\\nTown, a community far bigger than\\nour little village.\\n...And far bigger than Hyrule is the\\nrest of the world the gods created.\\n\\n\\nYou should look upon it all with\\nyour own eyes.\",\n      \"relevant_glossary\": \"| Original | Translation | Notes |\\n|---|---|---|\\n| Hyrule | Хайрул | Королівство, де відбуваються події гри. |\\n| castle | замок | Замок Хайрулу, де утримується принцеса. |\\n| Castle Town | Замкове Місто | Головне місто в грі, розташоване біля замку. |\"\n    },\n    {\n      \"id\": 1519,\n      \"text\": \"In the {escape:255:000001}kingdom of Hyrule {escape:255:000000}there is a\\ngreat {escape:255:000001}castle{escape:255:000000}, and around it is Castle\\nTown, a community far bigger than\\nour little village.\\n...And far bigger than Hyrule is the\\nrest of the world the gods created.\\n\\n\\nYou should look upon it all with\\nyour own eyes.\",\n      \"context_before\": \"You have...{escape:0:0007003c}never been to Hyrule,\\nright?\",\n      \"context_after\": \"It is getting late... We should head\\nback to the village. I will talk to the\\nmayor about this matter.\",\n      \"relevant_glossary\": \"| Original | Translation | Notes |\\n|---|---|---|\\n| Hyrule | Хайрул | Королівство, де відбуваються події гри. |\\n| castle | замок | Замок Хайрулу, де утримується принцеса. |\\n| Castle Town | Замкове Місто | Головне місто в грі, розташоване біля замку. |\"\n    },\n    {\n      \"id\": 1520,\n      \"text\": \"It is getting late... We should head\\nback to the village. I will talk to the\\nmayor about this matter.\",\n      \"context_before\": \"In the {escape:255:000001}kingdom of Hyrule {escape:255:000000}there is a\\ngreat {escape:255:000001}castle{escape:255:000000}, and around it is Castle\\nTown, a community far bigger than\\nour little village.\\n...And far bigger than Hyrule is the\\nrest of the world the gods created.\\n\\n\\nYou should look upon it all with\\nyour own eyes.\",\n      \"context_after\": \"Hey! {escape:0:0000}! {escape:0:0007001e}You there?\",\n      \"relevant_glossary\": \"| Original | Translation | Notes |\\n|---|---|---|\\n| Hyrule | Хайрул | Королівство, де відбуваються події гри. |\\n| castle | замок | Замок Хайрулу, де утримується принцеса. |\\n| Castle Town | Замкове Місто | Головне місто в грі, розташоване біля замку. |\"\n    },\n    {\n      \"id\": 1521,\n      \"text\": \"Hey! {escape:0:0000}! {escape:0:0007001e}You there?\",\n      \"context_before\": \"It is getting late... We should head\\nback to the village. I will talk to the\\nmayor about this matter.\",\n      \"context_after\": \"Hey, you mind helpin' me herd the\\ngoats?\",\n      \"relevant_glossary\": \"\"\n    },\n    {\n      \"id\": 1522,\n      \"text\": \"Hey, you mind helpin' me herd the\\ngoats?\",\n      \"context_before\": \"Hey! {escape:0:0000}! {escape:0:0007001e}You there?\",\n      \"context_after\": \"Don't you think you should leave\\ntown for a while? I mean, at least\\nuntil the uproar settles? THEN you\\ncould come back...\",\n      \"relevant_glossary\": \"\"\n    },\n    {\n      \"id\": 1523,\n      \"text\": \"Don't you think you should leave\\ntown for a while? I mean, at least\\nuntil the uproar settles? THEN you\\ncould come back...\",\n      \"context_before\": \"Hey, you mind helpin' me herd the\\ngoats?\",\n      \"context_after\": \"With sword in hand, return to me...\",\n      \"relevant_glossary\": \"| Original | Translation | Notes |\\n|---|---|---|\\n| sword | меч | Зброя ближнього бою, необхідна для битви. |\"\n    },\n    {\n      \"id\": 1524,\n      \"text\": \"With sword in hand, return to me...\",\n      \"context_before\": \"Don't you think you should leave\\ntown for a while? I mean, at least\\nuntil the uproar settles? THEN you\\ncould come back...\",\n      \"context_after\": \"\",\n      \"relevant_glossary\": \"| Original | Translation | Notes |\\n|---|---|---|\\n| sword | меч | Зброя ближнього бою, необхідна для битви. |\"\n    }\n  ]\n}"
  }
]
--- RESPONSE RECEIVED ---
```json
{
  "translated_strings": [
    {
      "id": 1511,
      "translation": "Скажи мені... Чи відчуваєш ти\nдивну смуток, коли настає сутінь?"
    },
    {
      "id": 1512,
      "translation": "Кажуть, це єдиний час, коли\nнаш світ перетинається з їхнім..."
    },
    {
      "id": 1513,
      "translation": "...Єдиний час, коли ми можемо\nвідчути жаль духів, що\nпокинули наш світ."
    },
    {
      "id": 1514,
      "translation": "Ось чому самотність завжди\nпронизує {escape:255:000001}годину сутінків{escape:255:000000}..."
    },
    {
      "id": 1515,
      "translation": "Але досить про смуток...\nЯ хочу попросити тебе про послугу,\n{escape:0:0000}."
    },
    {
      "id": 1516,
      "translation": "Я мав доставити щось\nкоролівській родині\nХайрулу післязавтра..."
    },
    {
      "id": 1517,
      "translation": "Так, це завдання доручив мені\nстароста, але...{escape:0:0007002d}чи не міг би ти\nпоїхати замість мене?"
    },
    {
      "id": 1518,
      "translation": "Ти ж...{escape:0:0007003c}ніколи не був у Хайрулі,\nправда?"
    },
    {
      "id": 1519,
      "translation": "У {escape:255:000001}королівстві Хайрул {escape:255:000000}стоїть\nвеличний {escape:255:000001}замок{escape:255:000000}, а навколо нього —\nЗамкове Місто, поселення набагато\nбільше за наше село.\n...А ще більший за Хайрул —\nрешта світу, створеного богами.\n\n\nТобі варто побачити все це\nвласними очима."
    },
    {
      "id": 1520,
      "translation": "Вже пізно... Нам слід повертатися\nдо села. Я поговорю зі\nстаростою про цю справу."
    },
    {
      "id": 1521,
      "translation": "Гей! {escape:0:0000}! {escape:0:0007001e}Ти тут?"
    },
    {
      "id": 1522,
      "translation": "Гей, не міг би ти допомогти мені\nзігнати кіз?"
    },
    {
      "id": 1523,
      "translation": "Чи не думаєш ти, що тобі варто\nпокинути місто на якийсь час? Ну,\nпринаймні поки галас не вляжеться?\nТОДІ ти міг би повернутися..."
    },
    {
      "id": 1524,
      "translation": "З мечем у руці повернись до мене..."
    }
  ]
}
```
============================================================

==================== 2026-05-25 10:36:35.216 ====================
Task Type: chat_message
--- MESSAGES SENT ---
[
  {
    "role": "user"
  }
]
============================================================

==================== 2026-05-25 10:36:35.218 ====================
Task Type: chat_message
--- MESSAGES SENT ---
[
  {
    "role": "user"
  }
]
--- RESPONSE RECEIVED ---
response
============================================================

==================== 2026-05-25 10:36:35.962 ====================
Task Type: build_glossary
--- MESSAGES SENT ---
[
  {
    "role": "system",
    "content": ""
  },
  {
    "role": "user",
    "content": "chunk1"
  }
]
============================================================

==================== 2026-05-25 10:36:35.962 ====================
Task Type: build_glossary
--- MESSAGES SENT ---
[
  {
    "role": "system",
    "content": ""
  },
  {
    "role": "user",
    "content": "chunk1"
  }
]
--- RESPONSE RECEIVED ---
```json
[{"term": "test"}]
```
============================================================

==================== 2026-05-25 10:36:36.713 ====================
Task Type: translate_block_chunked
--- MESSAGES SENT ---
[
  {
    "role": "system",
    "content": "sys"
  },
  {
    "role": "user",
    "content": "user"
  }
]
============================================================

==================== 2026-05-25 10:36:36.713 ====================
Task Type: translate_block_chunked
--- MESSAGES SENT ---
[
  {
    "role": "system",
    "content": "sys"
  },
  {
    "role": "user",
    "content": "user"
  }
]
--- RESPONSE RECEIVED ---
{"translated_strings": ["TransA"]}
============================================================

==================== 2026-05-25 10:36:38.214 ====================
Task Type: chat_message_stream
--- MESSAGES SENT ---
[
  {
    "role": "user",
    "content": "hi"
  }
]
============================================================

==================== 2026-05-25 10:36:38.214 ====================
Task Type: chat_message_stream
--- MESSAGES SENT ---
[
  {
    "role": "user",
    "content": "hi"
  }
]
--- RESPONSE RECEIVED ---
response
============================================================

==================== 2026-05-25 12:43:56.929 ====================
Task Type: generate_variation
--- MESSAGES SENT ---
[
  {
    "role": "system",
    "content": "# System Prompt for the Translator\n\nYou are a professional video game localizer. When translating into Ukrainian, always adhere to the following requirements:\n\n1. **Crucial Rule: Treat multi-line text as a single thought.** Text with newlines (`\\n`) is one continuous sentence or phrase. The translation must flow naturally across the lines. **Example:** `Southern\\nFairy Island` is a single place name and must be translated as a single grammatical unit, like `Південний\\nОстрів Фей`, not `Південний\\nФея Острів`.\n2. **Maintain precise meaning:** Do not invent details or omit information.\n3. **Do not change tags:** All tags (`{...}`, `[...]`, etc.) and service symbols (`\\n`) must be copied into the translation without any changes, in the same position and with the same case.\n4. **Do not translate tag content:** The text inside tags (e.g., `Color:Red` in `[Color:Red]`) is a command and must not be translated. `[Color:Red]` is correct; `[Колір:Червоний]` is **incorrect**.\n5. **Use the glossary:** The glossary has the highest priority. If an entry is missing, choose a translation that preserves established franchise names.\n6. **Adhere to the style:** The style, tone, and level of formality must match the original work. If no context is provided, use a neutral professional style.\n7. **Adhere to the format:** The number of lines, spaces, and punctuation marks within a line must match the original; do not merge or split lines.\n8. **Do not add anything extra:** Return only the final translated text without comments, explanations, or decorative symbols.\n\nFollow these instructions for every translation, regardless of the text's length or complexity.\n\nGLOSSARY (use with absolute priority):\n| Original | Translation | Notes |\n|---|---|---|\n| Memory Card | Карта пам'яті | Пристрій для збереження ігрових даних у консолі GameCube. |\n| Slot A | Слот A | Роз'єм для підключення карти пам'яті в консолі. |\n| POWER Button | Кнопка POWER | Кнопка живлення консолі GameCube. |\n| The Legend of Zelda: Twilight Princess | The Legend of Zelda: Twilight Princess | Назва гри, залишається без перекладу. |\n| save file | файл збереження | Файл, що містить збережений прогрес гри. |\n| blocks | блоки | Одиниці вимірювання пам'яті на карті пам'яті. |\n| Memory Card Screen | Екран карти пам'яті | Системне меню для керування файлами на карті пам'яті. |\n| Quest Log | Журнал завдань | Файл збереження з прогресом проходження гри. |\n| green Rupee | зелена рупія | Ігрова валюта вартістю 1 одиницю. |\n| blue Rupee | синя рупія | Ігрова валюта вартістю 5 одиниць. |\n| yellow Rupee | жовта рупія | Ігрова валюта вартістю 10 одиниць. |\n| red Rupee | червона рупія | Ігрова валюта вартістю 20 одиниць. |\n| purple Rupee | фіолетова рупія | Ігрова валюта вартістю 50 одиниць. |\n| orange Rupee | помаранчева рупія | Ігрова валюта вартістю 100 одиниць. |\n| silver Rupee | срібна рупія | Ігрова валюта вартістю 200 одиниць. |\n| bomb bag | сумка для бомб | Предмет для зберігання та перенесення бомб. |\n| bombs | бомби | Вибухові предмети для знищення перешкод та ворогів. |\n| Hero's Bow | Лук героя | Зброя для стрільби стрілами на відстані. |\n| bomb arrows | вибухові стріли | Стріли з прикріпленими бомбами для комбінованої атаки. |\n| arrows | стріли | Боєприпаси для лука. |\n| foes | вороги | Противники, з якими гравець бореться в грі. |\n| seeds | насіння | Боєприпаси для рогатки, використовуються як снаряди. |\n| slingshot | рогатка | Зброя дальнього бою, яка стріляє насінням. |\n| water bombs | водяні бомби | Вибухівка, яку можна використовувати у воді, але не під час плавання. |\n| bomblings | бомблінги | Маленькі бомби, які рухаються вперед і вибухають при зіткненні або через деякий час. |\n| fairy | фея | Магічна істота в пляшці, яка відновлює здоров'я гравця при смерті або використанні. |\n| hearts | серця | Одиниці здоров'я гравця в грі. |\n| small key | малий ключ | Ключ, який відкриває замкнені двері тільки в поточній локації. |\n| Piece of Heart | Частина Серця | Колекційний предмет; 5 частин формують новий Контейнер Серця. |\n| Heart Container | Контейнер Серця | Збільшує максимальну кількість здоров'я гравця на одне серце. |\n| dungeon map | карта підземелля | Показує планування підземелля, відвідані кімнати та поточне місцезнаходження. |\n| compass | компас | Інструмент, який показує розташування прихованих об'єктів у підземеллі. |\n| Ooccoo | Уку | Персонаж, який дозволяє гравцю покинути підземелля і повернутися пізніше. |\n| big key | великий ключ | Ключ, який відкриває доступ до лігва боса підземелля. |\n| Ordon sword | меч Ордона | Меч, виготовлений Раслом як данина королівській родині. |\n| Master Sword | Майстер-меч | Легендарна зброя, яку може використовувати лише справжній герой. |\n| Ordon shield | щит Ордона | Дерев'яний щит для захисту, який може згоріти від вогню. |\n| wooden shield | дерев'яний щит | Базовий щит для захисту, вразливий до вогню. |\n| Hylian shield | хайліанський щит | Металевий щит, який ніколи не згорить. |\n| magic armor | магічна броня | Броня, яка витрачає рупії замість здоров'я при отриманні пошкоджень. |\n| Rupees | рупії | Валюта в грі, використовується для покупок. |\n| Zora armor | броня Зора | Спеціальний обладунок королівської родини Зора, дозволяє вільно рухатися під водою. |\n| big wallet | великий гаманець | Дозволяє зберігати до 600 рупій. |\n| giant wallet | гігантський гаманець | Символ шанованого громадянина королівства комах, вміщує до 1000 рупій. |\n| dungeon | підземелля | Складна локація з головоломками, ворогами та босом. |\n| boss | бос | Головний ворог підземелля або локації. |\n| Rusl | Расл | Найкращий мечник Ордона, який виготовив меч Ордона. |\n| Ordon | Ордон | Назва села або регіону в грі. |\n| Malo Mart | Мало Март | Магазин у грі, де можна купити предмети. |\n| coral earring | коралова сережка | Прикраса з дорогоцінного коралу з Володіння Зора у формі гачка для риболовлі. Дозволяє ловити рікфіш. |\n| Zora's Domain | Володіння Зора | Локація, звідки походить дорогоцінний корал. Місце проживання народу Зора. |\n| reekfish | рікфіш | Вид риби, яку можна зловити за допомогою коралової сережки як гачка. |\n| Hawkeye | Соколине Око | Оптичний приціл для збільшення віддалених об'єктів. Поєднується з Луком Героя для точної стрільби. |\n| wooden sword | дерев'яний меч | Меч, відточений Руслом. Простий у використанні для базових атак. |\n| Gale Boomerang | Буревійний Бумеранг | Таємничий бумеранг з Феєю Вітрів всередині. Засмоктує предмети силою вітру та може захоплювати до 5 цілей. |\n| Fairy of Winds | Фея Вітрів | Магічна істота, що живе всередині Буревійного Бумеранга та надає йому силу вітру. |\n| Spinner | Спінер | Стародавній механізм для левітації. Дозволяє рухатися по піску та рейках на стінах. |\n| Ball and Chain | Куля на Ланцюгу | Гігантська залізна куля з неймовірною силою для завдання серйозної шкоди. |\n| Gorons | горони | Раса гірських істот, колишні власники Лука Героя. Відомі своєю силою. |\n| Clawshot | Кігтемет | Гак на довгому ланцюгу для чіплення за спеціальні мішені та подолання великих відстаней. |\n| Double Clawshots | Подвійний Кігтемет | Два Кігтемети разом, що дозволяють стріляти повторно під час висіння. |\n| Iron Boots | Залізні Чоботи | Чоботи, що роблять носія настільки важким, що навіть горон не зможе зрушити. |\n| Dominion Rod | Жезл Володаря | Дивовижний жезл, що оживляє стародавні статуї. Статуї рухаються як їхній господар. |\n| lantern | ліхтар | Необхідний для освітлення темних місць. Потребує олії для роботи та може підпалювати предмети. |\n| Twilight Realm | Сутінкове Царство | Альтернативний вимір темряви, де Майстер-Меч світиться золотим світлом. |\n| fishing rod | вудка | Проста вудка з поплавцем для ловлі риби. Можна ловити без наживки, але з наживкою різноманітність більша. |\n| giant bomb bags | гігантські торби для бомб | Дозволяють носити вдвічі більше бомб. Місткість залежить від типу бомб. |\n| big quiver | великий сагайдак | Може вміщувати до 60 стріл. |\n| giant quiver | гігантський сагайдак | Може вміщувати до 100 стріл. |\n| empty bottle | порожня пляшка | Універсальна ємність для зберігання води та інших рідин чи предметів. |\n| red potion | червоне зілля | Відновлює 8 сердець здоров'я при випиванні. |\n| blue potion | синє зілля | Відновлює всі серця здоров'я при випиванні. |\n| milk | молоко | Одна пляшка містить дві порції. Кожна порція відновлює три серця. |\n| bottle | пляшка | Контейнер для зберігання різних предметів та рідин. |\n| lantern oil | олія для ліхтаря | Паливо, необхідне для роботи ліхтаря. |\n| water | вода | Рідина, яку можна розбризкувати на різні об'єкти. |\n| nasty soup | огидний суп | Спеціальний рецепт Коро з невідомим ефектом. |\n| Coro | Коро | Персонаж, який готує особливий суп. |\n| hot springwater | гаряча джерельна вода | Поживна вода, що відновлює всі серця, поки тепла. |\n| Great Fairy's Tears | Сльози Великої Феї | Священна вода, що відновлює здоров'я і тимчасово підвищує силу атаки. |\n| Great Fairy | Велика Фея | Могутня магічна істота, чиї молитви містяться у священній воді. |\n| life energy | життєва енергія | Здоров'я персонажа. |\n| attack strength | сила атаки | Показник шкоди, яку завдає персонаж. |\n| worm | черв'як | Наживка для риболовлі, яку люблять риби. |\n| bee larva | бджолина личинка | Їстівна наживка для риболовлі, відновлює 1/4 серця. |\n| Chu Jelly | желе Чу | Желеподібна речовина різних кольорів з різними ефектами. |\n| rare Chu Jelly | рідкісне желе Чу | Відновлює всю енергію і тимчасово підвищує силу атаки. |\n| red Chu Jelly | червоне желе Чу | Відновлює 8 сердець здоров'я. |\n| blue Chu Jelly | синє желе Чу | Відновлює всі серця здоров'я. |\n| yellow Chu Jelly | жовте желе Чу | Використовується для заправки ліхтаря. |\n| purple Chu Jelly | фіолетове желе Чу | Має невідомий ефект при вживанні. |\n| simple soup | простий суп | Суп з запахом рибного бульйону, відновлює 2 серця. |\n| good soup | хороший суп | Суп з запахом гарбузів, відновлює 4 серця. |\n| superb soup | чудовий суп | Суп з сирним запахом, відновлює здоров'я. |\n| Renado's letter | лист Ренадо | Лист від персонажа на ім'я Ренадо з детальними інструкціями щодо лікування Ілії для відновлення її пам'яті. |\n| Ilia | Ілія | Ім'я жіночого персонажа, яка втратила пам'ять і потребує лікування. |\n| invoice | рахунок | Рахунок за послуги міського лікаря на астрономічну суму. |\n| wooden statue | дерев'яна статуетка | Статуетка незвичайної форми, що колись належала Ілії і може допомогти відновити її пам'ять. |\n| Ilia's charm | оберіг Ілії | Оберіг, який Ілія залишила жінці, що врятувала її. Ключ до відновлення пам'яті Ілії. |\n| horse call | поклик коня | Предмет, створений Ілією, який дозволяє покликати коня, граючи його улюблену мелодію. |\n| Auru's memo | записка Ауру | Записка від Ауру, адресована Файєру з озера Хайлія. |\n| Auru | Ауру | Ім'я персонажа, який написав записку. |\n| Fyer | Файєр | Персонаж, який знаходиться біля озера Хайлія. |\n| Lake Hylia | озеро Хайлія | Назва локації у грі. |\n| Ashei's sketch | ескіз Ашей | Швидко намальований малюнок істоти, яку Ашей бачила з червоною рибою. |\n| Ashei | Ашей | Ім'я персонажа, який намалював ескіз. |\n| red fish | червона риба | Риба, яку тримала істота на ескізі Ашей. |\n| black Chu Jelly | чорне желе Чу | Чорне желе, яке виглядає дуже шкідливим для здоров'я. |\n| bottle of oil | пляшка олії | Олія, необхідна для заправки ліхтаря. |\n| Tear of Light | Сльоза Світла | Священна сльоза, яка розсіює сутінки. Збирається у Посудину Світла. |\n| Vessel of Light | Посудина Світла | Посудина для збирання Сльоз Світла, необхідна для розсіювання сутінків і повернення світла. |\n| twilight | сутінки | Темрява або тіньовий стан, який покриває певні локації у грі. |\n| senses | чуття | Особлива здатність бачити прихованих ворогів, які тримають Сльози Світла. |\n| beetle | жук | Комаха, яку можна зловити; цінується любителями комах за золотистий колір. |\n| butterfly | метелик | Комаха, яку можна зловити; цінується любителями комах за золотистий колір. |\n| stag beetle | жук-олень | Комаха, яку можна зловити; цінується любителями комах за золотистий колір. |\n| grasshopper | коник | Комаха, яку можна зловити; цінується любителями комах за золотистий колір. |\n| phasmid | паличник | Комаха, яку можна зловити; цінується любителями комах за золотистий колір. |\n| pill bug | мокриця | Комаха, яку можна зловити; цінується любителями комах за золотистий колір. |\n| Collection screen | екран колекції | Меню, де можна переглянути зловлених комах. |\n| mantis | богомол | Комаха, яку можна зловити в грі. Відображається на екрані колекції. |\n| ladybug | сонечко | Комаха, яку можна зловити в грі. Має золотий колір. |\n| snail | равлик | Молюск, якого можна зловити. Фанати равликів люблять золотий колір. |\n| dragonfly | бабка | Комаха, яку можна зловити та переглянути в колекції. |\n| ant | мураха | Комаха, яку можна зловити в грі. |\n| dayfly | одноденка | Комаха, яку можна зловити та додати до колекції. |\n| Bug fans | Фанати комах | Персонажі або гравці, які цінують зловлених комах. |\n| Poe's soul | Душа По | Предмет, який випадає після перемоги над По. Збирається в колекцію. |\n| Poe | По | Ворог-привид, якого потрібно перемогти для отримання душі. |\n| Ancient Sky Book | Стародавня Небесна Книга | Книга, написана давньою небесною мовою. Містить підказку до шляху на небо. |\n| Sky character | Небесний символ | Відсутня частина слова в Стародавній Небесній Книзі. |\n| City in the Sky | Місто в Небі | Локація в грі, куди можна потрапити за допомогою Окку. |\n| Oocca | Окка | Раса, до якої належить Окку. |\n| Rupee | рупія | Основна валюта у світі гри. |\n| Faron Woods | Фаронський Ліс | Локація в грі, доступ до якої відкривається ключем. |\n| gate keys | ключі від воріт | Ключі, які відкривають ворота на шляху до Какаріко. |\n| Kakariko | Какаріко | Село або локація в грі. |\n| Ordon pumpkin | ордонський гарбуз | Гарбуз, вирощений у рідному селі гравця Ордоні. |\n| Ordon goat cheese | ордонський козячий сир | Сир, виготовлений з молока ордонських кіз. |\n| bedroom key | ключ від спальні | Ключ, який дає доступ до спальні з уламком дзеркала. |\n| mirror shard | уламок дзеркала | Частина дзеркала, яка знаходиться в спальні. |\n| key shard | уламок ключа | Частина великого ключа. Потрібно зібрати всі три уламки. |\n| Pieces of Heart | Частини серця | Колекційні предмети для збільшення здоров'я. |\n| Ooccoo Jr. | Окку-молодший | Дитина Окку, допомагає в підземеллях. |\n| Ooccoo's Note | Записка Окку | Повідомлення від Окку. |\n| Ranch Clothes | Одяг ранчо | Повсякденний одяг героя. |\n| Hero's Clothes | Одяг героя | Традиційний зелений одяг героя. |\n| Zora | Зора | Водяна раса в грі. |\n| Shadow Crystal | Кристал тіні | Предмет, пов'язаний з темною магією. |\n| Wallet | Гаманець | Базовий гаманець для зберігання рупій. |\n| Giant Bomb Bag | Гігантська сумка для бомб | Найбільша сумка для зберігання бомб. |\n| Fire Arrow | Вогняна стріла | Стріла з вогняним ефектом. |\n| Quiver | Сагайдак | Базовий сагайдак для стріл. |\n| Magic Potion | Магічне зілля | Зілля для відновлення магії. |\n| Fairy's Tears | Сльози феї | Рідкісний предмет від феї. |\n| Green Chu Jelly | Зелене желе Чу | Желе від зеленого Чу. |\n| Mirror Shards | Уламки Дзеркала | Фрагменти Дзеркала Сутінків, необхідні для відновлення артефакту. |\n| Scent of Ilia | Запах Ілії | Аромат, що дозволяє відстежувати Ілію у вовчій формі. |\n| Poe Scent | Запах По | Аромат духів По для відстеження. |\n| Reekfish Scent | Запах Рікфіша | Запах риби Рікфіш для відстеження. |\n| Youths' Scent | Запах Юнаків | Аромат молодих людей для відстеження. |\n| Medicine Scent | Запах Ліків | Аромат медикаментів для відстеження. |\n| Poe Souls | Душі По | Душі духів По, які можна збирати та обмінювати. |\n| Filled Sky Book | Заповнена Небесна Книга | Небесна книга після заповнення всіх літер. |\n| Gate Key | Ключ від Воріт | Спеціальний ключ для відкриття воріт. |\n| Ordon Cheese | Ордонський Сир | Сир з села Ордон, виготовлений з козячого молока. |\n| Surf Leaf | Листок для Серфінгу | Великий листок для ковзання по воді. |\n| Child's Wallet | Дитячий Гаманець | Гаманець з дитинства, вміщує до 300 рупій. |\n| Adult's Wallet | Дорослий Гаманець | Гаманець від Агіти, вміщує до 600 рупій. |\n| Giant's Wallet | Гігантський Гаманець | Найбільший гаманець від Агіти, вміщує до 1000 рупій. |\n| Hyrule | Хайрул | Королівство, де відбуваються події гри. |\n| Agitha | Агіта | Принцеса королівства комах, колекціонує комах. |\n| Iza | Іза | Власниця пункту прокату човнів, дає сумку для бомб. |\n| Goron | Горон | Раса гірських істот, що живуть у вулканічних регіонах. |\n| Chu | Чу | Желеподібні вороги різних кольорів. |\n| Epona | Епона | Вірний кінь головного героя. |\n| Twilight Mirror | Дзеркало Сутінків | Стародавній артефакт, зібраний з уламків. |\n| pellets | кульки | Боєприпаси для рогатки, максимум 50 штук. |\n| ancient statues | стародавні статуї | Статуї, які можна оживити за допомогою містичного жезла. |\n| Temple of Time | Храм Часу | Місце, звідки походить містичний жезл для оживлення статуй. |\n| larva | личинка | Принада для вудки, використовується для ловлі риби. |\n| earring hook | гачок-сережка | Спеціальний гачок для вудки, який можна використовувати з різними принадами. |\n| Death Mountain | Гора Смерті | Локація, звідки походить знамените гаряче джерельне вода. |\n| Items screen | екран предметів | Меню інвентаря, де гравець керує своїми предметами та спорядженням. |\n| attack power | сила атаки | Показник, що визначає величину шкоди, яку завдає персонаж. |\n| beehive | бджолиний вулик | Джерело личинок для наживки. |\n| rare Chu | рідкісний Чу | Особливий тип Чу, що дає поживне желе з покращеними властивостями. |\n| red Chu | червоний Чу | Різновид Чу, з якого отримують червоне желе для відновлення здоров'я. |\n| blue Chu | синій Чу | Різновид Чу, з якого отримують синє желе для повного відновлення здоров'я. |\n| yellow Chu | жовтий Чу | Різновид Чу, що дає олійне желе для заправки ліхтаря. |\n| purple Chu | фіолетовий Чу | Різновид Чу з підозрілим желе, ефект якого непередбачуваний. |\n| black Chu | чорний Чу | Різновид Чу, що дає погано пахнуче желе. |\n| Yeto | Єто | Персонаж, який готує домашній суп з різними інгредієнтами. |\n| Renado | Ренадо | Персонаж, який написав листа до Телми про лікування Ілії. |\n| Telma | Телма | Персонаж, якому адресований лист Ренадо. |\n| tears of light | сльози світла | Магічні предмети, які збираються в спеціальний контейнер від духа. |\n| Mirror of Twilight | Дзеркало Сутінків | Артефакт, що з'єднує світло і тінь, складається з кількох частин. |\n| Lanayru Province | провінція Ланайру | Регіон у грі, де знайдено гаманець Ілії. |\n| Arbiter's Grounds | Землі Арбітра | Локація в пустелі, де водяться привиди. |\n| Eldin Province | провінція Елдін | Регіон у грі, де знайдено дерев'яний меч. |\n| Faron Province | провінція Фарон | Регіон у грі, де знайдено золотого жука. |\n| Castle Town | Замкове Місто | Головне місто в грі, розташоване біля замку. |\n| Hyrule Castle | замок Хайрул | Головний замок королівства Хайрул. |\n| Kakariko Village | село Какаріко | Село в грі, біля якого знаходяться різні локації. |\n| Bridge of Eldin | міст Елдіна | Локація, де знайдено золотого привида. |\n| Kakariko Gorge | ущелина Какаріко | Локація біля села Какаріко, де знайдено золотого мокрицю. |\n| Great Bridge of Hylia | Великий міст Хілії | Велика локація-міст, названа на честь богині Хілії. |\n| Sacred Grove | Священна гаща | Таємнича лісова локація з особливим значенням. |\n| Zora's River | Річка Зора | Річка, пов'язана з народом Зора. |\n| Gerudo Desert | Пустеля Герудо | Пустельна локація, домівка племені Герудо. |\n| Poes | По | Духи-привиди, які можна побачити лише за допомогою особливих здібностей. |\n| Sky language | Небесна мова | Стародавня мова, пов'язана з небесними істотами. |\n| Snowpeak | Сніжний пік | Гірська снігова локація з особняком, де зберігається уламок дзеркала. |\n| Goron elder | старійшина Горонів | Лідер народу Горонів, який був перетворений темною магією. |\n| Forest Temple | Лісовий храм | Підземелля, розташоване в лісі. |\n| Goron Mines | Шахти Горонів | Підземелля в гірських шахтах народу Горонів. |\n| Lakebed Temple | Храм на дні озера | Підземелля, розташоване під водою. |\n| Snowpeak Ruins | Руїни Сніжного піку | Занедбаний особняк на засніженій горі. |\n| Palace of Twilight | Палац сутінків | Підземелля в Сутінковому царстві. |\n| Link | Лінк | Ім'я головного героя гри. |\n| Map | Карта | Предмет, який показує планування підземелля. |\n| Wii System Memory | Системна пам'ять Wii | Внутрішня пам'ять консолі Wii для збереження даних. |\n| Ordon Ranch | Ранчо Ордон | Ферма в селі Ордон, де Лінк працює пастухом. |\n| Ordon Village | Село Ордон | Мирне село на околиці Хайрулу, де починається пригода Лінка. |\n| Graveyard | Цвинтар | Кладовище біля села Какаріко з підземними катакомбами. |\n| Mirror Chamber | Зала Дзеркала | Місце, де зберігається Дзеркало Сутінків. |\n| Hyrule Field | Поле Хайрул | Великі відкриті простори, що з'єднують різні регіони Хайрулу. |\n| Hyrule Castle Town | Замкове Місто Хайрул | Головне місто королівства Хайрул. |\n| Sera's Sundries | Крамниця Сери | Магазин у селі Ордон. |\n| Barnes Bombs | Бомби Барнса | Магазин вибухівки в селі Какаріко. |\n| STAR Tent | Намет ЗІРКА | Розважальний намет у Замковому Місті. |\n| Telma's Bar | Бар Тельми | Таверна в Замковому Місті, де збирається група опору. |\n| Fanadi's Palace | Палац Фанаді | Будинок ворожки в Замковому Місті. |\n| Agitha's Castle | Замок Аґіти | Будинок дівчинки, яка колекціонує комах. |\n| Jovani's House | Будинок Джовані | Дім багатія, прокльятого перетворенням на золоту статую. |\n| Hidden Village | Приховане Село | Таємне село, заселене котами. |\n| Castle Town Sewers | Каналізація Замкового Міста | Підземні тунелі під містом. |\n| Fishing Hole | Рибальське Місце | Ставок для риболовлі. |\n| Twilit Parasite | Сутінковий Паразит | Комахоподібні створіння, що несуть сльози світла. |\n| DIABABA | ДІАБАБА | Бос Лісового Храму, гігантська хижа рослина. |\n| Twilit Igniter | Сутінковий Запалювач | Підзаголовок боса Файруса. |\n| FYRUS | ФАЙРУС | Бос Шахт Горонів, вогняний велетень у ланцюгах. |\n| Twilit Aquatic | Сутінковий Водяний | Підзаголовок боса Морфіла. |\n| MORPHEEL | МОРФІЛ | Бос Храму Озерного Дна, гігантська водяна істота. |\n| Twilit Fossil | Сутінкова Скам'янілість | Підзаголовок боса Сталлорда. |\n| STALLORD | СТАЛЛОРД | Бос Земель Арбітра, гігантський скелет динозавра. |\n| Twilit Ice Mass | Сутінкова Крижана Маса | Підзаголовок боса Бліззети. |\n| BLIZZETA | БЛІЗЗЕТА | Бос Руїн Сніжного Піку, одержима крижаним дзеркалом. |\n| Twilit Arachnid | Сутінковий Павукоподібний | Підзаголовок боса Армогоми. |\n| ARMOGOHMA | АРМОГОМА | Бос Храму Часу, гігантський броньований павук. |\n| Twilit Dragon | Сутінковий Дракон | Підзаголовок боса Аргорока. |\n| ARGOROK | АРГОРОК | Бос Міста в Небі, броньований вогняний дракон. |\n| Usurper King | Король-Узурпатор | Підзаголовок боса Занта. |\n| ZANT | ЗАНТ | Бос Палацу Сутінків, самопроголошений король сутінків. |\n| Dark Lord | Темний Володар | Підзаголовок фінального боса Ганондорфа. |\n| GANONDORF | ГАНОНДОРФ | Фінальний бос гри, втілення зла та влади. |\n| Ganon's Puppet | Маріонетка Ганона | Підзаголовок одержимої принцеси Зельди. |\n| ZELDA | ЗЕЛЬДА | Принцеса Хайрулу, тимчасово контрольована Ганондорфом. |\n| Dark Beast | Темний Звір | Підзаголовок звіриної форми Ганона. |\n| GANON | ГАНОН | Звіряча форма Ганондорфа у фінальній битві. |\n| Sensor Bar | Сенсорна Панель | Пристрій для відстеження Wii Remote. |\n| Wii Remote | Wii Remote | Бездротовий контролер для консолі Wii. |\n| Collection | Колекція | Меню інвентарю та карти. |\n| Helm splitter | Розсікач шолома | Спеціальна атака з підскоком та ударом зверху. |\n| Shield attack | Атака щитом | Удар щитом для оглушення ворогів. |\n| Spin attack | Обертова атака | Кругова атака мечем. |\n| Hyrule Kingdom | Королівство Хайрул | Головне королівство у грі, де відбувається дія. |\n| Ordon Woods | Ордонський ліс | Лісова місцевість біля села Ордон. |\n| Ordona Province | Провінція Ордона | Регіон, де знаходиться село Ордон. |\n| Peak Province | Провінція Вершин | Гірський регіон зі снігом. |\n| Desert Province | Пустельна провінція | Регіон з пустелею Герудо. |\n| Fused Shadows | Злиті тіні | Артефакти з небезпечною силою, розшукувані духами світла. |\n| Hidden Skills | Приховані навички | Спеціальні бойові техніки, які можна вивчити у золотого вовка. |\n| Golden Bugs | Золоті жуки | Колекційні комахи золотого кольору, розкидані по світу. |\n| Mansion Map | Карта особняка | Карта, що показує кімнати та поверхи особняка. |\n| Fish Journal | Журнал риболовлі | Записник для відстеження спійманої риби. |\n| Bobber Journal | Журнал поплавця | Записник для риболовлі з поплавцем. |\n| Ordon Catfish | Ордонський сом | Вид риби з околиць Ордона. |\n| Hylian Pike | Хайрульська щука | Вид щуки з вод Хайрулу. |\n| Greengill | Зеленозяброва | Риба із зеленими зябрами. |\n| Hylian Loach | Хайрульський в'юн | Рідкісна риба, важка для ловлі. |\n| Hyrule Bass | Хайрульський окунь | Поширений вид риби в Хайрулі. |\n| Portal | Портал | Магічний прохід, що з'являється після знищення темних створінь. |\n| Hour of twilight | Година сутінків | Особливий час, коли відчуваються духи померлих. |\n| Light spirits | Духи світла | Божественні істоти, що охороняють провінції Хайрулу. |\n| Golden wolf | Золотий вовк | Таємничий вовк, що навчає прихованим навичкам. |\n| Howling stones | Виючі камені | Місця, де можна покликати золотого вовка. |\n| Ordon Spring | Ордонське джерело | Священне джерело духа світла біля села Ордон. |\n| Forest spring | Лісове джерело | Цілюще джерело в лісі з духовною силою. |\n| Transform into wolf | Перетворитися на вовка | Здатність головного героя змінювати форму. |\n| Transform into human | Перетворитися на людину | Повернення до людської форми з вовчої. |\n| Midna | Мідна | Супутниця головного героя з сутінкового світу. |\n| Talo | Тало | Ім'я персонажа, якого було захоплено. Згадується в діалозі на початку. |\n| Colin | Колін | Ім'я персонажа, який розмовляє з головним героєм. Турбується про коня героя. |\n| porcelain horse call | порцеляновий кінський поклик | Предмет-подарунок, який отримує гравець перед подорожжю. |\n| spring | джерело | Місце, куди закликають прийти героя. Пов'язане з духами світла. |\n| shadow | тінь | Темна сила, яка перетворює героя та світ. Протилежність світлу. |\n| Twilight Princess | Сутінкова Принцеса | Титул Мідни. Вона є принцесою сутінкового царства. |\n| king that rules the twilight | король, що править сутінками | Антагоніст, який перетворив Хайрул на світ тіней. |\n| world of shadows | світ тіней | Перетворене царство Хайрул, де панують створіння, що уникають світла. |\n| shadow beasts | тіньові звірі | Створіння темряви, які шукають Мідну по всьому світу. |\n| darkened realm | затемнене царство | Альтернативна назва сутінкового світу, звідки вийшов герой. |\n| four light spirits | чотири духи світла | Божественні істоти, які захищають Хайрул за велінням богів. |\n| Ordona | Ордона | Ім'я одного з чотирьох духів світла, який розмовляє з героєм. |\n| shadow being | тіньова істота | Чорний звір, створіння темряви, яке намагається вкрасти силу світла. |\n| power of light | сила світла | Божественна енергія, якою володіють духи світла. |\n| light | світло | Священна сила, яку вкрали тіньові звірі у духів. |\n| fell beasts | зловісні звірі | Прокляті створіння, які вкрали світло у духів. |\n| netherworld | потойбічний світ | Стан, до якого було зведене королівство під владою темряви. |\n| world of light | світ світла | Нормальний світ, який перебуває під загрозою захоплення королем сутінків. |\n| king of twilight | король сутінків | Правитель темряви, який загрожує всьому світу світла. |\n| three light spirits | три духи світла | Духи в Хайрулі, які втратили своє світло і потребують відродження. |\n| light spirit | дух світла | Божественна істота, чия сила може повернути героєві його справжню форму. |\n| blue-eyed beast | синьоокий звір | Форма, в яку було перетворено героя в царстві тіней. |\n| tear | сльоза | Предмет або сутність, яку потрібно зібрати для відновлення світла. |\n| bow | лук | Зброя дальнього бою, якою гравець цілиться та стріляє стрілами. Використовується для ураження ворогів на відстані. |\n| scarecrow | опудало | Тренувальна ціль для практики стрільби з лука. |\n| reticule | приціл | Червоний маркер на екрані для наведення зброї на ціль. |\n| Princess Zelda | Принцеса Зельда | Головний персонаж серії ігор, принцеса королівства Хайрул. |\n| oil | олія | Паливо для ліхтаря, яке дозволяє безпечно подорожувати вночі. |\n| tears | сльози | Сльози, що пронизують темряву, які потрібно зібрати у Посудину Світла. |\n| Prince Zora | принц Зора | Персонаж, якого рятують у грі. |\n| Faron | Фарон | Один з духів світла, що живуть у Хайрулі. Захищає ліс за наказом богів. |\n| green tunic | зелена туніка | Одяг, що колись належав стародавньому герою, обраному богами. |\n| chosen one | обраний | Герой, обраний богами, в якому прокидаються особливі сили. |\n| dark power | темна сила | Заборонена сила, що знаходиться в храмі глибоко в лісі. |\n| temple | храм | Місце в глибині лісу, де знаходиться заборонена темна сила. |\n| spirits of light | духи світла | Духи, що живуть у Хайрулі та захищають землі за наказом богів. |\n| king of shadows | король тіней | Ворог, силі якого має протистояти герой. |\n| sanctuary | святилище | Безпечне місце, де ховаються люди від чудовиськ. |\n| cellar | підвал | Підземне приміщення, вхід до якого відкривається після запалення всіх свічок. Використовується як укриття. |\n| Fused Shadow | Злита Тінь | Артефакт темної сили, який потрібно знайти. Всього їх три. |\n| Eldin | Елдін | Один із духів світла Хайрулу, що охороняє певні землі. |\n| sacred grounds | священні землі | Святі місця гірських мешканців, осквернені темрявою. |\n| mountain dwellers | гірські мешканці | Племя горонів, що живе в горах. |\n| Luda | Луда | Дочка Ренадо. |\n| mines | шахти | Копальні горонів, куди вони не пускають людей. |\n| spirit | дух | Духовна істота, що може давати поради герою. |\n| Lanayru | Ланайру | Дух світла, що охороняє певні землі Хайрулу. |\n| Sacred Realm | Священне Царство | Землі, де зійшли богині та дарували порядок світу. |\n| goddesses | богині | Божества, що створили порядок у світі та замкнули заборонену силу. |\n| interlopers | чужинці | Ті, хто жив у світлі та володів магією, спричинивши велику битву. |\n| Beth | Бет | Одна з дітей, врятованих героєм. |\n| Barnes | Барнс | Ім'я персонажа, згадане в діалозі. |\n| sorcery | чаклунство | Потужна магія, якою володіли ті, хто намагався захопити Священне Царство. |\n| shaman | шаман | Цілитель у селі Какаріко, який лікує ґоронів та зора. |\n| Zoras | зора | Водний народ. У тексті згадується дитина зора, яка потребує лікування. |\n| dangerous beasts | небезпечні звірі | Загроза на рівнинах по дорозі до Какаріко. |\n| warp | телепортація | Здатність миттєво переміщуватися між локаціями. Доступна у формі вовка. |\n| province | провінція | Регіон або область на карті світу гри. |\n| light world | світлий світ | Те саме, що світ світла - звичайний вимір. |\n| light dwellers | мешканці світла | Жителі звичайного світу Хайрулу. |\n| princess | принцеса | Принцеса Зельда, правителька Хайрулу. |\n| castle | замок | Замок Хайрулу, де утримується принцеса. |\n| ancient wood | стародавній ліс | Давня лісова локація, деховається уламок дзеркала. |\n| sky | небо | Небесна локація, де знаходиться один з уламків. |\n| curtain of twilight | завіса сутінків | Межа між світлом та сутінками, що перетворює на звіра. |\n| evil power | зла сила | Темна магія, відмінна від магії Сутінкового Царства. |\n| blade of evil's bane | клинок прокляття зла | Опис Майстер Меча - зброї проти зла. |\n| ancient sages | стародавні мудреці | Давні мудреці, що створили Майстер Меч. |\n| hero | герой | Головний персонаж, обраний богинями. |\n| spirit's spring | джерело духа | Священне місце, де перебуває дух-охоронець. |\n| shadow magic | магія тіні | Магія племені Сутінкового Царства. |\n| evil magic | зла магія | Темна магія Занта, відмінна від магії тіні. |\n| beast | звір | Форма вовка, в яку перетворюється герой. |\n| wolf | вовк | Звірина форма головного героя. |\n| Lava fusion event | Подія злиття лави | Тимчасова демонстраційна подія, пов'язана з Гірою Смерті. |\n| spirit Eldin | дух Елдін | Один із духів-охоронців Хайрулу. |\n| Twili | Твілі | Народ, що був вигнаний до Сутінкового Царства. |\n| dark insects | темні комахи | Вороги, яких потрібно знищити для збору Сліз Світла. |\n| divine beast | божественний звір | Форма, в якій Герой з'являється у Сутінковому Царстві. |\n| sages | мудреці | Охоронці Дзеркала Сутінків, що служать богиням. |\n| chosen power of the gods | обрана сила богів | Божественна сила, якою був благословлений Ґанондорф. |\n| fragments | уламки | Частини розбитого Дзеркала Сутінків, розкидані по Хайрулу. |\n| curse | прокляття | Темна магія, накладена на Мідну богом Занта. |\n| magic | магія | Надприродна сила, якою володіють Твілі та інші персонажі. |\n| leader of the Twili | лідер Твілі | Титул правителя народу Твілі, який володіє особливою магією. |\n| absolute power | абсолютна влада | Найвища форма сили, дарована богами обраним героям. |\n| sword | меч | Зброя ближнього бою, необхідна для битви. |\n| shield | щит | Захисний предмет, який можна знайти в будинку з водяним колесом. |\n| Spirits of the light | Духи світла | Божественні сутності, що володіють силою світла і допомагають герою. |\n| chosen hero | обраний герой | Головний персонаж, посланий богинями для порятунку світу. |\n| king of light and shadow | король світла і тіні | Титул, який присвоює собі Ганондорф. |\n| Hylian crest | герб Хайліану | Символ королівства Хайрул на щиті. |\n| targets | цілі | Об'єкти або вороги, по яких можна атакувати або спрямовувати предмети. |\n| ancient machine | стародавня машина | Механічний пристрій, створений у давнину, здатний літати. |\n| wall rails | настінні рейки | Спеціальні направляючі на стінах, по яких можна їздити. |\n| iron ball | залізна куля | Велика куля на ланцюзі, яку можна розкрутити для атаки. |\n| Goron treasure | скарб ґоронів | Цінний предмет народу ґоронів, використовуваний стародавнім героєм. |\n| ancient hero | стародавній герой | Легендарний воїн минулого, який використовував особливу зброю. |\n| chain | ланцюг | Металевий ланцюг з гаком на кінці для переміщення. |\n| claw | гак | Кігтеподібний пристрій на кінці ланцюга для зачіплення. |\n| Clawshots | Подвійні гаки | Пара гаків-ланцюгів для переміщення між точками зачіплення. |\n| fuel | паливо | Олія для заправки ліхтаря, без якої він не горітиме. |\n| bobber | поплавець | Частина вудки, яка сигналізує про поклювку. |\n| bait | наживка | Приманка для риби, яку прикріплюють до гачка. |\n| pellet | кулька | Боєприпас для рогатки, можна носити до 50 штук. |\n| servings | порцій | Кількість разів, які можна використати предмет. |\n| Coro's homemade soup | домашній суп Коро | Особливий суп з непередбачуваним ефектом. |\n| Death Mountain hot springwater | гаряча вода з джерела Гори Смерті | Цілюща вода, яка відновлює всі сердця, але охолоджується з часом. |\n| Item Screen | Екран предметів | Меню, де можна керувати інвентарем та створювати спеціальні предмети. |\n| Jovani | Джовані | Персонаж, якому потрібно принести 20 або більше душ По. |\n| Purlo | Пурло | Персонаж, який надсилає листи гравцеві. |\n| Fanadi | Фанаді | Ворожка, яка має свій палац. |\n| Princess Agitha | Принцеса Аґіта | Персонаж, який збирає комах і має свою мрію. |\n| Impaz | Імпаз | Персонаж, який надсилає листи. |\n| Shad | Шад | Персонаж, який надсилає листи гравцеві. |\n| Yeta | Єта | Дружина Єто, яка надсилає листи. |\n| The Postman | Листоноша | Персонаж, який доставляє пошту гравцеві. |\n| bar | бар | Заклад Телми в Місті-Фортеці. Місце зустрічі з союзниками та отримання квестів. |\n| STAR game | гра ЗІРКА | Популярна міні-гра в Хайрулі. Доступна в різних локаціях з новими викликами. |\n| Iza's Rapid Ride | Сплав Ізи | Атракціон зі стрільбою по мішенях на річці. Безкоштовне використання вибухових стріл. |\n| Hena's Fishing Hole | Рибальське Місце Гени | Локація для риболовлі з використанням приманок. Міні-гра для дорослих. |\n| candles | свічки | Джерела світла в святилищі. Запалення свічок може відкрити таємні проходи. |\n| basement | підвал | Нижній поверх будівлі. Вхід може бути прихований і відкривається через механізми. |\n| yeti | йєті | Велика біла істота, що живе в горах. Володіє одним з уламків дзеркала. |\n| Ending Blow | Завершальний удар | Смертельний удар по поваленому ворогу. |\n| Back Slice | Удар у спину | Прийом, що дозволяє обкотитися навколо ворога і атакувати ззаду. |\n| Mortal Draw | Смертельне витягування | Швидка атака мечем з піхов, коли ворог наближається. |\n| Jump Strike | Стрибковий удар | Потужна атака з стрибка при таргетуванні ворога. |\n| Great Spin | Великий вихор | Обертова атака, доступна при повному здоров'ї. |\n| targeting | таргетування / наведення | Механіка фокусування на ворогу під час бою. |\n| reed | очерет / дудка | Предмет, звук якого приваблює певних істот. |\n| boot | чобіт | Сміття, яке можна виловити замість риби. |\n| bag of Rupees | мішечок рупій | Предмет з грошима, який можна знайти під час риболовлі. |\n| sinking lure | тонуча принада | Заборонена приманка для риболовлі, яка добре працює. |\n| skullfish | черепориба | Заборонена риба, яка не додається до журналу. |\n| bombfish | бомбориба | Заборонена риба, яку можна використати як бомбу. |\n| wheel | колесо | Сміття, яке можна виловити замість риби. |\n| empty can | порожня бляшанка | Сміття, яке можна виловити замість риби. |\n| twig | гілочка | Сміття або уламок, який можна виловити. |\n| Zora village | село Зора | Поселення раси Зора у грі. |\n| size record | рекорд розміру | Найбільший розмір зловленої риби певного виду. |\n| shadow creatures | тіньові створіння | Вороже істоти, пов'язані з сутінками, які можуть руйнувати мости та інші об'єкти. |\n| people of the sky | небесний народ | Легендарна раса або група істот, пов'язана з небесами та давніми переказами. |\n| rod of the heavens | небесний жезл | Легендарний предмет, пов'язаний з небесним народом та їхнім посланцем. |\n| messenger of the sky | небесний посланець | Персонаж або істота з легенди, що володіє небесним жезлом. |\n| Sky letters | небесні літери | Стародавня писемність небесного народу, яку важко прочитати. |\n| true power | справжня сила | Прихована здатність героя, яку він ще не відкрив. |\n| light arrows | світлові стріли | Зброя, яку використовують для уповільнення Ганондорфа в бою. |\n| Progress Management | Управління прогресом | Посада або роль у розробці гри, відповідальна за контроль виконання завдань та дотримання термінів. |\n| Supervisors | Супервайзери | Керівники, які наглядають за процесом розробки гри. |\n| Technical Support | Технічна підтримка | Команда, що надає технічну допомогу під час розробки. |\n| Debug | Налагодження | Процес пошуку та виправлення помилок у грі. |\n| Super Mario Club | Super Mario Club | Внутрішня тестова група Nintendo, що спеціалізується на тестуванні ігор. |\n| Programming Support | Підтримка програмування | Команда програмістів, що надає допомогу в розробці коду гри. |\n| Programming Support Group | Група підтримки програмування | Відділ або команда, що допомагає з програмуванням. |\n| Localization Management | Управління локалізацією | Керівництво процесом адаптації гри для різних мов та регіонів. |\n| Localization | Локалізація | Процес перекладу та адаптації гри для різних мов і культур. |\n| Product Testing | Тестування продукту | Процес перевірки гри на помилки та проблеми перед випуском. |\n| Special Thanks | Особлива подяка | Розділ титрів, де дякують людям, які допомогли у створенні гри. |\n| Producer | Продюсер | Головна особа, відповідальна за загальне керівництво проектом. |\n| Executive Producer | Виконавчий продюсер | Найвища керівна посада в проекті, що контролює всі аспекти розробки. |\n| SRD | SRD | Компанія Systems Research & Development, партнер Nintendo у розробці ігор. |\n| The End | Кінець | Фінальний напис, що з'являється після завершення гри або титрів. |"
  },
  {
    "role": "user",
    "content": "Game: Zelda: Twilight Princess BMG\nBlock: zel_00 (#0)\nRow: #1511\nMode: translation variations\n\nGenerate 10 different Ukrainian translation alternatives for the provided text.\nEach option must contain exactly 2 lines (including empty ones) in the same order.\nFollow the glossary and preserve all tags exactly as they appear.\nFollow the tone of the original text.\nReturn the response as a JSON array with 10 strings and no additional commentary.\n\nCurrent translation:\n\nСкажи мені... Чи відчуваєш ти\nдивну смуток, коли настає сутінь?\n\nInput text:\n\nTell me... Do you ever feel a\nstrange sadness as dusk falls?"
  }
]
============================================================

==================== 2026-05-25 12:44:17.808 ====================
Task Type: generate_variation
--- MESSAGES SENT ---
[
  {
    "role": "system",
    "content": "# System Prompt for the Translator\n\nYou are a professional video game localizer. When translating into Ukrainian, always adhere to the following requirements:\n\n1. **Crucial Rule: Treat multi-line text as a single thought.** Text with newlines (`\\n`) is one continuous sentence or phrase. The translation must flow naturally across the lines. **Example:** `Southern\\nFairy Island` is a single place name and must be translated as a single grammatical unit, like `Південний\\nОстрів Фей`, not `Південний\\nФея Острів`.\n2. **Maintain precise meaning:** Do not invent details or omit information.\n3. **Do not change tags:** All tags (`{...}`, `[...]`, etc.) and service symbols (`\\n`) must be copied into the translation without any changes, in the same position and with the same case.\n4. **Do not translate tag content:** The text inside tags (e.g., `Color:Red` in `[Color:Red]`) is a command and must not be translated. `[Color:Red]` is correct; `[Колір:Червоний]` is **incorrect**.\n5. **Use the glossary:** The glossary has the highest priority. If an entry is missing, choose a translation that preserves established franchise names.\n6. **Adhere to the style:** The style, tone, and level of formality must match the original work. If no context is provided, use a neutral professional style.\n7. **Adhere to the format:** The number of lines, spaces, and punctuation marks within a line must match the original; do not merge or split lines.\n8. **Do not add anything extra:** Return only the final translated text without comments, explanations, or decorative symbols.\n\nFollow these instructions for every translation, regardless of the text's length or complexity.\n\nGLOSSARY (use with absolute priority):\n| Original | Translation | Notes |\n|---|---|---|\n| Memory Card | Карта пам'яті | Пристрій для збереження ігрових даних у консолі GameCube. |\n| Slot A | Слот A | Роз'єм для підключення карти пам'яті в консолі. |\n| POWER Button | Кнопка POWER | Кнопка живлення консолі GameCube. |\n| The Legend of Zelda: Twilight Princess | The Legend of Zelda: Twilight Princess | Назва гри, залишається без перекладу. |\n| save file | файл збереження | Файл, що містить збережений прогрес гри. |\n| blocks | блоки | Одиниці вимірювання пам'яті на карті пам'яті. |\n| Memory Card Screen | Екран карти пам'яті | Системне меню для керування файлами на карті пам'яті. |\n| Quest Log | Журнал завдань | Файл збереження з прогресом проходження гри. |\n| green Rupee | зелена рупія | Ігрова валюта вартістю 1 одиницю. |\n| blue Rupee | синя рупія | Ігрова валюта вартістю 5 одиниць. |\n| yellow Rupee | жовта рупія | Ігрова валюта вартістю 10 одиниць. |\n| red Rupee | червона рупія | Ігрова валюта вартістю 20 одиниць. |\n| purple Rupee | фіолетова рупія | Ігрова валюта вартістю 50 одиниць. |\n| orange Rupee | помаранчева рупія | Ігрова валюта вартістю 100 одиниць. |\n| silver Rupee | срібна рупія | Ігрова валюта вартістю 200 одиниць. |\n| bomb bag | сумка для бомб | Предмет для зберігання та перенесення бомб. |\n| bombs | бомби | Вибухові предмети для знищення перешкод та ворогів. |\n| Hero's Bow | Лук героя | Зброя для стрільби стрілами на відстані. |\n| bomb arrows | вибухові стріли | Стріли з прикріпленими бомбами для комбінованої атаки. |\n| arrows | стріли | Боєприпаси для лука. |\n| foes | вороги | Противники, з якими гравець бореться в грі. |\n| seeds | насіння | Боєприпаси для рогатки, використовуються як снаряди. |\n| slingshot | рогатка | Зброя дальнього бою, яка стріляє насінням. |\n| water bombs | водяні бомби | Вибухівка, яку можна використовувати у воді, але не під час плавання. |\n| bomblings | бомблінги | Маленькі бомби, які рухаються вперед і вибухають при зіткненні або через деякий час. |\n| fairy | фея | Магічна істота в пляшці, яка відновлює здоров'я гравця при смерті або використанні. |\n| hearts | серця | Одиниці здоров'я гравця в грі. |\n| small key | малий ключ | Ключ, який відкриває замкнені двері тільки в поточній локації. |\n| Piece of Heart | Частина Серця | Колекційний предмет; 5 частин формують новий Контейнер Серця. |\n| Heart Container | Контейнер Серця | Збільшує максимальну кількість здоров'я гравця на одне серце. |\n| dungeon map | карта підземелля | Показує планування підземелля, відвідані кімнати та поточне місцезнаходження. |\n| compass | компас | Інструмент, який показує розташування прихованих об'єктів у підземеллі. |\n| Ooccoo | Уку | Персонаж, який дозволяє гравцю покинути підземелля і повернутися пізніше. |\n| big key | великий ключ | Ключ, який відкриває доступ до лігва боса підземелля. |\n| Ordon sword | меч Ордона | Меч, виготовлений Раслом як данина королівській родині. |\n| Master Sword | Майстер-меч | Легендарна зброя, яку може використовувати лише справжній герой. |\n| Ordon shield | щит Ордона | Дерев'яний щит для захисту, який може згоріти від вогню. |\n| wooden shield | дерев'яний щит | Базовий щит для захисту, вразливий до вогню. |\n| Hylian shield | хайліанський щит | Металевий щит, який ніколи не згорить. |\n| magic armor | магічна броня | Броня, яка витрачає рупії замість здоров'я при отриманні пошкоджень. |\n| Rupees | рупії | Валюта в грі, використовується для покупок. |\n| Zora armor | броня Зора | Спеціальний обладунок королівської родини Зора, дозволяє вільно рухатися під водою. |\n| big wallet | великий гаманець | Дозволяє зберігати до 600 рупій. |\n| giant wallet | гігантський гаманець | Символ шанованого громадянина королівства комах, вміщує до 1000 рупій. |\n| dungeon | підземелля | Складна локація з головоломками, ворогами та босом. |\n| boss | бос | Головний ворог підземелля або локації. |\n| Rusl | Расл | Найкращий мечник Ордона, який виготовив меч Ордона. |\n| Ordon | Ордон | Назва села або регіону в грі. |\n| Malo Mart | Мало Март | Магазин у грі, де можна купити предмети. |\n| coral earring | коралова сережка | Прикраса з дорогоцінного коралу з Володіння Зора у формі гачка для риболовлі. Дозволяє ловити рікфіш. |\n| Zora's Domain | Володіння Зора | Локація, звідки походить дорогоцінний корал. Місце проживання народу Зора. |\n| reekfish | рікфіш | Вид риби, яку можна зловити за допомогою коралової сережки як гачка. |\n| Hawkeye | Соколине Око | Оптичний приціл для збільшення віддалених об'єктів. Поєднується з Луком Героя для точної стрільби. |\n| wooden sword | дерев'яний меч | Меч, відточений Руслом. Простий у використанні для базових атак. |\n| Gale Boomerang | Буревійний Бумеранг | Таємничий бумеранг з Феєю Вітрів всередині. Засмоктує предмети силою вітру та може захоплювати до 5 цілей. |\n| Fairy of Winds | Фея Вітрів | Магічна істота, що живе всередині Буревійного Бумеранга та надає йому силу вітру. |\n| Spinner | Спінер | Стародавній механізм для левітації. Дозволяє рухатися по піску та рейках на стінах. |\n| Ball and Chain | Куля на Ланцюгу | Гігантська залізна куля з неймовірною силою для завдання серйозної шкоди. |\n| Gorons | горони | Раса гірських істот, колишні власники Лука Героя. Відомі своєю силою. |\n| Clawshot | Кігтемет | Гак на довгому ланцюгу для чіплення за спеціальні мішені та подолання великих відстаней. |\n| Double Clawshots | Подвійний Кігтемет | Два Кігтемети разом, що дозволяють стріляти повторно під час висіння. |\n| Iron Boots | Залізні Чоботи | Чоботи, що роблять носія настільки важким, що навіть горон не зможе зрушити. |\n| Dominion Rod | Жезл Володаря | Дивовижний жезл, що оживляє стародавні статуї. Статуї рухаються як їхній господар. |\n| lantern | ліхтар | Необхідний для освітлення темних місць. Потребує олії для роботи та може підпалювати предмети. |\n| Twilight Realm | Сутінкове Царство | Альтернативний вимір темряви, де Майстер-Меч світиться золотим світлом. |\n| fishing rod | вудка | Проста вудка з поплавцем для ловлі риби. Можна ловити без наживки, але з наживкою різноманітність більша. |\n| giant bomb bags | гігантські торби для бомб | Дозволяють носити вдвічі більше бомб. Місткість залежить від типу бомб. |\n| big quiver | великий сагайдак | Може вміщувати до 60 стріл. |\n| giant quiver | гігантський сагайдак | Може вміщувати до 100 стріл. |\n| empty bottle | порожня пляшка | Універсальна ємність для зберігання води та інших рідин чи предметів. |\n| red potion | червоне зілля | Відновлює 8 сердець здоров'я при випиванні. |\n| blue potion | синє зілля | Відновлює всі серця здоров'я при випиванні. |\n| milk | молоко | Одна пляшка містить дві порції. Кожна порція відновлює три серця. |\n| bottle | пляшка | Контейнер для зберігання різних предметів та рідин. |\n| lantern oil | олія для ліхтаря | Паливо, необхідне для роботи ліхтаря. |\n| water | вода | Рідина, яку можна розбризкувати на різні об'єкти. |\n| nasty soup | огидний суп | Спеціальний рецепт Коро з невідомим ефектом. |\n| Coro | Коро | Персонаж, який готує особливий суп. |\n| hot springwater | гаряча джерельна вода | Поживна вода, що відновлює всі серця, поки тепла. |\n| Great Fairy's Tears | Сльози Великої Феї | Священна вода, що відновлює здоров'я і тимчасово підвищує силу атаки. |\n| Great Fairy | Велика Фея | Могутня магічна істота, чиї молитви містяться у священній воді. |\n| life energy | життєва енергія | Здоров'я персонажа. |\n| attack strength | сила атаки | Показник шкоди, яку завдає персонаж. |\n| worm | черв'як | Наживка для риболовлі, яку люблять риби. |\n| bee larva | бджолина личинка | Їстівна наживка для риболовлі, відновлює 1/4 серця. |\n| Chu Jelly | желе Чу | Желеподібна речовина різних кольорів з різними ефектами. |\n| rare Chu Jelly | рідкісне желе Чу | Відновлює всю енергію і тимчасово підвищує силу атаки. |\n| red Chu Jelly | червоне желе Чу | Відновлює 8 сердець здоров'я. |\n| blue Chu Jelly | синє желе Чу | Відновлює всі серця здоров'я. |\n| yellow Chu Jelly | жовте желе Чу | Використовується для заправки ліхтаря. |\n| purple Chu Jelly | фіолетове желе Чу | Має невідомий ефект при вживанні. |\n| simple soup | простий суп | Суп з запахом рибного бульйону, відновлює 2 серця. |\n| good soup | хороший суп | Суп з запахом гарбузів, відновлює 4 серця. |\n| superb soup | чудовий суп | Суп з сирним запахом, відновлює здоров'я. |\n| Renado's letter | лист Ренадо | Лист від персонажа на ім'я Ренадо з детальними інструкціями щодо лікування Ілії для відновлення її пам'яті. |\n| Ilia | Ілія | Ім'я жіночого персонажа, яка втратила пам'ять і потребує лікування. |\n| invoice | рахунок | Рахунок за послуги міського лікаря на астрономічну суму. |\n| wooden statue | дерев'яна статуетка | Статуетка незвичайної форми, що колись належала Ілії і може допомогти відновити її пам'ять. |\n| Ilia's charm | оберіг Ілії | Оберіг, який Ілія залишила жінці, що врятувала її. Ключ до відновлення пам'яті Ілії. |\n| horse call | поклик коня | Предмет, створений Ілією, який дозволяє покликати коня, граючи його улюблену мелодію. |\n| Auru's memo | записка Ауру | Записка від Ауру, адресована Файєру з озера Хайлія. |\n| Auru | Ауру | Ім'я персонажа, який написав записку. |\n| Fyer | Файєр | Персонаж, який знаходиться біля озера Хайлія. |\n| Lake Hylia | озеро Хайлія | Назва локації у грі. |\n| Ashei's sketch | ескіз Ашей | Швидко намальований малюнок істоти, яку Ашей бачила з червоною рибою. |\n| Ashei | Ашей | Ім'я персонажа, який намалював ескіз. |\n| red fish | червона риба | Риба, яку тримала істота на ескізі Ашей. |\n| black Chu Jelly | чорне желе Чу | Чорне желе, яке виглядає дуже шкідливим для здоров'я. |\n| bottle of oil | пляшка олії | Олія, необхідна для заправки ліхтаря. |\n| Tear of Light | Сльоза Світла | Священна сльоза, яка розсіює сутінки. Збирається у Посудину Світла. |\n| Vessel of Light | Посудина Світла | Посудина для збирання Сльоз Світла, необхідна для розсіювання сутінків і повернення світла. |\n| twilight | сутінки | Темрява або тіньовий стан, який покриває певні локації у грі. |\n| senses | чуття | Особлива здатність бачити прихованих ворогів, які тримають Сльози Світла. |\n| beetle | жук | Комаха, яку можна зловити; цінується любителями комах за золотистий колір. |\n| butterfly | метелик | Комаха, яку можна зловити; цінується любителями комах за золотистий колір. |\n| stag beetle | жук-олень | Комаха, яку можна зловити; цінується любителями комах за золотистий колір. |\n| grasshopper | коник | Комаха, яку можна зловити; цінується любителями комах за золотистий колір. |\n| phasmid | паличник | Комаха, яку можна зловити; цінується любителями комах за золотистий колір. |\n| pill bug | мокриця | Комаха, яку можна зловити; цінується любителями комах за золотистий колір. |\n| Collection screen | екран колекції | Меню, де можна переглянути зловлених комах. |\n| mantis | богомол | Комаха, яку можна зловити в грі. Відображається на екрані колекції. |\n| ladybug | сонечко | Комаха, яку можна зловити в грі. Має золотий колір. |\n| snail | равлик | Молюск, якого можна зловити. Фанати равликів люблять золотий колір. |\n| dragonfly | бабка | Комаха, яку можна зловити та переглянути в колекції. |\n| ant | мураха | Комаха, яку можна зловити в грі. |\n| dayfly | одноденка | Комаха, яку можна зловити та додати до колекції. |\n| Bug fans | Фанати комах | Персонажі або гравці, які цінують зловлених комах. |\n| Poe's soul | Душа По | Предмет, який випадає після перемоги над По. Збирається в колекцію. |\n| Poe | По | Ворог-привид, якого потрібно перемогти для отримання душі. |\n| Ancient Sky Book | Стародавня Небесна Книга | Книга, написана давньою небесною мовою. Містить підказку до шляху на небо. |\n| Sky character | Небесний символ | Відсутня частина слова в Стародавній Небесній Книзі. |\n| City in the Sky | Місто в Небі | Локація в грі, куди можна потрапити за допомогою Окку. |\n| Oocca | Окка | Раса, до якої належить Окку. |\n| Rupee | рупія | Основна валюта у світі гри. |\n| Faron Woods | Фаронський Ліс | Локація в грі, доступ до якої відкривається ключем. |\n| gate keys | ключі від воріт | Ключі, які відкривають ворота на шляху до Какаріко. |\n| Kakariko | Какаріко | Село або локація в грі. |\n| Ordon pumpkin | ордонський гарбуз | Гарбуз, вирощений у рідному селі гравця Ордоні. |\n| Ordon goat cheese | ордонський козячий сир | Сир, виготовлений з молока ордонських кіз. |\n| bedroom key | ключ від спальні | Ключ, який дає доступ до спальні з уламком дзеркала. |\n| mirror shard | уламок дзеркала | Частина дзеркала, яка знаходиться в спальні. |\n| key shard | уламок ключа | Частина великого ключа. Потрібно зібрати всі три уламки. |\n| Pieces of Heart | Частини серця | Колекційні предмети для збільшення здоров'я. |\n| Ooccoo Jr. | Окку-молодший | Дитина Окку, допомагає в підземеллях. |\n| Ooccoo's Note | Записка Окку | Повідомлення від Окку. |\n| Ranch Clothes | Одяг ранчо | Повсякденний одяг героя. |\n| Hero's Clothes | Одяг героя | Традиційний зелений одяг героя. |\n| Zora | Зора | Водяна раса в грі. |\n| Shadow Crystal | Кристал тіні | Предмет, пов'язаний з темною магією. |\n| Wallet | Гаманець | Базовий гаманець для зберігання рупій. |\n| Giant Bomb Bag | Гігантська сумка для бомб | Найбільша сумка для зберігання бомб. |\n| Fire Arrow | Вогняна стріла | Стріла з вогняним ефектом. |\n| Quiver | Сагайдак | Базовий сагайдак для стріл. |\n| Magic Potion | Магічне зілля | Зілля для відновлення магії. |\n| Fairy's Tears | Сльози феї | Рідкісний предмет від феї. |\n| Green Chu Jelly | Зелене желе Чу | Желе від зеленого Чу. |\n| Mirror Shards | Уламки Дзеркала | Фрагменти Дзеркала Сутінків, необхідні для відновлення артефакту. |\n| Scent of Ilia | Запах Ілії | Аромат, що дозволяє відстежувати Ілію у вовчій формі. |\n| Poe Scent | Запах По | Аромат духів По для відстеження. |\n| Reekfish Scent | Запах Рікфіша | Запах риби Рікфіш для відстеження. |\n| Youths' Scent | Запах Юнаків | Аромат молодих людей для відстеження. |\n| Medicine Scent | Запах Ліків | Аромат медикаментів для відстеження. |\n| Poe Souls | Душі По | Душі духів По, які можна збирати та обмінювати. |\n| Filled Sky Book | Заповнена Небесна Книга | Небесна книга після заповнення всіх літер. |\n| Gate Key | Ключ від Воріт | Спеціальний ключ для відкриття воріт. |\n| Ordon Cheese | Ордонський Сир | Сир з села Ордон, виготовлений з козячого молока. |\n| Surf Leaf | Листок для Серфінгу | Великий листок для ковзання по воді. |\n| Child's Wallet | Дитячий Гаманець | Гаманець з дитинства, вміщує до 300 рупій. |\n| Adult's Wallet | Дорослий Гаманець | Гаманець від Агіти, вміщує до 600 рупій. |\n| Giant's Wallet | Гігантський Гаманець | Найбільший гаманець від Агіти, вміщує до 1000 рупій. |\n| Hyrule | Хайрул | Королівство, де відбуваються події гри. |\n| Agitha | Агіта | Принцеса королівства комах, колекціонує комах. |\n| Iza | Іза | Власниця пункту прокату човнів, дає сумку для бомб. |\n| Goron | Горон | Раса гірських істот, що живуть у вулканічних регіонах. |\n| Chu | Чу | Желеподібні вороги різних кольорів. |\n| Epona | Епона | Вірний кінь головного героя. |\n| Twilight Mirror | Дзеркало Сутінків | Стародавній артефакт, зібраний з уламків. |\n| pellets | кульки | Боєприпаси для рогатки, максимум 50 штук. |\n| ancient statues | стародавні статуї | Статуї, які можна оживити за допомогою містичного жезла. |\n| Temple of Time | Храм Часу | Місце, звідки походить містичний жезл для оживлення статуй. |\n| larva | личинка | Принада для вудки, використовується для ловлі риби. |\n| earring hook | гачок-сережка | Спеціальний гачок для вудки, який можна використовувати з різними принадами. |\n| Death Mountain | Гора Смерті | Локація, звідки походить знамените гаряче джерельне вода. |\n| Items screen | екран предметів | Меню інвентаря, де гравець керує своїми предметами та спорядженням. |\n| attack power | сила атаки | Показник, що визначає величину шкоди, яку завдає персонаж. |\n| beehive | бджолиний вулик | Джерело личинок для наживки. |\n| rare Chu | рідкісний Чу | Особливий тип Чу, що дає поживне желе з покращеними властивостями. |\n| red Chu | червоний Чу | Різновид Чу, з якого отримують червоне желе для відновлення здоров'я. |\n| blue Chu | синій Чу | Різновид Чу, з якого отримують синє желе для повного відновлення здоров'я. |\n| yellow Chu | жовтий Чу | Різновид Чу, що дає олійне желе для заправки ліхтаря. |\n| purple Chu | фіолетовий Чу | Різновид Чу з підозрілим желе, ефект якого непередбачуваний. |\n| black Chu | чорний Чу | Різновид Чу, що дає погано пахнуче желе. |\n| Yeto | Єто | Персонаж, який готує домашній суп з різними інгредієнтами. |\n| Renado | Ренадо | Персонаж, який написав листа до Телми про лікування Ілії. |\n| Telma | Телма | Персонаж, якому адресований лист Ренадо. |\n| tears of light | сльози світла | Магічні предмети, які збираються в спеціальний контейнер від духа. |\n| Mirror of Twilight | Дзеркало Сутінків | Артефакт, що з'єднує світло і тінь, складається з кількох частин. |\n| Lanayru Province | провінція Ланайру | Регіон у грі, де знайдено гаманець Ілії. |\n| Arbiter's Grounds | Землі Арбітра | Локація в пустелі, де водяться привиди. |\n| Eldin Province | провінція Елдін | Регіон у грі, де знайдено дерев'яний меч. |\n| Faron Province | провінція Фарон | Регіон у грі, де знайдено золотого жука. |\n| Castle Town | Замкове Місто | Головне місто в грі, розташоване біля замку. |\n| Hyrule Castle | замок Хайрул | Головний замок королівства Хайрул. |\n| Kakariko Village | село Какаріко | Село в грі, біля якого знаходяться різні локації. |\n| Bridge of Eldin | міст Елдіна | Локація, де знайдено золотого привида. |\n| Kakariko Gorge | ущелина Какаріко | Локація біля села Какаріко, де знайдено золотого мокрицю. |\n| Great Bridge of Hylia | Великий міст Хілії | Велика локація-міст, названа на честь богині Хілії. |\n| Sacred Grove | Священна гаща | Таємнича лісова локація з особливим значенням. |\n| Zora's River | Річка Зора | Річка, пов'язана з народом Зора. |\n| Gerudo Desert | Пустеля Герудо | Пустельна локація, домівка племені Герудо. |\n| Poes | По | Духи-привиди, які можна побачити лише за допомогою особливих здібностей. |\n| Sky language | Небесна мова | Стародавня мова, пов'язана з небесними істотами. |\n| Snowpeak | Сніжний пік | Гірська снігова локація з особняком, де зберігається уламок дзеркала. |\n| Goron elder | старійшина Горонів | Лідер народу Горонів, який був перетворений темною магією. |\n| Forest Temple | Лісовий храм | Підземелля, розташоване в лісі. |\n| Goron Mines | Шахти Горонів | Підземелля в гірських шахтах народу Горонів. |\n| Lakebed Temple | Храм на дні озера | Підземелля, розташоване під водою. |\n| Snowpeak Ruins | Руїни Сніжного піку | Занедбаний особняк на засніженій горі. |\n| Palace of Twilight | Палац сутінків | Підземелля в Сутінковому царстві. |\n| Link | Лінк | Ім'я головного героя гри. |\n| Map | Карта | Предмет, який показує планування підземелля. |\n| Wii System Memory | Системна пам'ять Wii | Внутрішня пам'ять консолі Wii для збереження даних. |\n| Ordon Ranch | Ранчо Ордон | Ферма в селі Ордон, де Лінк працює пастухом. |\n| Ordon Village | Село Ордон | Мирне село на околиці Хайрулу, де починається пригода Лінка. |\n| Graveyard | Цвинтар | Кладовище біля села Какаріко з підземними катакомбами. |\n| Mirror Chamber | Зала Дзеркала | Місце, де зберігається Дзеркало Сутінків. |\n| Hyrule Field | Поле Хайрул | Великі відкриті простори, що з'єднують різні регіони Хайрулу. |\n| Hyrule Castle Town | Замкове Місто Хайрул | Головне місто королівства Хайрул. |\n| Sera's Sundries | Крамниця Сери | Магазин у селі Ордон. |\n| Barnes Bombs | Бомби Барнса | Магазин вибухівки в селі Какаріко. |\n| STAR Tent | Намет ЗІРКА | Розважальний намет у Замковому Місті. |\n| Telma's Bar | Бар Тельми | Таверна в Замковому Місті, де збирається група опору. |\n| Fanadi's Palace | Палац Фанаді | Будинок ворожки в Замковому Місті. |\n| Agitha's Castle | Замок Аґіти | Будинок дівчинки, яка колекціонує комах. |\n| Jovani's House | Будинок Джовані | Дім багатія, прокльятого перетворенням на золоту статую. |\n| Hidden Village | Приховане Село | Таємне село, заселене котами. |\n| Castle Town Sewers | Каналізація Замкового Міста | Підземні тунелі під містом. |\n| Fishing Hole | Рибальське Місце | Ставок для риболовлі. |\n| Twilit Parasite | Сутінковий Паразит | Комахоподібні створіння, що несуть сльози світла. |\n| DIABABA | ДІАБАБА | Бос Лісового Храму, гігантська хижа рослина. |\n| Twilit Igniter | Сутінковий Запалювач | Підзаголовок боса Файруса. |\n| FYRUS | ФАЙРУС | Бос Шахт Горонів, вогняний велетень у ланцюгах. |\n| Twilit Aquatic | Сутінковий Водяний | Підзаголовок боса Морфіла. |\n| MORPHEEL | МОРФІЛ | Бос Храму Озерного Дна, гігантська водяна істота. |\n| Twilit Fossil | Сутінкова Скам'янілість | Підзаголовок боса Сталлорда. |\n| STALLORD | СТАЛЛОРД | Бос Земель Арбітра, гігантський скелет динозавра. |\n| Twilit Ice Mass | Сутінкова Крижана Маса | Підзаголовок боса Бліззети. |\n| BLIZZETA | БЛІЗЗЕТА | Бос Руїн Сніжного Піку, одержима крижаним дзеркалом. |\n| Twilit Arachnid | Сутінковий Павукоподібний | Підзаголовок боса Армогоми. |\n| ARMOGOHMA | АРМОГОМА | Бос Храму Часу, гігантський броньований павук. |\n| Twilit Dragon | Сутінковий Дракон | Підзаголовок боса Аргорока. |\n| ARGOROK | АРГОРОК | Бос Міста в Небі, броньований вогняний дракон. |\n| Usurper King | Король-Узурпатор | Підзаголовок боса Занта. |\n| ZANT | ЗАНТ | Бос Палацу Сутінків, самопроголошений король сутінків. |\n| Dark Lord | Темний Володар | Підзаголовок фінального боса Ганондорфа. |\n| GANONDORF | ГАНОНДОРФ | Фінальний бос гри, втілення зла та влади. |\n| Ganon's Puppet | Маріонетка Ганона | Підзаголовок одержимої принцеси Зельди. |\n| ZELDA | ЗЕЛЬДА | Принцеса Хайрулу, тимчасово контрольована Ганондорфом. |\n| Dark Beast | Темний Звір | Підзаголовок звіриної форми Ганона. |\n| GANON | ГАНОН | Звіряча форма Ганондорфа у фінальній битві. |\n| Sensor Bar | Сенсорна Панель | Пристрій для відстеження Wii Remote. |\n| Wii Remote | Wii Remote | Бездротовий контролер для консолі Wii. |\n| Collection | Колекція | Меню інвентарю та карти. |\n| Helm splitter | Розсікач шолома | Спеціальна атака з підскоком та ударом зверху. |\n| Shield attack | Атака щитом | Удар щитом для оглушення ворогів. |\n| Spin attack | Обертова атака | Кругова атака мечем. |\n| Hyrule Kingdom | Королівство Хайрул | Головне королівство у грі, де відбувається дія. |\n| Ordon Woods | Ордонський ліс | Лісова місцевість біля села Ордон. |\n| Ordona Province | Провінція Ордона | Регіон, де знаходиться село Ордон. |\n| Peak Province | Провінція Вершин | Гірський регіон зі снігом. |\n| Desert Province | Пустельна провінція | Регіон з пустелею Герудо. |\n| Fused Shadows | Злиті тіні | Артефакти з небезпечною силою, розшукувані духами світла. |\n| Hidden Skills | Приховані навички | Спеціальні бойові техніки, які можна вивчити у золотого вовка. |\n| Golden Bugs | Золоті жуки | Колекційні комахи золотого кольору, розкидані по світу. |\n| Mansion Map | Карта особняка | Карта, що показує кімнати та поверхи особняка. |\n| Fish Journal | Журнал риболовлі | Записник для відстеження спійманої риби. |\n| Bobber Journal | Журнал поплавця | Записник для риболовлі з поплавцем. |\n| Ordon Catfish | Ордонський сом | Вид риби з околиць Ордона. |\n| Hylian Pike | Хайрульська щука | Вид щуки з вод Хайрулу. |\n| Greengill | Зеленозяброва | Риба із зеленими зябрами. |\n| Hylian Loach | Хайрульський в'юн | Рідкісна риба, важка для ловлі. |\n| Hyrule Bass | Хайрульський окунь | Поширений вид риби в Хайрулі. |\n| Portal | Портал | Магічний прохід, що з'являється після знищення темних створінь. |\n| Hour of twilight | Година сутінків | Особливий час, коли відчуваються духи померлих. |\n| Light spirits | Духи світла | Божественні істоти, що охороняють провінції Хайрулу. |\n| Golden wolf | Золотий вовк | Таємничий вовк, що навчає прихованим навичкам. |\n| Howling stones | Виючі камені | Місця, де можна покликати золотого вовка. |\n| Ordon Spring | Ордонське джерело | Священне джерело духа світла біля села Ордон. |\n| Forest spring | Лісове джерело | Цілюще джерело в лісі з духовною силою. |\n| Transform into wolf | Перетворитися на вовка | Здатність головного героя змінювати форму. |\n| Transform into human | Перетворитися на людину | Повернення до людської форми з вовчої. |\n| Midna | Мідна | Супутниця головного героя з сутінкового світу. |\n| Talo | Тало | Ім'я персонажа, якого було захоплено. Згадується в діалозі на початку. |\n| Colin | Колін | Ім'я персонажа, який розмовляє з головним героєм. Турбується про коня героя. |\n| porcelain horse call | порцеляновий кінський поклик | Предмет-подарунок, який отримує гравець перед подорожжю. |\n| spring | джерело | Місце, куди закликають прийти героя. Пов'язане з духами світла. |\n| shadow | тінь | Темна сила, яка перетворює героя та світ. Протилежність світлу. |\n| Twilight Princess | Сутінкова Принцеса | Титул Мідни. Вона є принцесою сутінкового царства. |\n| king that rules the twilight | король, що править сутінками | Антагоніст, який перетворив Хайрул на світ тіней. |\n| world of shadows | світ тіней | Перетворене царство Хайрул, де панують створіння, що уникають світла. |\n| shadow beasts | тіньові звірі | Створіння темряви, які шукають Мідну по всьому світу. |\n| darkened realm | затемнене царство | Альтернативна назва сутінкового світу, звідки вийшов герой. |\n| four light spirits | чотири духи світла | Божественні істоти, які захищають Хайрул за велінням богів. |\n| Ordona | Ордона | Ім'я одного з чотирьох духів світла, який розмовляє з героєм. |\n| shadow being | тіньова істота | Чорний звір, створіння темряви, яке намагається вкрасти силу світла. |\n| power of light | сила світла | Божественна енергія, якою володіють духи світла. |\n| light | світло | Священна сила, яку вкрали тіньові звірі у духів. |\n| fell beasts | зловісні звірі | Прокляті створіння, які вкрали світло у духів. |\n| netherworld | потойбічний світ | Стан, до якого було зведене королівство під владою темряви. |\n| world of light | світ світла | Нормальний світ, який перебуває під загрозою захоплення королем сутінків. |\n| king of twilight | король сутінків | Правитель темряви, який загрожує всьому світу світла. |\n| three light spirits | три духи світла | Духи в Хайрулі, які втратили своє світло і потребують відродження. |\n| light spirit | дух світла | Божественна істота, чия сила може повернути героєві його справжню форму. |\n| blue-eyed beast | синьоокий звір | Форма, в яку було перетворено героя в царстві тіней. |\n| tear | сльоза | Предмет або сутність, яку потрібно зібрати для відновлення світла. |\n| bow | лук | Зброя дальнього бою, якою гравець цілиться та стріляє стрілами. Використовується для ураження ворогів на відстані. |\n| scarecrow | опудало | Тренувальна ціль для практики стрільби з лука. |\n| reticule | приціл | Червоний маркер на екрані для наведення зброї на ціль. |\n| Princess Zelda | Принцеса Зельда | Головний персонаж серії ігор, принцеса королівства Хайрул. |\n| oil | олія | Паливо для ліхтаря, яке дозволяє безпечно подорожувати вночі. |\n| tears | сльози | Сльози, що пронизують темряву, які потрібно зібрати у Посудину Світла. |\n| Prince Zora | принц Зора | Персонаж, якого рятують у грі. |\n| Faron | Фарон | Один з духів світла, що живуть у Хайрулі. Захищає ліс за наказом богів. |\n| green tunic | зелена туніка | Одяг, що колись належав стародавньому герою, обраному богами. |\n| chosen one | обраний | Герой, обраний богами, в якому прокидаються особливі сили. |\n| dark power | темна сила | Заборонена сила, що знаходиться в храмі глибоко в лісі. |\n| temple | храм | Місце в глибині лісу, де знаходиться заборонена темна сила. |\n| spirits of light | духи світла | Духи, що живуть у Хайрулі та захищають землі за наказом богів. |\n| king of shadows | король тіней | Ворог, силі якого має протистояти герой. |\n| sanctuary | святилище | Безпечне місце, де ховаються люди від чудовиськ. |\n| cellar | підвал | Підземне приміщення, вхід до якого відкривається після запалення всіх свічок. Використовується як укриття. |\n| Fused Shadow | Злита Тінь | Артефакт темної сили, який потрібно знайти. Всього їх три. |\n| Eldin | Елдін | Один із духів світла Хайрулу, що охороняє певні землі. |\n| sacred grounds | священні землі | Святі місця гірських мешканців, осквернені темрявою. |\n| mountain dwellers | гірські мешканці | Племя горонів, що живе в горах. |\n| Luda | Луда | Дочка Ренадо. |\n| mines | шахти | Копальні горонів, куди вони не пускають людей. |\n| spirit | дух | Духовна істота, що може давати поради герою. |\n| Lanayru | Ланайру | Дух світла, що охороняє певні землі Хайрулу. |\n| Sacred Realm | Священне Царство | Землі, де зійшли богині та дарували порядок світу. |\n| goddesses | богині | Божества, що створили порядок у світі та замкнули заборонену силу. |\n| interlopers | чужинці | Ті, хто жив у світлі та володів магією, спричинивши велику битву. |\n| Beth | Бет | Одна з дітей, врятованих героєм. |\n| Barnes | Барнс | Ім'я персонажа, згадане в діалозі. |\n| sorcery | чаклунство | Потужна магія, якою володіли ті, хто намагався захопити Священне Царство. |\n| shaman | шаман | Цілитель у селі Какаріко, який лікує ґоронів та зора. |\n| Zoras | зора | Водний народ. У тексті згадується дитина зора, яка потребує лікування. |\n| dangerous beasts | небезпечні звірі | Загроза на рівнинах по дорозі до Какаріко. |\n| warp | телепортація | Здатність миттєво переміщуватися між локаціями. Доступна у формі вовка. |\n| province | провінція | Регіон або область на карті світу гри. |\n| light world | світлий світ | Те саме, що світ світла - звичайний вимір. |\n| light dwellers | мешканці світла | Жителі звичайного світу Хайрулу. |\n| princess | принцеса | Принцеса Зельда, правителька Хайрулу. |\n| castle | замок | Замок Хайрулу, де утримується принцеса. |\n| ancient wood | стародавній ліс | Давня лісова локація, деховається уламок дзеркала. |\n| sky | небо | Небесна локація, де знаходиться один з уламків. |\n| curtain of twilight | завіса сутінків | Межа між світлом та сутінками, що перетворює на звіра. |\n| evil power | зла сила | Темна магія, відмінна від магії Сутінкового Царства. |\n| blade of evil's bane | клинок прокляття зла | Опис Майстер Меча - зброї проти зла. |\n| ancient sages | стародавні мудреці | Давні мудреці, що створили Майстер Меч. |\n| hero | герой | Головний персонаж, обраний богинями. |\n| spirit's spring | джерело духа | Священне місце, де перебуває дух-охоронець. |\n| shadow magic | магія тіні | Магія племені Сутінкового Царства. |\n| evil magic | зла магія | Темна магія Занта, відмінна від магії тіні. |\n| beast | звір | Форма вовка, в яку перетворюється герой. |\n| wolf | вовк | Звірина форма головного героя. |\n| Lava fusion event | Подія злиття лави | Тимчасова демонстраційна подія, пов'язана з Гірою Смерті. |\n| spirit Eldin | дух Елдін | Один із духів-охоронців Хайрулу. |\n| Twili | Твілі | Народ, що був вигнаний до Сутінкового Царства. |\n| dark insects | темні комахи | Вороги, яких потрібно знищити для збору Сліз Світла. |\n| divine beast | божественний звір | Форма, в якій Герой з'являється у Сутінковому Царстві. |\n| sages | мудреці | Охоронці Дзеркала Сутінків, що служать богиням. |\n| chosen power of the gods | обрана сила богів | Божественна сила, якою був благословлений Ґанондорф. |\n| fragments | уламки | Частини розбитого Дзеркала Сутінків, розкидані по Хайрулу. |\n| curse | прокляття | Темна магія, накладена на Мідну богом Занта. |\n| magic | магія | Надприродна сила, якою володіють Твілі та інші персонажі. |\n| leader of the Twili | лідер Твілі | Титул правителя народу Твілі, який володіє особливою магією. |\n| absolute power | абсолютна влада | Найвища форма сили, дарована богами обраним героям. |\n| sword | меч | Зброя ближнього бою, необхідна для битви. |\n| shield | щит | Захисний предмет, який можна знайти в будинку з водяним колесом. |\n| Spirits of the light | Духи світла | Божественні сутності, що володіють силою світла і допомагають герою. |\n| chosen hero | обраний герой | Головний персонаж, посланий богинями для порятунку світу. |\n| king of light and shadow | король світла і тіні | Титул, який присвоює собі Ганондорф. |\n| Hylian crest | герб Хайліану | Символ королівства Хайрул на щиті. |\n| targets | цілі | Об'єкти або вороги, по яких можна атакувати або спрямовувати предмети. |\n| ancient machine | стародавня машина | Механічний пристрій, створений у давнину, здатний літати. |\n| wall rails | настінні рейки | Спеціальні направляючі на стінах, по яких можна їздити. |\n| iron ball | залізна куля | Велика куля на ланцюзі, яку можна розкрутити для атаки. |\n| Goron treasure | скарб ґоронів | Цінний предмет народу ґоронів, використовуваний стародавнім героєм. |\n| ancient hero | стародавній герой | Легендарний воїн минулого, який використовував особливу зброю. |\n| chain | ланцюг | Металевий ланцюг з гаком на кінці для переміщення. |\n| claw | гак | Кігтеподібний пристрій на кінці ланцюга для зачіплення. |\n| Clawshots | Подвійні гаки | Пара гаків-ланцюгів для переміщення між точками зачіплення. |\n| fuel | паливо | Олія для заправки ліхтаря, без якої він не горітиме. |\n| bobber | поплавець | Частина вудки, яка сигналізує про поклювку. |\n| bait | наживка | Приманка для риби, яку прикріплюють до гачка. |\n| pellet | кулька | Боєприпас для рогатки, можна носити до 50 штук. |\n| servings | порцій | Кількість разів, які можна використати предмет. |\n| Coro's homemade soup | домашній суп Коро | Особливий суп з непередбачуваним ефектом. |\n| Death Mountain hot springwater | гаряча вода з джерела Гори Смерті | Цілюща вода, яка відновлює всі сердця, але охолоджується з часом. |\n| Item Screen | Екран предметів | Меню, де можна керувати інвентарем та створювати спеціальні предмети. |\n| Jovani | Джовані | Персонаж, якому потрібно принести 20 або більше душ По. |\n| Purlo | Пурло | Персонаж, який надсилає листи гравцеві. |\n| Fanadi | Фанаді | Ворожка, яка має свій палац. |\n| Princess Agitha | Принцеса Аґіта | Персонаж, який збирає комах і має свою мрію. |\n| Impaz | Імпаз | Персонаж, який надсилає листи. |\n| Shad | Шад | Персонаж, який надсилає листи гравцеві. |\n| Yeta | Єта | Дружина Єто, яка надсилає листи. |\n| The Postman | Листоноша | Персонаж, який доставляє пошту гравцеві. |\n| bar | бар | Заклад Телми в Місті-Фортеці. Місце зустрічі з союзниками та отримання квестів. |\n| STAR game | гра ЗІРКА | Популярна міні-гра в Хайрулі. Доступна в різних локаціях з новими викликами. |\n| Iza's Rapid Ride | Сплав Ізи | Атракціон зі стрільбою по мішенях на річці. Безкоштовне використання вибухових стріл. |\n| Hena's Fishing Hole | Рибальське Місце Гени | Локація для риболовлі з використанням приманок. Міні-гра для дорослих. |\n| candles | свічки | Джерела світла в святилищі. Запалення свічок може відкрити таємні проходи. |\n| basement | підвал | Нижній поверх будівлі. Вхід може бути прихований і відкривається через механізми. |\n| yeti | йєті | Велика біла істота, що живе в горах. Володіє одним з уламків дзеркала. |\n| Ending Blow | Завершальний удар | Смертельний удар по поваленому ворогу. |\n| Back Slice | Удар у спину | Прийом, що дозволяє обкотитися навколо ворога і атакувати ззаду. |\n| Mortal Draw | Смертельне витягування | Швидка атака мечем з піхов, коли ворог наближається. |\n| Jump Strike | Стрибковий удар | Потужна атака з стрибка при таргетуванні ворога. |\n| Great Spin | Великий вихор | Обертова атака, доступна при повному здоров'ї. |\n| targeting | таргетування / наведення | Механіка фокусування на ворогу під час бою. |\n| reed | очерет / дудка | Предмет, звук якого приваблює певних істот. |\n| boot | чобіт | Сміття, яке можна виловити замість риби. |\n| bag of Rupees | мішечок рупій | Предмет з грошима, який можна знайти під час риболовлі. |\n| sinking lure | тонуча принада | Заборонена приманка для риболовлі, яка добре працює. |\n| skullfish | черепориба | Заборонена риба, яка не додається до журналу. |\n| bombfish | бомбориба | Заборонена риба, яку можна використати як бомбу. |\n| wheel | колесо | Сміття, яке можна виловити замість риби. |\n| empty can | порожня бляшанка | Сміття, яке можна виловити замість риби. |\n| twig | гілочка | Сміття або уламок, який можна виловити. |\n| Zora village | село Зора | Поселення раси Зора у грі. |\n| size record | рекорд розміру | Найбільший розмір зловленої риби певного виду. |\n| shadow creatures | тіньові створіння | Вороже істоти, пов'язані з сутінками, які можуть руйнувати мости та інші об'єкти. |\n| people of the sky | небесний народ | Легендарна раса або група істот, пов'язана з небесами та давніми переказами. |\n| rod of the heavens | небесний жезл | Легендарний предмет, пов'язаний з небесним народом та їхнім посланцем. |\n| messenger of the sky | небесний посланець | Персонаж або істота з легенди, що володіє небесним жезлом. |\n| Sky letters | небесні літери | Стародавня писемність небесного народу, яку важко прочитати. |\n| true power | справжня сила | Прихована здатність героя, яку він ще не відкрив. |\n| light arrows | світлові стріли | Зброя, яку використовують для уповільнення Ганондорфа в бою. |\n| Progress Management | Управління прогресом | Посада або роль у розробці гри, відповідальна за контроль виконання завдань та дотримання термінів. |\n| Supervisors | Супервайзери | Керівники, які наглядають за процесом розробки гри. |\n| Technical Support | Технічна підтримка | Команда, що надає технічну допомогу під час розробки. |\n| Debug | Налагодження | Процес пошуку та виправлення помилок у грі. |\n| Super Mario Club | Super Mario Club | Внутрішня тестова група Nintendo, що спеціалізується на тестуванні ігор. |\n| Programming Support | Підтримка програмування | Команда програмістів, що надає допомогу в розробці коду гри. |\n| Programming Support Group | Група підтримки програмування | Відділ або команда, що допомагає з програмуванням. |\n| Localization Management | Управління локалізацією | Керівництво процесом адаптації гри для різних мов та регіонів. |\n| Localization | Локалізація | Процес перекладу та адаптації гри для різних мов і культур. |\n| Product Testing | Тестування продукту | Процес перевірки гри на помилки та проблеми перед випуском. |\n| Special Thanks | Особлива подяка | Розділ титрів, де дякують людям, які допомогли у створенні гри. |\n| Producer | Продюсер | Головна особа, відповідальна за загальне керівництво проектом. |\n| Executive Producer | Виконавчий продюсер | Найвища керівна посада в проекті, що контролює всі аспекти розробки. |\n| SRD | SRD | Компанія Systems Research & Development, партнер Nintendo у розробці ігор. |\n| The End | Кінець | Фінальний напис, що з'являється після завершення гри або титрів. |"
  },
  {
    "role": "user",
    "content": "Game: Zelda: Twilight Princess BMG\nBlock: zel_00 (#0)\nRow: #1511\nMode: translation variations\n\nGenerate 10 different Ukrainian translation alternatives for the provided text.\nEach option must contain exactly 2 lines (including empty ones) in the same order.\nFollow the glossary and preserve all tags exactly as they appear.\nFollow the tone of the original text.\nReturn the response as a JSON array with 10 strings and no additional commentary.\n\nCurrent translation:\n\nСкажи мені... Чи відчуваєш ти\nдивну смуток, коли настає сутінь?\n\nInput text:\n\nTell me... Do you ever feel a\nstrange sadness as dusk falls?"
  }
]
--- RESPONSE RECEIVED ---
```json
[
  "Скажи мені... Чи відчуваєш ти\nдивну смуток, коли настає сутінь?",
  "Скажи... Чи охоплює тебе\nдивна туга з настанням сутінків?",
  "Скажи мені... Чи відчуваєш ти\nнезрозумілу печаль із заходом сонця?",
  "Скажи... Чи огортає тебе\nдивна смуток, коли опускаються сутінки?",
  "Скажи мені... Чи відчуваєш\nнезвичну тугу з приходом сутінків?",
  "Скажи... Чи охоплює тебе дивна\nпечаль, коли настає сутінь?",
  "Скажи мені... Чи відчуваєш ти\nнезрозумілу смуток із заходом дня?",
  "Скажи... Чи огортає тебе\nнезвичайна туга, коли опускаються сутінки?",
  "Скажи мені... Чи відчуваєш\nдивну печаль з настанням сутінків?",
  "Скажи... Чи охоплює тебе\nнезрозумілу смуток, коли настає сутінь?"
]
```
============================================================

==================== 2026-05-25 13:39:33.728 ====================
Task Type: chat_message
--- MESSAGES SENT ---
[
  {
    "role": "user"
  }
]
============================================================

==================== 2026-05-25 13:39:33.729 ====================
Task Type: chat_message
--- MESSAGES SENT ---
[
  {
    "role": "user"
  }
]
--- RESPONSE RECEIVED ---
response
============================================================

==================== 2026-05-25 13:39:34.490 ====================
Task Type: build_glossary
--- MESSAGES SENT ---
[
  {
    "role": "system",
    "content": ""
  },
  {
    "role": "user",
    "content": "chunk1"
  }
]
============================================================

==================== 2026-05-25 13:39:34.490 ====================
Task Type: build_glossary
--- MESSAGES SENT ---
[
  {
    "role": "system",
    "content": ""
  },
  {
    "role": "user",
    "content": "chunk1"
  }
]
--- RESPONSE RECEIVED ---
```json
[{"term": "test"}]
```
============================================================

==================== 2026-05-25 13:39:35.284 ====================
Task Type: translate_block_chunked
--- MESSAGES SENT ---
[
  {
    "role": "system",
    "content": "sys"
  },
  {
    "role": "user",
    "content": "user"
  }
]
============================================================

==================== 2026-05-25 13:39:35.284 ====================
Task Type: translate_block_chunked
--- MESSAGES SENT ---
[
  {
    "role": "system",
    "content": "sys"
  },
  {
    "role": "user",
    "content": "user"
  }
]
--- RESPONSE RECEIVED ---
{"translated_strings": ["TransA"]}
============================================================

==================== 2026-05-25 13:39:36.828 ====================
Task Type: chat_message_stream
--- MESSAGES SENT ---
[
  {
    "role": "user",
    "content": "hi"
  }
]
============================================================

==================== 2026-05-25 13:39:36.828 ====================
Task Type: chat_message_stream
--- MESSAGES SENT ---
[
  {
    "role": "user",
    "content": "hi"
  }
]
--- RESPONSE RECEIVED ---
response
============================================================

==================== 2026-05-25 13:46:53.325 ====================
Task Type: chat_message
--- MESSAGES SENT ---
[
  {
    "role": "user"
  }
]
============================================================

==================== 2026-05-25 13:46:53.326 ====================
Task Type: chat_message
--- MESSAGES SENT ---
[
  {
    "role": "user"
  }
]
--- RESPONSE RECEIVED ---
response
============================================================

==================== 2026-05-25 13:46:54.326 ====================
Task Type: build_glossary
--- MESSAGES SENT ---
[
  {
    "role": "system",
    "content": ""
  },
  {
    "role": "user",
    "content": "chunk1"
  }
]
============================================================

==================== 2026-05-25 13:46:54.326 ====================
Task Type: build_glossary
--- MESSAGES SENT ---
[
  {
    "role": "system",
    "content": ""
  },
  {
    "role": "user",
    "content": "chunk1"
  }
]
--- RESPONSE RECEIVED ---
```json
[{"term": "test"}]
```
============================================================

==================== 2026-05-25 13:46:55.333 ====================
Task Type: translate_block_chunked
--- MESSAGES SENT ---
[
  {
    "role": "system",
    "content": "sys"
  },
  {
    "role": "user",
    "content": "user"
  }
]
============================================================

==================== 2026-05-25 13:46:55.333 ====================
Task Type: translate_block_chunked
--- MESSAGES SENT ---
[
  {
    "role": "system",
    "content": "sys"
  },
  {
    "role": "user",
    "content": "user"
  }
]
--- RESPONSE RECEIVED ---
{"translated_strings": ["TransA"]}
============================================================

==================== 2026-05-25 13:46:57.348 ====================
Task Type: chat_message_stream
--- MESSAGES SENT ---
[
  {
    "role": "user",
    "content": "hi"
  }
]
============================================================

==================== 2026-05-25 13:46:57.348 ====================
Task Type: chat_message_stream
--- MESSAGES SENT ---
[
  {
    "role": "user",
    "content": "hi"
  }
]
--- RESPONSE RECEIVED ---
response
============================================================

==================== 2026-05-25 13:48:11.374 ====================
Task Type: chat_message
--- MESSAGES SENT ---
[
  {
    "role": "user"
  }
]
============================================================

==================== 2026-05-25 13:48:11.374 ====================
Task Type: chat_message
--- MESSAGES SENT ---
[
  {
    "role": "user"
  }
]
--- RESPONSE RECEIVED ---
response
============================================================

==================== 2026-05-25 13:48:12.370 ====================
Task Type: build_glossary
--- MESSAGES SENT ---
[
  {
    "role": "system",
    "content": ""
  },
  {
    "role": "user",
    "content": "chunk1"
  }
]
============================================================

==================== 2026-05-25 13:48:12.370 ====================
Task Type: build_glossary
--- MESSAGES SENT ---
[
  {
    "role": "system",
    "content": ""
  },
  {
    "role": "user",
    "content": "chunk1"
  }
]
--- RESPONSE RECEIVED ---
```json
[{"term": "test"}]
```
============================================================

==================== 2026-05-25 13:48:13.418 ====================
Task Type: translate_block_chunked
--- MESSAGES SENT ---
[
  {
    "role": "system",
    "content": "sys"
  },
  {
    "role": "user",
    "content": "user"
  }
]
============================================================

==================== 2026-05-25 13:48:13.419 ====================
Task Type: translate_block_chunked
--- MESSAGES SENT ---
[
  {
    "role": "system",
    "content": "sys"
  },
  {
    "role": "user",
    "content": "user"
  }
]
--- RESPONSE RECEIVED ---
{"translated_strings": ["TransA"]}
============================================================

==================== 2026-05-25 13:48:15.405 ====================
Task Type: chat_message_stream
--- MESSAGES SENT ---
[
  {
    "role": "user",
    "content": "hi"
  }
]
============================================================

==================== 2026-05-25 13:48:15.405 ====================
Task Type: chat_message_stream
--- MESSAGES SENT ---
[
  {
    "role": "user",
    "content": "hi"
  }
]
--- RESPONSE RECEIVED ---
response
============================================================

==================== 2026-05-25 13:51:17.630 ====================
Task Type: chat_message
--- MESSAGES SENT ---
[
  {
    "role": "user"
  }
]
============================================================

==================== 2026-05-25 13:51:17.631 ====================
Task Type: chat_message
--- MESSAGES SENT ---
[
  {
    "role": "user"
  }
]
--- RESPONSE RECEIVED ---
response
============================================================

==================== 2026-05-25 13:51:18.588 ====================
Task Type: build_glossary
--- MESSAGES SENT ---
[
  {
    "role": "system",
    "content": ""
  },
  {
    "role": "user",
    "content": "chunk1"
  }
]
============================================================

==================== 2026-05-25 13:51:18.588 ====================
Task Type: build_glossary
--- MESSAGES SENT ---
[
  {
    "role": "system",
    "content": ""
  },
  {
    "role": "user",
    "content": "chunk1"
  }
]
--- RESPONSE RECEIVED ---
```json
[{"term": "test"}]
```
============================================================

==================== 2026-05-25 13:51:19.525 ====================
Task Type: translate_block_chunked
--- MESSAGES SENT ---
[
  {
    "role": "system",
    "content": "sys"
  },
  {
    "role": "user",
    "content": "user"
  }
]
============================================================

==================== 2026-05-25 13:51:19.525 ====================
Task Type: translate_block_chunked
--- MESSAGES SENT ---
[
  {
    "role": "system",
    "content": "sys"
  },
  {
    "role": "user",
    "content": "user"
  }
]
--- RESPONSE RECEIVED ---
{"translated_strings": ["TransA"]}
============================================================

==================== 2026-05-25 13:51:21.455 ====================
Task Type: chat_message_stream
--- MESSAGES SENT ---
[
  {
    "role": "user",
    "content": "hi"
  }
]
============================================================

==================== 2026-05-25 13:51:21.456 ====================
Task Type: chat_message_stream
--- MESSAGES SENT ---
[
  {
    "role": "user",
    "content": "hi"
  }
]
--- RESPONSE RECEIVED ---
response
============================================================

==================== 2026-05-25 14:00:24.380 ====================
Task Type: chat_message
--- MESSAGES SENT ---
[
  {
    "role": "user"
  }
]
============================================================

==================== 2026-05-25 14:00:24.380 ====================
Task Type: chat_message
--- MESSAGES SENT ---
[
  {
    "role": "user"
  }
]
--- RESPONSE RECEIVED ---
response
============================================================

==================== 2026-05-25 14:00:25.150 ====================
Task Type: build_glossary
--- MESSAGES SENT ---
[
  {
    "role": "system",
    "content": ""
  },
  {
    "role": "user",
    "content": "chunk1"
  }
]
============================================================

==================== 2026-05-25 14:00:25.150 ====================
Task Type: build_glossary
--- MESSAGES SENT ---
[
  {
    "role": "system",
    "content": ""
  },
  {
    "role": "user",
    "content": "chunk1"
  }
]
--- RESPONSE RECEIVED ---
```json
[{"term": "test"}]
```
============================================================

==================== 2026-05-25 14:00:25.919 ====================
Task Type: translate_block_chunked
--- MESSAGES SENT ---
[
  {
    "role": "system",
    "content": "sys"
  },
  {
    "role": "user",
    "content": "user"
  }
]
============================================================

==================== 2026-05-25 14:00:25.919 ====================
Task Type: translate_block_chunked
--- MESSAGES SENT ---
[
  {
    "role": "system",
    "content": "sys"
  },
  {
    "role": "user",
    "content": "user"
  }
]
--- RESPONSE RECEIVED ---
{"translated_strings": ["TransA"]}
============================================================

==================== 2026-05-25 14:00:27.433 ====================
Task Type: chat_message_stream
--- MESSAGES SENT ---
[
  {
    "role": "user",
    "content": "hi"
  }
]
============================================================

==================== 2026-05-25 14:00:27.433 ====================
Task Type: chat_message_stream
--- MESSAGES SENT ---
[
  {
    "role": "user",
    "content": "hi"
  }
]
--- RESPONSE RECEIVED ---
response
============================================================

==================== 2026-05-25 14:06:01.406 ====================
Task Type: chat_message
--- MESSAGES SENT ---
[
  {
    "role": "user"
  }
]
============================================================

==================== 2026-05-25 14:06:01.406 ====================
Task Type: chat_message
--- MESSAGES SENT ---
[
  {
    "role": "user"
  }
]
--- RESPONSE RECEIVED ---
response
============================================================

==================== 2026-05-25 14:06:01.414 ====================
Task Type: build_glossary
--- MESSAGES SENT ---
[
  {
    "role": "system",
    "content": ""
  },
  {
    "role": "user",
    "content": "chunk1"
  }
]
============================================================

==================== 2026-05-25 14:06:01.414 ====================
Task Type: build_glossary
--- MESSAGES SENT ---
[
  {
    "role": "system",
    "content": ""
  },
  {
    "role": "user",
    "content": "chunk1"
  }
]
--- RESPONSE RECEIVED ---
```json
[{"term": "test"}]
```
============================================================

==================== 2026-05-25 14:06:01.424 ====================
Task Type: translate_block_chunked
--- MESSAGES SENT ---
[
  {
    "role": "system",
    "content": "sys"
  },
  {
    "role": "user",
    "content": "user"
  }
]
============================================================

==================== 2026-05-25 14:06:01.424 ====================
Task Type: translate_block_chunked
--- MESSAGES SENT ---
[
  {
    "role": "system",
    "content": "sys"
  },
  {
    "role": "user",
    "content": "user"
  }
]
--- RESPONSE RECEIVED ---
{"translated_strings": ["TransA"]}
============================================================

==================== 2026-05-25 14:06:01.441 ====================
Task Type: chat_message_stream
--- MESSAGES SENT ---
[
  {
    "role": "user",
    "content": "hi"
  }
]
============================================================

==================== 2026-05-25 14:06:01.442 ====================
Task Type: chat_message_stream
--- MESSAGES SENT ---
[
  {
    "role": "user",
    "content": "hi"
  }
]
--- RESPONSE RECEIVED ---
response
============================================================

==================== 2026-05-25 14:15:55.674 ====================
Task Type: chat_message
--- MESSAGES SENT ---
[
  {
    "role": "user"
  }
]
============================================================

==================== 2026-05-25 14:15:55.674 ====================
Task Type: chat_message
--- MESSAGES SENT ---
[
  {
    "role": "user"
  }
]
--- RESPONSE RECEIVED ---
response
============================================================

==================== 2026-05-25 14:15:55.686 ====================
Task Type: build_glossary
--- MESSAGES SENT ---
[
  {
    "role": "system",
    "content": ""
  },
  {
    "role": "user",
    "content": "chunk1"
  }
]
============================================================

==================== 2026-05-25 14:15:55.686 ====================
Task Type: build_glossary
--- MESSAGES SENT ---
[
  {
    "role": "system",
    "content": ""
  },
  {
    "role": "user",
    "content": "chunk1"
  }
]
--- RESPONSE RECEIVED ---
```json
[{"term": "test"}]
```
============================================================

==================== 2026-05-25 14:15:55.695 ====================
Task Type: translate_block_chunked
--- MESSAGES SENT ---
[
  {
    "role": "system",
    "content": "sys"
  },
  {
    "role": "user",
    "content": "user"
  }
]
============================================================

==================== 2026-05-25 14:15:55.696 ====================
Task Type: translate_block_chunked
--- MESSAGES SENT ---
[
  {
    "role": "system",
    "content": "sys"
  },
  {
    "role": "user",
    "content": "user"
  }
]
--- RESPONSE RECEIVED ---
{"translated_strings": ["TransA"]}
============================================================

==================== 2026-05-25 14:15:55.724 ====================
Task Type: chat_message_stream
--- MESSAGES SENT ---
[
  {
    "role": "user",
    "content": "hi"
  }
]
============================================================

==================== 2026-05-25 14:15:55.725 ====================
Task Type: chat_message_stream
--- MESSAGES SENT ---
[
  {
    "role": "user",
    "content": "hi"
  }
]
--- RESPONSE RECEIVED ---
response
============================================================

==================== 2026-05-25 14:16:10.617 ====================
Task Type: chat_message
--- MESSAGES SENT ---
[
  {
    "role": "user"
  }
]
============================================================

==================== 2026-05-25 14:16:10.617 ====================
Task Type: chat_message
--- MESSAGES SENT ---
[
  {
    "role": "user"
  }
]
--- RESPONSE RECEIVED ---
response
============================================================

==================== 2026-05-25 14:16:10.632 ====================
Task Type: build_glossary
--- MESSAGES SENT ---
[
  {
    "role": "system",
    "content": ""
  },
  {
    "role": "user",
    "content": "chunk1"
  }
]
============================================================

==================== 2026-05-25 14:16:10.633 ====================
Task Type: build_glossary
--- MESSAGES SENT ---
[
  {
    "role": "system",
    "content": ""
  },
  {
    "role": "user",
    "content": "chunk1"
  }
]
--- RESPONSE RECEIVED ---
```json
[{"term": "test"}]
```
============================================================

==================== 2026-05-25 14:16:10.650 ====================
Task Type: translate_block_chunked
--- MESSAGES SENT ---
[
  {
    "role": "system",
    "content": "sys"
  },
  {
    "role": "user",
    "content": "user"
  }
]
============================================================

==================== 2026-05-25 14:16:10.650 ====================
Task Type: translate_block_chunked
--- MESSAGES SENT ---
[
  {
    "role": "system",
    "content": "sys"
  },
  {
    "role": "user",
    "content": "user"
  }
]
--- RESPONSE RECEIVED ---
{"translated_strings": ["TransA"]}
============================================================

==================== 2026-05-25 14:16:10.670 ====================
Task Type: chat_message_stream
--- MESSAGES SENT ---
[
  {
    "role": "user",
    "content": "hi"
  }
]
============================================================

==================== 2026-05-25 14:16:10.670 ====================
Task Type: chat_message_stream
--- MESSAGES SENT ---
[
  {
    "role": "user",
    "content": "hi"
  }
]
--- RESPONSE RECEIVED ---
response
============================================================

==================== 2026-05-25 14:16:23.322 ====================
Task Type: chat_message
--- MESSAGES SENT ---
[
  {
    "role": "user"
  }
]
============================================================

==================== 2026-05-25 14:16:23.322 ====================
Task Type: chat_message
--- MESSAGES SENT ---
[
  {
    "role": "user"
  }
]
--- RESPONSE RECEIVED ---
response
============================================================

==================== 2026-05-25 14:16:23.337 ====================
Task Type: build_glossary
--- MESSAGES SENT ---
[
  {
    "role": "system",
    "content": ""
  },
  {
    "role": "user",
    "content": "chunk1"
  }
]
============================================================

==================== 2026-05-25 14:16:23.338 ====================
Task Type: build_glossary
--- MESSAGES SENT ---
[
  {
    "role": "system",
    "content": ""
  },
  {
    "role": "user",
    "content": "chunk1"
  }
]
--- RESPONSE RECEIVED ---
```json
[{"term": "test"}]
```
============================================================

==================== 2026-05-25 14:16:23.351 ====================
Task Type: translate_block_chunked
--- MESSAGES SENT ---
[
  {
    "role": "system",
    "content": "sys"
  },
  {
    "role": "user",
    "content": "user"
  }
]
============================================================

==================== 2026-05-25 14:16:23.351 ====================
Task Type: translate_block_chunked
--- MESSAGES SENT ---
[
  {
    "role": "system",
    "content": "sys"
  },
  {
    "role": "user",
    "content": "user"
  }
]
--- RESPONSE RECEIVED ---
{"translated_strings": ["TransA"]}
============================================================

==================== 2026-05-25 14:16:23.370 ====================
Task Type: chat_message_stream
--- MESSAGES SENT ---
[
  {
    "role": "user",
    "content": "hi"
  }
]
============================================================

==================== 2026-05-25 14:16:23.371 ====================
Task Type: chat_message_stream
--- MESSAGES SENT ---
[
  {
    "role": "user",
    "content": "hi"
  }
]
--- RESPONSE RECEIVED ---
response
============================================================

==================== 2026-05-25 14:19:25.400 ====================
Task Type: chat_message
--- MESSAGES SENT ---
[
  {
    "role": "user"
  }
]
============================================================

==================== 2026-05-25 14:19:25.400 ====================
Task Type: chat_message
--- MESSAGES SENT ---
[
  {
    "role": "user"
  }
]
--- RESPONSE RECEIVED ---
response
============================================================

==================== 2026-05-25 14:19:25.422 ====================
Task Type: build_glossary
--- MESSAGES SENT ---
[
  {
    "role": "system",
    "content": ""
  },
  {
    "role": "user",
    "content": "chunk1"
  }
]
============================================================

==================== 2026-05-25 14:19:25.422 ====================
Task Type: build_glossary
--- MESSAGES SENT ---
[
  {
    "role": "system",
    "content": ""
  },
  {
    "role": "user",
    "content": "chunk1"
  }
]
--- RESPONSE RECEIVED ---
```json
[{"term": "test"}]
```
============================================================

==================== 2026-05-25 14:19:25.432 ====================
Task Type: translate_block_chunked
--- MESSAGES SENT ---
[
  {
    "role": "system",
    "content": "sys"
  },
  {
    "role": "user",
    "content": "user"
  }
]
============================================================

==================== 2026-05-25 14:19:25.432 ====================
Task Type: translate_block_chunked
--- MESSAGES SENT ---
[
  {
    "role": "system",
    "content": "sys"
  },
  {
    "role": "user",
    "content": "user"
  }
]
--- RESPONSE RECEIVED ---
{"translated_strings": ["TransA"]}
============================================================

==================== 2026-05-25 14:19:25.457 ====================
Task Type: chat_message_stream
--- MESSAGES SENT ---
[
  {
    "role": "user",
    "content": "hi"
  }
]
============================================================

==================== 2026-05-25 14:19:25.457 ====================
Task Type: chat_message_stream
--- MESSAGES SENT ---
[
  {
    "role": "user",
    "content": "hi"
  }
]
--- RESPONSE RECEIVED ---
response
============================================================

==================== 2026-05-25 14:25:06.987 ====================
Task Type: chat_message
--- MESSAGES SENT ---
[
  {
    "role": "user"
  }
]
============================================================

==================== 2026-05-25 14:25:06.987 ====================
Task Type: chat_message
--- MESSAGES SENT ---
[
  {
    "role": "user"
  }
]
--- RESPONSE RECEIVED ---
response
============================================================

==================== 2026-05-25 14:25:07.773 ====================
Task Type: build_glossary
--- MESSAGES SENT ---
[
  {
    "role": "system",
    "content": ""
  },
  {
    "role": "user",
    "content": "chunk1"
  }
]
============================================================

==================== 2026-05-25 14:25:07.773 ====================
Task Type: build_glossary
--- MESSAGES SENT ---
[
  {
    "role": "system",
    "content": ""
  },
  {
    "role": "user",
    "content": "chunk1"
  }
]
--- RESPONSE RECEIVED ---
```json
[{"term": "test"}]
```
============================================================

==================== 2026-05-25 14:25:08.555 ====================
Task Type: translate_block_chunked
--- MESSAGES SENT ---
[
  {
    "role": "system",
    "content": "sys"
  },
  {
    "role": "user",
    "content": "user"
  }
]
============================================================

==================== 2026-05-25 14:25:08.556 ====================
Task Type: translate_block_chunked
--- MESSAGES SENT ---
[
  {
    "role": "system",
    "content": "sys"
  },
  {
    "role": "user",
    "content": "user"
  }
]
--- RESPONSE RECEIVED ---
{"translated_strings": ["TransA"]}
============================================================

==================== 2026-05-25 14:25:10.146 ====================
Task Type: chat_message_stream
--- MESSAGES SENT ---
[
  {
    "role": "user",
    "content": "hi"
  }
]
============================================================

==================== 2026-05-25 14:25:10.146 ====================
Task Type: chat_message_stream
--- MESSAGES SENT ---
[
  {
    "role": "user",
    "content": "hi"
  }
]
--- RESPONSE RECEIVED ---
response
============================================================

==================== 2026-05-25 14:32:27.945 ====================
Task Type: chat_message
--- MESSAGES SENT ---
[
  {
    "role": "user"
  }
]
============================================================

==================== 2026-05-25 14:32:27.945 ====================
Task Type: chat_message
--- MESSAGES SENT ---
[
  {
    "role": "user"
  }
]
--- RESPONSE RECEIVED ---
response
============================================================

==================== 2026-05-25 14:32:28.740 ====================
Task Type: build_glossary
--- MESSAGES SENT ---
[
  {
    "role": "system",
    "content": ""
  },
  {
    "role": "user",
    "content": "chunk1"
  }
]
============================================================

==================== 2026-05-25 14:32:28.740 ====================
Task Type: build_glossary
--- MESSAGES SENT ---
[
  {
    "role": "system",
    "content": ""
  },
  {
    "role": "user",
    "content": "chunk1"
  }
]
--- RESPONSE RECEIVED ---
```json
[{"term": "test"}]
```
============================================================

==================== 2026-05-25 14:32:29.533 ====================
Task Type: translate_block_chunked
--- MESSAGES SENT ---
[
  {
    "role": "system",
    "content": "sys"
  },
  {
    "role": "user",
    "content": "user"
  }
]
============================================================

==================== 2026-05-25 14:32:29.533 ====================
Task Type: translate_block_chunked
--- MESSAGES SENT ---
[
  {
    "role": "system",
    "content": "sys"
  },
  {
    "role": "user",
    "content": "user"
  }
]
--- RESPONSE RECEIVED ---
{"translated_strings": ["TransA"]}
============================================================

==================== 2026-05-25 14:32:31.149 ====================
Task Type: chat_message_stream
--- MESSAGES SENT ---
[
  {
    "role": "user",
    "content": "hi"
  }
]
============================================================

==================== 2026-05-25 14:32:31.149 ====================
Task Type: chat_message_stream
--- MESSAGES SENT ---
[
  {
    "role": "user",
    "content": "hi"
  }
]
--- RESPONSE RECEIVED ---
response
============================================================

==================== 2026-05-25 14:41:28.912 ====================
Task Type: chat_message
--- MESSAGES SENT ---
[
  {
    "role": "user"
  }
]
============================================================

==================== 2026-05-25 14:41:28.913 ====================
Task Type: chat_message
--- MESSAGES SENT ---
[
  {
    "role": "user"
  }
]
--- RESPONSE RECEIVED ---
response
============================================================

==================== 2026-05-25 14:41:29.670 ====================
Task Type: build_glossary
--- MESSAGES SENT ---
[
  {
    "role": "system",
    "content": ""
  },
  {
    "role": "user",
    "content": "chunk1"
  }
]
============================================================

==================== 2026-05-25 14:41:29.670 ====================
Task Type: build_glossary
--- MESSAGES SENT ---
[
  {
    "role": "system",
    "content": ""
  },
  {
    "role": "user",
    "content": "chunk1"
  }
]
--- RESPONSE RECEIVED ---
```json
[{"term": "test"}]
```
============================================================

==================== 2026-05-25 14:41:30.441 ====================
Task Type: translate_block_chunked
--- MESSAGES SENT ---
[
  {
    "role": "system",
    "content": "sys"
  },
  {
    "role": "user",
    "content": "user"
  }
]
============================================================

==================== 2026-05-25 14:41:30.441 ====================
Task Type: translate_block_chunked
--- MESSAGES SENT ---
[
  {
    "role": "system",
    "content": "sys"
  },
  {
    "role": "user",
    "content": "user"
  }
]
--- RESPONSE RECEIVED ---
{"translated_strings": ["TransA"]}
============================================================

==================== 2026-05-25 14:41:31.959 ====================
Task Type: chat_message_stream
--- MESSAGES SENT ---
[
  {
    "role": "user",
    "content": "hi"
  }
]
============================================================

==================== 2026-05-25 14:41:31.959 ====================
Task Type: chat_message_stream
--- MESSAGES SENT ---
[
  {
    "role": "user",
    "content": "hi"
  }
]
--- RESPONSE RECEIVED ---
response
============================================================

==================== 2026-05-25 14:49:34.759 ====================
Task Type: chat_message
--- MESSAGES SENT ---
[
  {
    "role": "user"
  }
]
============================================================

==================== 2026-05-25 14:49:34.759 ====================
Task Type: chat_message
--- MESSAGES SENT ---
[
  {
    "role": "user"
  }
]
--- RESPONSE RECEIVED ---
response
============================================================

==================== 2026-05-25 14:49:35.843 ====================
Task Type: build_glossary
--- MESSAGES SENT ---
[
  {
    "role": "system",
    "content": ""
  },
  {
    "role": "user",
    "content": "chunk1"
  }
]
============================================================

==================== 2026-05-25 14:49:35.843 ====================
Task Type: build_glossary
--- MESSAGES SENT ---
[
  {
    "role": "system",
    "content": ""
  },
  {
    "role": "user",
    "content": "chunk1"
  }
]
--- RESPONSE RECEIVED ---
```json
[{"term": "test"}]
```
============================================================

==================== 2026-05-25 14:49:36.936 ====================
Task Type: translate_block_chunked
--- MESSAGES SENT ---
[
  {
    "role": "system",
    "content": "sys"
  },
  {
    "role": "user",
    "content": "user"
  }
]
============================================================

==================== 2026-05-25 14:49:36.937 ====================
Task Type: translate_block_chunked
--- MESSAGES SENT ---
[
  {
    "role": "system",
    "content": "sys"
  },
  {
    "role": "user",
    "content": "user"
  }
]
--- RESPONSE RECEIVED ---
{"translated_strings": ["TransA"]}
============================================================

==================== 2026-05-25 14:49:39.111 ====================
Task Type: chat_message_stream
--- MESSAGES SENT ---
[
  {
    "role": "user",
    "content": "hi"
  }
]
============================================================

==================== 2026-05-25 14:49:39.112 ====================
Task Type: chat_message_stream
--- MESSAGES SENT ---
[
  {
    "role": "user",
    "content": "hi"
  }
]
--- RESPONSE RECEIVED ---
response
============================================================

==================== 2026-05-25 14:54:00.334 ====================
Task Type: chat_message
--- MESSAGES SENT ---
[
  {
    "role": "user"
  }
]
============================================================

==================== 2026-05-25 14:54:00.334 ====================
Task Type: chat_message
--- MESSAGES SENT ---
[
  {
    "role": "user"
  }
]
--- RESPONSE RECEIVED ---
response
============================================================

==================== 2026-05-25 14:54:01.429 ====================
Task Type: build_glossary
--- MESSAGES SENT ---
[
  {
    "role": "system",
    "content": ""
  },
  {
    "role": "user",
    "content": "chunk1"
  }
]
============================================================

==================== 2026-05-25 14:54:01.430 ====================
Task Type: build_glossary
--- MESSAGES SENT ---
[
  {
    "role": "system",
    "content": ""
  },
  {
    "role": "user",
    "content": "chunk1"
  }
]
--- RESPONSE RECEIVED ---
```json
[{"term": "test"}]
```
============================================================

==================== 2026-05-25 14:54:02.538 ====================
Task Type: translate_block_chunked
--- MESSAGES SENT ---
[
  {
    "role": "system",
    "content": "sys"
  },
  {
    "role": "user",
    "content": "user"
  }
]
============================================================

==================== 2026-05-25 14:54:02.538 ====================
Task Type: translate_block_chunked
--- MESSAGES SENT ---
[
  {
    "role": "system",
    "content": "sys"
  },
  {
    "role": "user",
    "content": "user"
  }
]
--- RESPONSE RECEIVED ---
{"translated_strings": ["TransA"]}
============================================================

==================== 2026-05-25 14:54:04.742 ====================
Task Type: chat_message_stream
--- MESSAGES SENT ---
[
  {
    "role": "user",
    "content": "hi"
  }
]
============================================================

==================== 2026-05-25 14:54:04.743 ====================
Task Type: chat_message_stream
--- MESSAGES SENT ---
[
  {
    "role": "user",
    "content": "hi"
  }
]
--- RESPONSE RECEIVED ---
response
============================================================

==================== 2026-05-25 14:58:26.667 ====================
Task Type: chat_message
--- MESSAGES SENT ---
[
  {
    "role": "user"
  }
]
============================================================

==================== 2026-05-25 14:58:26.667 ====================
Task Type: chat_message
--- MESSAGES SENT ---
[
  {
    "role": "user"
  }
]
--- RESPONSE RECEIVED ---
response
============================================================

==================== 2026-05-25 14:58:28.004 ====================
Task Type: build_glossary
--- MESSAGES SENT ---
[
  {
    "role": "system",
    "content": ""
  },
  {
    "role": "user",
    "content": "chunk1"
  }
]
============================================================

==================== 2026-05-25 14:58:28.004 ====================
Task Type: build_glossary
--- MESSAGES SENT ---
[
  {
    "role": "system",
    "content": ""
  },
  {
    "role": "user",
    "content": "chunk1"
  }
]
--- RESPONSE RECEIVED ---
```json
[{"term": "test"}]
```
============================================================

==================== 2026-05-25 14:58:29.301 ====================
Task Type: translate_block_chunked
--- MESSAGES SENT ---
[
  {
    "role": "system",
    "content": "sys"
  },
  {
    "role": "user",
    "content": "user"
  }
]
============================================================

==================== 2026-05-25 14:58:29.302 ====================
Task Type: translate_block_chunked
--- MESSAGES SENT ---
[
  {
    "role": "system",
    "content": "sys"
  },
  {
    "role": "user",
    "content": "user"
  }
]
--- RESPONSE RECEIVED ---
{"translated_strings": ["TransA"]}
============================================================

==================== 2026-05-25 14:58:32.113 ====================
Task Type: chat_message_stream
--- MESSAGES SENT ---
[
  {
    "role": "user",
    "content": "hi"
  }
]
============================================================

==================== 2026-05-25 14:58:32.114 ====================
Task Type: chat_message_stream
--- MESSAGES SENT ---
[
  {
    "role": "user",
    "content": "hi"
  }
]
--- RESPONSE RECEIVED ---
response
============================================================

==================== 2026-05-25 17:44:32.876 ====================
Task Type: chat_message
--- MESSAGES SENT ---
[
  {
    "role": "user"
  }
]
============================================================

==================== 2026-05-25 17:44:32.877 ====================
Task Type: chat_message
--- MESSAGES SENT ---
[
  {
    "role": "user"
  }
]
--- RESPONSE RECEIVED ---
response
============================================================

==================== 2026-05-25 17:44:33.943 ====================
Task Type: build_glossary
--- MESSAGES SENT ---
[
  {
    "role": "system",
    "content": ""
  },
  {
    "role": "user",
    "content": "chunk1"
  }
]
============================================================

==================== 2026-05-25 17:44:33.943 ====================
Task Type: build_glossary
--- MESSAGES SENT ---
[
  {
    "role": "system",
    "content": ""
  },
  {
    "role": "user",
    "content": "chunk1"
  }
]
--- RESPONSE RECEIVED ---
```json
[{"term": "test"}]
```
============================================================

==================== 2026-05-25 17:44:35.021 ====================
Task Type: translate_block_chunked
--- MESSAGES SENT ---
[
  {
    "role": "system",
    "content": "sys"
  },
  {
    "role": "user",
    "content": "user"
  }
]
============================================================

==================== 2026-05-25 17:44:35.021 ====================
Task Type: translate_block_chunked
--- MESSAGES SENT ---
[
  {
    "role": "system",
    "content": "sys"
  },
  {
    "role": "user",
    "content": "user"
  }
]
--- RESPONSE RECEIVED ---
{"translated_strings": ["TransA"]}
============================================================

==================== 2026-05-25 17:44:37.165 ====================
Task Type: chat_message_stream
--- MESSAGES SENT ---
[
  {
    "role": "user",
    "content": "hi"
  }
]
============================================================

==================== 2026-05-25 17:44:37.166 ====================
Task Type: chat_message_stream
--- MESSAGES SENT ---
[
  {
    "role": "user",
    "content": "hi"
  }
]
--- RESPONSE RECEIVED ---
response
============================================================

==================== 2026-05-25 19:53:54.285 ====================
Task Type: chat_message
--- MESSAGES SENT ---
[
  {
    "role": "user"
  }
]
============================================================

==================== 2026-05-25 19:53:54.286 ====================
Task Type: chat_message
--- MESSAGES SENT ---
[
  {
    "role": "user"
  }
]
--- RESPONSE RECEIVED ---
response
============================================================

==================== 2026-05-25 19:53:55.283 ====================
Task Type: build_glossary
--- MESSAGES SENT ---
[
  {
    "role": "system",
    "content": ""
  },
  {
    "role": "user",
    "content": "chunk1"
  }
]
============================================================

==================== 2026-05-25 19:53:55.283 ====================
Task Type: build_glossary
--- MESSAGES SENT ---
[
  {
    "role": "system",
    "content": ""
  },
  {
    "role": "user",
    "content": "chunk1"
  }
]
--- RESPONSE RECEIVED ---
```json
[{"term": "test"}]
```
============================================================

==================== 2026-05-25 19:53:56.301 ====================
Task Type: translate_block_chunked
--- MESSAGES SENT ---
[
  {
    "role": "system",
    "content": "sys"
  },
  {
    "role": "user",
    "content": "user"
  }
]
============================================================

==================== 2026-05-25 19:53:56.301 ====================
Task Type: translate_block_chunked
--- MESSAGES SENT ---
[
  {
    "role": "system",
    "content": "sys"
  },
  {
    "role": "user",
    "content": "user"
  }
]
--- RESPONSE RECEIVED ---
{"translated_strings": ["TransA"]}
============================================================

==================== 2026-05-25 19:53:58.299 ====================
Task Type: chat_message_stream
--- MESSAGES SENT ---
[
  {
    "role": "user",
    "content": "hi"
  }
]
============================================================

==================== 2026-05-25 19:53:58.300 ====================
Task Type: chat_message_stream
--- MESSAGES SENT ---
[
  {
    "role": "user",
    "content": "hi"
  }
]
--- RESPONSE RECEIVED ---
response
============================================================

==================== 2026-05-25 20:00:35.126 ====================
Task Type: translate_block_chunked
--- MESSAGES SENT ---
[
  {
    "role": "system",
    "content": "sys"
  },
  {
    "role": "user",
    "content": "user"
  }
]
============================================================

==================== 2026-05-25 20:00:35.126 ====================
Task Type: translate_block_chunked
--- MESSAGES SENT ---
[
  {
    "role": "system",
    "content": "sys"
  },
  {
    "role": "user",
    "content": "user"
  }
]
--- RESPONSE RECEIVED ---
{"translated_strings": ["TransA"]}
============================================================

==================== 2026-05-25 20:00:35.255 ====================
Task Type: chat_message_stream
--- MESSAGES SENT ---
[
  {
    "role": "user",
    "content": "hi"
  }
]
============================================================

==================== 2026-05-25 20:00:35.255 ====================
Task Type: chat_message_stream
--- MESSAGES SENT ---
[
  {
    "role": "user",
    "content": "hi"
  }
]
--- RESPONSE RECEIVED ---
response
============================================================

==================== 2026-05-25 20:00:35.337 ====================
Task Type: chat_message
--- MESSAGES SENT ---
[
  {
    "role": "user"
  }
]
============================================================

==================== 2026-05-25 20:00:35.337 ====================
Task Type: chat_message
--- MESSAGES SENT ---
[
  {
    "role": "user"
  }
]
--- RESPONSE RECEIVED ---
response
============================================================

==================== 2026-05-25 20:00:35.411 ====================
Task Type: build_glossary
--- MESSAGES SENT ---
[
  {
    "role": "system",
    "content": ""
  },
  {
    "role": "user",
    "content": "chunk1"
  }
]
============================================================

==================== 2026-05-25 20:00:35.411 ====================
Task Type: build_glossary
--- MESSAGES SENT ---
[
  {
    "role": "system",
    "content": ""
  },
  {
    "role": "user",
    "content": "chunk1"
  }
]
--- RESPONSE RECEIVED ---
```json
[{"term": "test"}]
```
============================================================

==================== 2026-05-25 20:04:29.814 ====================
Task Type: build_glossary
--- MESSAGES SENT ---
[
  {
    "role": "system",
    "content": ""
  },
  {
    "role": "user",
    "content": "chunk1"
  }
]
============================================================

==================== 2026-05-25 20:04:29.814 ====================
Task Type: build_glossary
--- MESSAGES SENT ---
[
  {
    "role": "system",
    "content": ""
  },
  {
    "role": "user",
    "content": "chunk1"
  }
]
--- RESPONSE RECEIVED ---
```json
[{"term": "test"}]
```
============================================================

==================== 2026-05-25 20:04:29.882 ====================
Task Type: translate_block_chunked
--- MESSAGES SENT ---
[
  {
    "role": "system",
    "content": "sys"
  },
  {
    "role": "user",
    "content": "user"
  }
]
============================================================

==================== 2026-05-25 20:04:29.882 ====================
Task Type: translate_block_chunked
--- MESSAGES SENT ---
[
  {
    "role": "system",
    "content": "sys"
  },
  {
    "role": "user",
    "content": "user"
  }
]
--- RESPONSE RECEIVED ---
{"translated_strings": ["TransA"]}
============================================================

==================== 2026-05-25 20:04:30.006 ====================
Task Type: chat_message_stream
--- MESSAGES SENT ---
[
  {
    "role": "user",
    "content": "hi"
  }
]
============================================================

==================== 2026-05-25 20:04:30.006 ====================
Task Type: chat_message_stream
--- MESSAGES SENT ---
[
  {
    "role": "user",
    "content": "hi"
  }
]
--- RESPONSE RECEIVED ---
response
============================================================

==================== 2026-05-25 20:04:30.176 ====================
Task Type: chat_message
--- MESSAGES SENT ---
[
  {
    "role": "user"
  }
]
============================================================

==================== 2026-05-25 20:04:30.177 ====================
Task Type: chat_message
--- MESSAGES SENT ---
[
  {
    "role": "user"
  }
]
--- RESPONSE RECEIVED ---
response
============================================================

